-- phpMyAdmin SQL Dump
-- version 4.7.4
-- https://www.phpmyadmin.net/
--
-- Host: localhost
-- Generation Time: Nov 30, 2017 at 02:32 AM
-- Server version: 10.1.28-MariaDB
-- PHP Version: 7.0.24

SET SQL_MODE = "NO_AUTO_VALUE_ON_ZERO";
SET AUTOCOMMIT = 0;
START TRANSACTION;
SET time_zone = "+00:00";


/*!40101 SET @OLD_CHARACTER_SET_CLIENT=@@CHARACTER_SET_CLIENT */;
/*!40101 SET @OLD_CHARACTER_SET_RESULTS=@@CHARACTER_SET_RESULTS */;
/*!40101 SET @OLD_COLLATION_CONNECTION=@@COLLATION_CONNECTION */;
/*!40101 SET NAMES utf8mb4 */;

--
-- Database: `ew`
--
DROP Database IF EXISTS ew;
CREATE Database IF NOT EXISTS ew;

USE ew;
-- --------------------------------------------------------

--
-- Table structure for table `address_tbl`
--

CREATE TABLE `address_tbl` (
  `AddID` int(11) NOT NULL,
  `UserID` int(11) NOT NULL,
  `Add1` varchar(100) NOT NULL,
  `Add2` varchar(100) NOT NULL,
  `City` varchar(50) NOT NULL,
  `State` varchar(50) NOT NULL,
  `Zipcode` varchar(50) NOT NULL,
  `Country` varchar(100) NOT NULL
) ENGINE=InnoDB DEFAULT CHARSET=latin1;

--
-- Dumping data for table `address_tbl`
--

INSERT INTO `address_tbl` (`AddID`, `UserID`, `Add1`, `Add2`, `City`, `State`, `Zipcode`, `Country`) VALUES
(1, 29, '47 Hermina Center', 'Sundown', 'Dayton', 'Ohio', '45432', 'United States'),
(2, 161, '311 Scott Way', 'Sachtjen', 'New York City', 'New York', '10105', 'United States'),
(3, 174, '55058 Merrick Way', 'Meadow Ridge', 'Syracuse', 'New York', '13210', 'United States'),
(4, 152, '91 Butternut Court', 'Sage', 'Tulsa', 'Oklahoma', '74184', 'United States'),
(5, 52, '902 Dapin Terrace', '8th', 'Bradenton', 'Florida', '34210', 'United States'),
(6, 127, '53642 Hovde Lane', 'Coolidge', 'Grand Rapids', 'Michigan', '49518', 'United States'),
(7, 33, '77507 Clyde Gallagher Plaza', 'Acker', 'Beaufort', 'South Carolina', '29905', 'United States'),
(8, 71, '0 High Crossing Junction', 'Maple', 'Saint Louis', 'Missouri', '63180', 'United States'),
(9, 197, '103 Upham Trail', 'Merchant', 'North Las Vegas', 'Nevada', '89036', 'United States'),
(10, 113, '05793 Ruskin Street', 'Emmet', 'Concord', 'California', '94522', 'United States'),
(11, 44, '26 Macpherson Drive', 'Arkansas', 'San Francisco', 'California', '94169', 'United States'),
(12, 96, '90 Sachs Center', 'Loftsgordon', 'El Paso', 'Texas', '79984', 'United States'),
(13, 137, '5 Oakridge Place', 'Northview', 'Decatur', 'Georgia', '30033', 'United States'),
(14, 102, '3253 Burrows Pass', 'Fairview', 'Washington', 'District of Columbia', '20220', 'United States'),
(15, 94, '7 Westend Trail', 'Lyons', 'Dallas', 'Texas', '75392', 'United States'),
(16, 53, '189 Independence Hill', 'Di Loreto', 'Minneapolis', 'Minnesota', '55407', 'United States'),
(17, 84, '144 3rd Park', 'Manitowish', 'Winston Salem', 'North Carolina', '27105', 'United States'),
(18, 164, '6 3rd Street', 'Granby', 'El Paso', 'Texas', '79916', 'United States'),
(19, 52, '1 Heath Place', 'Grayhawk', 'Boise', 'Idaho', '83727', 'United States'),
(20, 178, '26650 Hanson Junction', 'Welch', 'Denver', 'Colorado', '80223', 'United States'),
(21, 133, '8 Canary Drive', 'Chinook', 'Brooklyn', 'New York', '11225', 'United States'),
(22, 179, '17 Nevada Trail', 'Helena', 'Newark', 'New Jersey', '07188', 'United States'),
(23, 79, '774 Texas Court', 'Bayside', 'Fort Myers', 'Florida', '33906', 'United States'),
(24, 147, '63 Grasskamp Point', 'Nobel', 'Glendale', 'Arizona', '85311', 'United States'),
(25, 153, '784 Gateway Crossing', 'Anthes', 'Tulsa', 'Oklahoma', '74184', 'United States'),
(26, 22, '12 Stang Crossing', 'Monica', 'Brooklyn', 'New York', '11215', 'United States'),
(27, 51, '4 Steensland Alley', 'Rusk', 'Augusta', 'Georgia', '30911', 'United States'),
(28, 10, '9749 Sunfield Circle', 'Novick', 'Saint Paul', 'Minnesota', '55115', 'United States'),
(29, 59, '23 Sunnyside Road', 'Mallard', 'New York City', 'New York', '10034', 'United States'),
(30, 13, '008 5th Street', 'Menomonie', 'Wilkes Barre', 'Pennsylvania', '18706', 'United States'),
(31, 53, '3 Birchwood Parkway', 'Truax', 'New York City', 'New York', '10009', 'United States'),
(32, 28, '4 Hovde Circle', 'Westridge', 'Tacoma', 'Washington', '98424', 'United States'),
(33, 126, '905 Golden Leaf Crossing', 'Harbort', 'Danbury', 'Connecticut', '06816', 'United States'),
(34, 102, '93938 Debra Place', 'Prentice', 'Peoria', 'Illinois', '61605', 'United States'),
(35, 101, '7153 Del Sol Drive', 'Dottie', 'Chicago', 'Illinois', '60630', 'United States'),
(36, 25, '19 Stone Corner Place', 'Crest Line', 'Madison', 'Wisconsin', '53705', 'United States'),
(37, 4, '95 Eastwood Point', 'Eagan', 'San Diego', 'California', '92170', 'United States'),
(38, 6, '77 Rigney Court', 'Dakota', 'Baltimore', 'Maryland', '21275', 'United States'),
(39, 182, '28808 Mandrake Drive', 'Vermont', 'Torrance', 'California', '90510', 'United States'),
(40, 15, '3 East Junction', 'Monica', 'Tulsa', 'Oklahoma', '74103', 'United States'),
(41, 143, '87699 Darwin Junction', 'Farwell', 'Tyler', 'Texas', '75705', 'United States'),
(42, 31, '63658 Ohio Trail', 'Oak', 'Glendale', 'Arizona', '85305', 'United States'),
(43, 27, '7553 Sommers Plaza', '4th', 'Dallas', 'Texas', '75221', 'United States'),
(44, 142, '2029 Pierstorff Lane', 'Gerald', 'Buffalo', 'New York', '14233', 'United States'),
(45, 136, '3696 Northridge Point', 'Melvin', 'Virginia Beach', 'Virginia', '23459', 'United States'),
(46, 90, '92 Upham Terrace', 'Briar Crest', 'Grand Rapids', 'Michigan', '49505', 'United States'),
(47, 30, '65 Pawling Court', 'Fairview', 'Newark', 'New Jersey', '07188', 'United States'),
(48, 178, '279 Cambridge Center', 'Hanson', 'Orlando', 'Florida', '32803', 'United States'),
(49, 117, '87 Lillian Lane', 'Banding', 'Birmingham', 'Alabama', '35279', 'United States'),
(50, 119, '49667 Ludington Junction', 'Packers', 'Hialeah', 'Florida', '33018', 'United States'),
(51, 1, '3 Mosinee Alley', 'Bay', 'Seattle', 'Washington', '98121', 'United States'),
(52, 169, '6277 1st Junction', 'Huxley', 'Knoxville', 'Tennessee', '37939', 'United States'),
(53, 121, '00573 Everett Place', 'Butternut', 'El Paso', 'Texas', '88574', 'United States'),
(54, 162, '92074 Linden Circle', 'Kennedy', 'Memphis', 'Tennessee', '38104', 'United States'),
(55, 37, '6306 Kim Junction', 'Cascade', 'Shreveport', 'Louisiana', '71130', 'United States'),
(56, 34, '416 Artisan Junction', 'Bluestem', 'Chicago', 'Illinois', '60652', 'United States'),
(57, 12, '0 Cody Trail', 'Myrtle', 'Corpus Christi', 'Texas', '78475', 'United States'),
(58, 20, '5 Donald Parkway', 'Melody', 'Pueblo', 'Colorado', '81005', 'United States'),
(59, 67, '152 Packers Lane', 'Moulton', 'Washington', 'District of Columbia', '20226', 'United States'),
(60, 69, '06 Straubel Pass', 'Northport', 'Hayward', 'California', '94544', 'United States'),
(61, 49, '4 Paget Center', 'Valley Edge', 'Tulsa', 'Oklahoma', '74108', 'United States'),
(62, 42, '43 Northview Way', 'Gina', 'Santa Fe', 'New Mexico', '87592', 'United States'),
(63, 85, '9 Vermont Way', 'Onsgard', 'Bismarck', 'North Dakota', '58505', 'United States'),
(64, 102, '141 Dapin Road', 'Esker', 'Worcester', 'Massachusetts', '01654', 'United States'),
(65, 109, '73654 Cardinal Terrace', 'Pennsylvania', 'Phoenix', 'Arizona', '85099', 'United States'),
(66, 200, '93 Fulton Place', 'Twin Pines', 'Shreveport', 'Louisiana', '71151', 'United States'),
(67, 190, '38 Helena Circle', 'Arrowood', 'Houston', 'Texas', '77080', 'United States'),
(68, 183, '2240 Knutson Road', 'Washington', 'Pittsburgh', 'Pennsylvania', '15240', 'United States'),
(69, 19, '257 Reindahl Pass', 'American Ash', 'Pinellas Park', 'Florida', '34665', 'United States'),
(70, 135, '702 Doe Crossing Road', 'Sutherland', 'Scranton', 'Pennsylvania', '18505', 'United States'),
(71, 183, '25 Hauk Alley', 'Anhalt', 'Corona', 'California', '92883', 'United States'),
(72, 45, '5017 Spaight Circle', 'Claremont', 'Memphis', 'Tennessee', '38126', 'United States'),
(73, 166, '701 Old Shore Trail', 'Transport', 'Tampa', 'Florida', '33610', 'United States'),
(74, 54, '1 Pond Terrace', 'Linden', 'Atlanta', 'Georgia', '30301', 'United States'),
(75, 1, '872 Blue Bill Park Street', 'Dixon', 'Dayton', 'Ohio', '45454', 'United States'),
(76, 7, '3104 Springview Terrace', 'Bobwhite', 'Jackson', 'Mississippi', '39204', 'United States'),
(77, 111, '7 Carioca Junction', 'Longview', 'Shreveport', 'Louisiana', '71115', 'United States'),
(78, 193, '01094 Dexter Drive', 'Aberg', 'El Paso', 'Texas', '88589', 'United States'),
(79, 198, '106 Melrose Drive', 'Wayridge', 'Hollywood', 'Florida', '33023', 'United States'),
(80, 79, '089 Nobel Place', 'Schurz', 'Charleston', 'West Virginia', '25336', 'United States'),
(81, 68, '582 Vernon Center', 'Autumn Leaf', 'Syracuse', 'New York', '13224', 'United States'),
(82, 144, '31661 Larry Crossing', 'Manley', 'Baton Rouge', 'Louisiana', '70810', 'United States'),
(83, 76, '023 Mallory Trail', 'Carioca', 'Fort Worth', 'Texas', '76134', 'United States'),
(84, 196, '3 Dahle Lane', 'Kedzie', 'Cambridge', 'Massachusetts', '02142', 'United States'),
(85, 14, '04683 Stuart Place', 'Michigan', 'Alpharetta', 'Georgia', '30022', 'United States'),
(86, 85, '93072 Waxwing Plaza', 'Petterle', 'Boston', 'Massachusetts', '02283', 'United States'),
(87, 168, '66848 Onsgard Parkway', 'Oakridge', 'Worcester', 'Massachusetts', '01605', 'United States'),
(88, 187, '34 Hermina Avenue', 'Dawn', 'Bradenton', 'Florida', '34210', 'United States'),
(89, 186, '53858 Lillian Center', 'Farragut', 'Lansing', 'Michigan', '48956', 'United States'),
(90, 178, '88973 Mandrake Trail', 'Forest Dale', 'Baton Rouge', 'Louisiana', '70883', 'United States'),
(91, 181, '10309 Prairieview Road', 'Cherokee', 'Atlanta', 'Georgia', '31165', 'United States'),
(92, 6, '45285 Pierstorff Avenue', 'Talisman', 'Charleston', 'South Carolina', '29403', 'United States'),
(93, 124, '85275 Sachs Parkway', 'Cherokee', 'Indianapolis', 'Indiana', '46247', 'United States'),
(94, 61, '6533 Hazelcrest Place', 'Park Meadow', 'Memphis', 'Tennessee', '38131', 'United States'),
(95, 116, '2496 Talmadge Court', 'Division', 'Saint Paul', 'Minnesota', '55123', 'United States'),
(96, 155, '19 Nelson Junction', 'Welch', 'Pensacola', 'Florida', '32595', 'United States'),
(97, 101, '8463 Moulton Crossing', 'Meadow Vale', 'Springfield', 'Illinois', '62723', 'United States'),
(98, 183, '1 Waubesa Way', 'Pleasure', 'Minneapolis', 'Minnesota', '55436', 'United States'),
(99, 5, '15 2nd Road', 'Carpenter', 'Chicago', 'Illinois', '60624', 'United States'),
(100, 182, '8 Pearson Lane', 'Burrows', 'Washington', 'District of Columbia', '20404', 'United States'),
(101, 23, '1 Thackeray Plaza', 'Jackson', 'Lakeland', 'Florida', '33805', 'United States'),
(102, 161, '434 Center Terrace', 'Utah', 'Seattle', 'Washington', '98158', 'United States'),
(103, 71, '9556 Alpine Junction', 'Autumn Leaf', 'Duluth', 'Georgia', '30195', 'United States'),
(104, 39, '86 Dawn Terrace', 'Canary', 'Lake Worth', 'Florida', '33462', 'United States'),
(105, 173, '095 Ronald Regan Alley', 'Tennyson', 'New York City', 'New York', '10280', 'United States'),
(106, 33, '5860 Fremont Place', 'Cody', 'Lancaster', 'Pennsylvania', '17622', 'United States'),
(107, 189, '25233 Esch Circle', 'Welch', 'El Paso', 'Texas', '79968', 'United States'),
(108, 46, '1 Muir Court', 'Hansons', 'Kingsport', 'Tennessee', '37665', 'United States'),
(109, 158, '35736 Ruskin Terrace', 'Glacier Hill', 'Milwaukee', 'Wisconsin', '53210', 'United States'),
(110, 90, '18 Bunker Hill Drive', 'Village Green', 'Los Angeles', 'California', '90025', 'United States'),
(111, 43, '24 Acker Circle', 'Sheridan', 'Tallahassee', 'Florida', '32399', 'United States'),
(112, 72, '341 Waubesa Lane', 'Ronald Regan', 'Kansas City', 'Missouri', '64114', 'United States'),
(113, 105, '3 Troy Parkway', 'Golf Course', 'Naples', 'Florida', '34102', 'United States'),
(114, 47, '58 Oak Point', 'Carberry', 'Naperville', 'Illinois', '60567', 'United States'),
(115, 87, '192 Nova Street', 'Transport', 'Beaumont', 'Texas', '77705', 'United States'),
(116, 10, '23507 Forster Way', 'Laurel', 'Wichita Falls', 'Texas', '76305', 'United States'),
(117, 160, '257 Monterey Place', 'Cherokee', 'Albuquerque', 'New Mexico', '87195', 'United States'),
(118, 155, '4 Fairview Alley', 'Forest', 'Portland', 'Oregon', '97286', 'United States'),
(119, 154, '91 Hayes Court', 'Hoffman', 'Chicago', 'Illinois', '60674', 'United States'),
(120, 159, '147 Starling Circle', 'Bobwhite', 'North Port', 'Florida', '34290', 'United States'),
(121, 56, '486 4th Way', 'Sunbrook', 'Indianapolis', 'Indiana', '46254', 'United States'),
(122, 131, '708 Twin Pines Avenue', 'Goodland', 'New Orleans', 'Louisiana', '70179', 'United States'),
(123, 153, '5787 Hazelcrest Place', 'Mandrake', 'Bradenton', 'Florida', '34210', 'United States'),
(124, 195, '81 Rusk Road', 'Warner', 'Sioux Falls', 'South Dakota', '57110', 'United States'),
(125, 52, '4360 North Alley', 'Burrows', 'Cleveland', 'Ohio', '44130', 'United States'),
(126, 172, '84 Kropf Way', 'Vahlen', 'Atlanta', 'Georgia', '30316', 'United States'),
(127, 50, '1 Bayside Place', 'Randy', 'Houston', 'Texas', '77020', 'United States'),
(128, 42, '49456 Mallory Parkway', 'Moose', 'Syracuse', 'New York', '13224', 'United States'),
(129, 62, '9998 Sachtjen Place', 'Merchant', 'Tallahassee', 'Florida', '32314', 'United States'),
(130, 176, '74745 Bayside Avenue', 'Monument', 'Sacramento', 'California', '95833', 'United States'),
(131, 191, '13 Kings Street', 'Lillian', 'El Paso', 'Texas', '88535', 'United States'),
(132, 166, '3 Coolidge Pass', 'Swallow', 'Washington', 'District of Columbia', '20414', 'United States'),
(133, 38, '91248 Holy Cross Park', 'Rockefeller', 'San Francisco', 'California', '94126', 'United States'),
(134, 123, '1 Packers Center', 'Welch', 'Fresno', 'California', '93794', 'United States'),
(135, 49, '6 Anzinger Road', 'Warner', 'Memphis', 'Tennessee', '38109', 'United States'),
(136, 200, '7797 Stephen Street', 'Ridge Oak', 'Erie', 'Pennsylvania', '16550', 'United States'),
(137, 94, '40332 Mcbride Center', 'Little Fleur', 'Indianapolis', 'Indiana', '46226', 'United States'),
(138, 124, '0 Swallow Crossing', 'Dapin', 'Salem', 'Oregon', '97312', 'United States'),
(139, 197, '8036 Maple Wood Plaza', 'Gina', 'Peoria', 'Illinois', '61656', 'United States'),
(140, 199, '4 Crescent Oaks Avenue', 'Spaight', 'Chula Vista', 'California', '91913', 'United States'),
(141, 32, '5 Butternut Trail', 'Aberg', 'Carlsbad', 'California', '92013', 'United States'),
(142, 31, '8 Loeprich Trail', 'Crescent Oaks', 'Tulsa', 'Oklahoma', '74108', 'United States'),
(143, 102, '9179 Montana Junction', 'Charing Cross', 'New York City', 'New York', '10110', 'United States'),
(144, 188, '7 Thompson Circle', 'Elgar', 'Dallas', 'Texas', '75287', 'United States'),
(145, 111, '65433 Acker Park', 'Crownhardt', 'Washington', 'District of Columbia', '20205', 'United States'),
(146, 30, '68 Amoth Park', 'Cherokee', 'Jackson', 'Mississippi', '39210', 'United States'),
(147, 141, '657 3rd Plaza', 'Ludington', 'Albuquerque', 'New Mexico', '87201', 'United States'),
(148, 44, '53911 Sutherland Alley', 'Walton', 'Detroit', 'Michigan', '48206', 'United States'),
(149, 180, '27 Muir Circle', 'Katie', 'Lansing', 'Michigan', '48956', 'United States'),
(150, 50, '0716 Derek Street', 'Myrtle', 'Huntington', 'West Virginia', '25726', 'United States'),
(151, 90, '762 Rusk Trail', 'Hansons', 'Berkeley', 'California', '94712', 'United States'),
(152, 183, '55266 Hauk Center', 'Farragut', 'Fresno', 'California', '93740', 'United States'),
(153, 98, '0111 Cardinal Hill', 'Sullivan', 'Huntington', 'West Virginia', '25770', 'United States'),
(154, 94, '67 Oxford Drive', 'Lukken', 'Waco', 'Texas', '76705', 'United States'),
(155, 175, '69 Golf Junction', 'Farwell', 'Oklahoma City', 'Oklahoma', '73109', 'United States'),
(156, 121, '4 Golden Leaf Street', 'Myrtle', 'Fort Wayne', 'Indiana', '46862', 'United States'),
(157, 179, '00 Marquette Road', 'Farragut', 'Washington', 'District of Columbia', '56944', 'United States'),
(158, 87, '91359 Lindbergh Way', 'Schurz', 'Sacramento', 'California', '94273', 'United States'),
(159, 190, '0 Ludington Alley', 'Barnett', 'Fort Lauderdale', 'Florida', '33305', 'United States'),
(160, 110, '47424 Doe Crossing Park', 'Banding', 'Miami', 'Florida', '33175', 'United States'),
(161, 119, '07 Crescent Oaks Road', 'Esker', 'Lancaster', 'California', '93584', 'United States'),
(162, 11, '75682 Vernon Lane', 'Orin', 'Atlanta', 'Georgia', '30351', 'United States'),
(163, 143, '51 Dexter Avenue', 'Goodland', 'Sioux City', 'Iowa', '51105', 'United States'),
(164, 72, '3 Clarendon Lane', 'Pennsylvania', 'Vancouver', 'Washington', '98664', 'United States'),
(165, 148, '98802 Little Fleur Junction', 'Butterfield', 'Lexington', 'Kentucky', '40505', 'United States'),
(166, 122, '92 Grover Pass', 'Londonderry', 'Houston', 'Texas', '77025', 'United States'),
(167, 126, '5 Linden Place', 'Almo', 'Chicago', 'Illinois', '60652', 'United States'),
(168, 54, '33882 Thackeray Alley', 'North', 'Shawnee Mission', 'Kansas', '66220', 'United States'),
(169, 109, '2652 Meadow Vale Street', 'Darwin', 'Louisville', 'Kentucky', '40287', 'United States'),
(170, 167, '23 Melby Lane', 'Lillian', 'Wilmington', 'Delaware', '19897', 'United States'),
(171, 114, '5640 Springs Park', 'Mifflin', 'San Antonio', 'Texas', '78255', 'United States'),
(172, 71, '43733 Montana Point', 'Russell', 'New Brunswick', 'New Jersey', '08922', 'United States'),
(173, 73, '90 Sugar Pass', 'Fremont', 'Chicago', 'Illinois', '60669', 'United States'),
(174, 118, '024 Lighthouse Bay Circle', 'Mayfield', 'Cleveland', 'Ohio', '44118', 'United States'),
(175, 80, '0 Westend Place', 'Warrior', 'Sioux Falls', 'South Dakota', '57188', 'United States'),
(176, 86, '17 Northfield Plaza', '8th', 'Miami', 'Florida', '33261', 'United States'),
(177, 50, '6 Granby Way', 'Eastlawn', 'Mobile', 'Alabama', '36689', 'United States'),
(178, 174, '01 Stone Corner Place', 'Old Gate', 'Young America', 'Minnesota', '55564', 'United States'),
(179, 185, '93 Old Shore Street', 'Dwight', 'Southfield', 'Michigan', '48076', 'United States'),
(180, 68, '0 Ludington Street', 'Dakota', 'El Paso', 'Texas', '88574', 'United States'),
(181, 21, '3 Corry Alley', 'Birchwood', 'New York City', 'New York', '10029', 'United States'),
(182, 117, '1 Red Cloud Drive', 'Miller', 'Sioux Falls', 'South Dakota', '57193', 'United States'),
(183, 105, '2734 Petterle Pass', 'Stephen', 'Peoria', 'Illinois', '61605', 'United States'),
(184, 196, '07496 Lyons Court', 'Westerfield', 'Silver Spring', 'Maryland', '20904', 'United States'),
(185, 133, '974 Fair Oaks Lane', 'Kropf', 'Pensacola', 'Florida', '32505', 'United States'),
(186, 185, '68816 Toban Drive', 'Westend', 'Glendale', 'California', '91210', 'United States'),
(187, 78, '76659 Upham Way', 'Center', 'Boca Raton', 'Florida', '33432', 'United States'),
(188, 194, '8 Milwaukee Street', 'Morning', 'Jacksonville', 'Florida', '32236', 'United States'),
(189, 160, '18 Bobwhite Avenue', 'Lotheville', 'Minneapolis', 'Minnesota', '55480', 'United States'),
(190, 136, '821 Hanson Circle', 'Mandrake', 'Milwaukee', 'Wisconsin', '53215', 'United States'),
(191, 1, '64755 Anhalt Place', 'Merry', 'Houston', 'Texas', '77255', 'United States'),
(192, 175, '17 Union Place', 'Moland', 'Pasadena', 'California', '91186', 'United States'),
(193, 183, '6135 Ridge Oak Road', 'Lyons', 'Ogden', 'Utah', '84403', 'United States'),
(194, 18, '7576 Farmco Terrace', 'Haas', 'Lakeland', 'Florida', '33805', 'United States'),
(195, 57, '0261 Mockingbird Street', 'Barnett', 'Houston', 'Texas', '77040', 'United States'),
(196, 51, '6 Johnson Terrace', 'Mendota', 'Bakersfield', 'California', '93305', 'United States'),
(197, 24, '253 Leroy Junction', 'Moulton', 'Albany', 'New York', '12262', 'United States'),
(198, 85, '794 Myrtle Lane', 'Manufacturers', 'Oklahoma City', 'Oklahoma', '73197', 'United States'),
(199, 182, '90909 Southridge Center', 'Arrowood', 'New York City', 'New York', '10110', 'United States'),
(200, 100, '9920 Westport Junction', 'Oak Valley', 'Miami', 'Florida', '33180', 'United States');

-- --------------------------------------------------------

--
-- Table structure for table `admin_tbl`
--

CREATE TABLE `admin_tbl` (
  `AdminID` int(11) NOT NULL,
  `FirstName` varchar(45) NOT NULL,
  `LastName` varchar(45) NOT NULL,
  `UserName` varchar(45) NOT NULL,
  `Email` varchar(45) NOT NULL,
  `Password` varchar(45) NOT NULL,
  `LastLogin` timestamp NOT NULL DEFAULT CURRENT_TIMESTAMP ON UPDATE CURRENT_TIMESTAMP,
  `Status` varchar(45) NOT NULL
) ENGINE=InnoDB DEFAULT CHARSET=latin1;

--
-- Dumping data for table `admin_tbl`
--

INSERT INTO `admin_tbl` (`AdminID`, `FirstName`, `LastName`, `UserName`, `Email`, `Password`, `LastLogin`, `Status`) VALUES
(1, 'Constance', 'Djorevic', 'cdjorevic0', 'cdjorevic0@ft.com', 'QOTyrc', '0000-00-00 00:00:00', 'false'),
(2, 'Teddy', 'Batram', 'tbatram1', 'tbatram1@independent.co.uk', 'NSlRbCB', '0000-00-00 00:00:00', 'true'),
(3, 'Stuart', 'Braidon', 'sbraidon2', 'sbraidon2@senate.gov', '99GS9So', '0000-00-00 00:00:00', 'true'),
(4, 'Garreth', 'Vowells', 'gvowells3', 'gvowells3@gravatar.com', 'N35N3DS', '0000-00-00 00:00:00', 'false'),
(5, 'Beatrice', 'Matiashvili', 'bmatiashvili4', 'bmatiashvili4@jalbum.net', 'G6lUa0J', '0000-00-00 00:00:00', 'false'),
(6, 'Latrina', 'Straun', 'lstraun5', 'lstraun5@samsung.com', 'kRSJPgPFPCma', '0000-00-00 00:00:00', 'false'),
(7, 'Celesta', 'Manthorpe', 'cmanthorpe6', 'cmanthorpe6@sogou.com', 'C5g1UWUsfD', '0000-00-00 00:00:00', 'false'),
(8, 'Cletis', 'Harraway', 'charraway7', 'charraway7@google.nl', '9Cw3S35xG', '0000-00-00 00:00:00', 'false'),
(9, 'Lauralee', 'Laherty', 'llaherty8', 'llaherty8@usatoday.com', 'jFN5xiu4otT', '0000-00-00 00:00:00', 'false'),
(10, 'Barbabas', 'Drezzer', 'bdrezzer9', 'bdrezzer9@oakley.com', 'o5JaHfn7W', '0000-00-00 00:00:00', 'false'),
(11, 'Claudianus', 'Woolstenholmes', 'cwoolstenholmesa', 'cwoolstenholmesa@geocities.jp', 'ynmuxj', '0000-00-00 00:00:00', 'true'),
(12, 'Guillermo', 'Shakespear', 'gshakespearb', 'gshakespearb@home.pl', '5N5VFja3', '0000-00-00 00:00:00', 'false'),
(13, 'Myriam', 'Pareman', 'mparemanc', 'mparemanc@t-online.de', 'XZ39Ck', '0000-00-00 00:00:00', 'true'),
(14, 'Angelina', 'Ramshaw', 'aramshawd', 'aramshawd@google.de', 'sZ1sebyZuI', '0000-00-00 00:00:00', 'true'),
(15, 'Stacey', 'Breeze', 'sbreezee', 'sbreezee@google.de', 'm7gr6gBQ', '0000-00-00 00:00:00', 'false'),
(16, 'Simone', 'Klehn', 'sklehnf', 'sklehnf@vkontakte.ru', 'QZ57tTy3f', '0000-00-00 00:00:00', 'true'),
(17, 'Nataline', 'Rosson', 'nrossong', 'nrossong@arstechnica.com', 'GvEgnS', '0000-00-00 00:00:00', 'true'),
(18, 'Ramon', 'Prosch', 'rproschh', 'rproschh@elpais.com', 'wE5xEfi', '0000-00-00 00:00:00', 'true'),
(19, 'Ruthy', 'Mabb', 'rmabbi', 'rmabbi@globo.com', 'NRCSTcKAxk7', '0000-00-00 00:00:00', 'true'),
(20, 'Cheslie', 'Goodredge', 'cgoodredgej', 'cgoodredgej@xrea.com', 'QJMgGi', '0000-00-00 00:00:00', 'true');

-- --------------------------------------------------------

--
-- Table structure for table `brand_tbl`
--

CREATE TABLE `brand_tbl` (
  `BrandID` int(11) NOT NULL,
  `BrandName` varchar(50) NOT NULL,
  `BrandRanking` int(11) DEFAULT '-1'
) ENGINE=InnoDB DEFAULT CHARSET=utf8;

--
-- Dumping data for table `brand_tbl`
--

INSERT INTO `brand_tbl` (`BrandID`, `BrandName`, `BrandRanking`) VALUES
(1, 'American Vintage', -1),
(2, 'Angel Dear', -1),
(3, 'Baby Cz', -1),
(4, 'Baby Luigi', -1),
(5, 'Bambino', -1),
(6, 'Busy Bees', -1),
(7, 'Carolina Zapf', -1),
(8, 'CPC', -1),
(9, 'CPC Design', -1),
(10, 'Dani', -1),
(11, 'Darcy Brown', -1),
(12, 'E Land', -1),
(13, 'Florence Eiseman', -1),
(14, 'Honest Company', -1),
(15, 'Issac Mizrahi', -1),
(16, 'Jeanine Johnsen', -1),
(17, 'Kissy Kissy', -1),
(18, 'Laran Ginha', -1),
(19, 'Laranjiha', -1),
(20, 'Larinjiha', -1),
(21, 'Lucky Brand', -1),
(22, 'Luigi Kids', -1),
(23, 'Margery Ellen', -1),
(24, 'Marniere', -1),
(25, 'Miss B', -1),
(26, 'Monteau Girl', -1),
(27, 'Nabee', -1),
(28, 'Nautica', -1),
(29, 'New Jammies', -1),
(30, 'Olian', -1),
(31, 'Oscar De La Renta', -1),
(32, 'Papo D Anjo', -1),
(33, 'Perit Bateau', -1),
(34, 'Petit Bateau', -1),
(35, 'Petit Bateu', -1),
(36, 'Rachel Riley', -1),
(37, 'Ralph Lauren', -1),
(38, 'Sara Louise', -1),
(39, 'Sarah Louise', -1),
(40, 'Stella Cove', -1),
(41, 'TF Laurence', -1),
(42, 'TF Lawrence', -1),
(43, 'Three Hearts', -1),
(44, 'Tommy Hilfiger', -1),
(45, 'Vineyard Vines', -1),
(46, 'test', -1);

-- --------------------------------------------------------

--
-- Table structure for table `child_tbl`
--

CREATE TABLE `child_tbl` (
  `ChildID` int(11) NOT NULL,
  `UserID` int(11) NOT NULL,
  `ChildFirstName` varchar(100) NOT NULL,
  `ChildMiddleName` varchar(100) NOT NULL,
  `ChildLastName` varchar(100) NOT NULL,
  `GenderID` int(11) NOT NULL,
  `Birthday` date NOT NULL,
  `TopSizeID` int(11) NOT NULL,
  `BottomSizeID` int(11) NOT NULL,
  `Plan` varchar(20) NOT NULL
) ENGINE=InnoDB DEFAULT CHARSET=utf8;

--
-- Dumping data for table `child_tbl`
--

INSERT INTO `child_tbl` (`ChildID`, `UserID`, `ChildFirstName`, `ChildMiddleName`, `ChildLastName`, `GenderID`, `Birthday`, `TopSizeID`, `BottomSizeID`, `Plan`) VALUES
(1, 182, 'Kelwin', 'Mann', 'Rubinsaft', 1, '0000-00-00', 14, 26, 'false'),
(2, 39, 'Goldie', 'McEvoy', 'Pressnell', 3, '0000-00-00', 29, 8, 'true'),
(3, 62, 'Panchito', 'Goolden', 'Piscopiello', 1, '0000-00-00', 28, 9, 'false'),
(4, 99, 'Salmon', 'McCoy', 'Huband', 1, '0000-00-00', 1, 33, 'false'),
(5, 23, 'Cordi', 'Newband', 'Darwin', 1, '0000-00-00', 34, 37, 'false'),
(6, 187, 'Casey', 'Proby', 'Klimschak', 1, '0000-00-00', 24, 12, 'false'),
(7, 137, 'Carrie', 'Pettyfer', 'Ludewig', 2, '0000-00-00', 16, 13, 'false'),
(8, 138, 'Yurik', 'Kniveton', 'Rohfsen', 1, '0000-00-00', 42, 30, 'false'),
(9, 101, 'Chadd', 'Knoles', 'Nevinson', 1, '0000-00-00', 5, 21, 'false'),
(10, 94, 'Felix', 'Rosindill', 'Inglesfield', 3, '0000-00-00', 22, 27, 'true'),
(11, 164, 'Celestina', 'Pennings', 'Fearnside', 3, '0000-00-00', 27, 29, 'true'),
(12, 186, 'Darryl', 'Orton', 'Oliver-Paull', 1, '0000-00-00', 33, 35, 'false'),
(13, 23, 'Patrizius', 'Dautry', 'Greguoli', 1, '0000-00-00', 37, 38, 'false'),
(14, 87, 'Bran', 'Denison', 'Thornbarrow', 2, '0000-00-00', 25, 17, 'true'),
(15, 97, 'Galvan', 'Kehir', 'Covotti', 1, '0000-00-00', 1, 12, 'true'),
(16, 41, 'Jacquenetta', 'Rickersey', 'Roussel', 1, '0000-00-00', 15, 13, 'false'),
(17, 13, 'Elfrieda', 'McKinnell', 'Ireland', 2, '0000-00-00', 23, 42, 'false'),
(18, 137, 'Jerome', 'Chaunce', 'Dawbury', 1, '0000-00-00', 37, 43, 'true'),
(19, 101, 'Cassandry', 'Povele', 'Redwing', 1, '0000-00-00', 41, 9, 'false'),
(20, 109, 'Ray', 'Garrick', 'Gulliver', 2, '0000-00-00', 23, 28, 'true'),
(21, 104, 'Fidel', 'Botte', 'Motherwell', 3, '0000-00-00', 41, 25, 'true'),
(22, 24, 'Federica', 'Marner', 'Tregidgo', 3, '0000-00-00', 8, 17, 'true'),
(23, 104, 'Cati', 'Vowden', 'Ashley', 2, '0000-00-00', 28, 12, 'true'),
(24, 129, 'Patric', 'Crosthwaite', 'Daoust', 1, '0000-00-00', 17, 35, 'true'),
(25, 104, 'Marieann', 'Edlington', 'Lettson', 2, '0000-00-00', 11, 17, 'true'),
(26, 59, 'Ardella', 'Egdale', 'Van der Brug', 1, '0000-00-00', 21, 21, 'false'),
(27, 45, 'Che', 'Emanuel', 'Raff', 3, '0000-00-00', 11, 35, 'true'),
(28, 86, 'Catha', 'Ropp', 'Scamerden', 1, '0000-00-00', 30, 11, 'true'),
(29, 68, 'Saxon', 'Rosengarten', 'Phythean', 1, '0000-00-00', 18, 4, 'true'),
(30, 38, 'Leyla', 'Birtle', 'Klewi', 1, '0000-00-00', 9, 10, 'false'),
(31, 59, 'Heather', 'Forstall', 'Skeath', 2, '0000-00-00', 37, 43, 'true'),
(32, 48, 'Ambur', 'Klosser', 'Beaument', 1, '0000-00-00', 26, 41, 'false'),
(33, 116, 'Gwendolin', 'Harder', 'Beeton', 2, '0000-00-00', 9, 27, 'false'),
(34, 147, 'Zara', 'Dunkinson', 'Leicester', 3, '0000-00-00', 22, 38, 'true'),
(35, 45, 'Maggee', 'Leicester', 'Hanson', 1, '0000-00-00', 3, 17, 'false'),
(36, 104, 'Charmaine', 'McAuslan', 'Torri', 1, '0000-00-00', 6, 28, 'true'),
(37, 68, 'Marietta', 'Tamblingson', 'Orviss', 1, '0000-00-00', 34, 17, 'false'),
(38, 104, 'Gradeigh', 'Griffiths', 'Lambden', 2, '0000-00-00', 21, 1, 'true'),
(39, 164, 'Glynda', 'Lockitt', 'Croshaw', 3, '0000-00-00', 40, 43, 'false'),
(40, 110, 'Rutherford', 'Petken', 'Lamble', 3, '0000-00-00', 20, 28, 'false'),
(41, 68, 'Cortie', 'Heintsch', 'Terrill', 1, '0000-00-00', 15, 23, 'true'),
(42, 192, 'Annemarie', 'Northern', 'Itscovitz', 3, '0000-00-00', 15, 11, 'true'),
(43, 18, 'Rurik', 'Manchester', 'Rableau', 3, '0000-00-00', 14, 29, 'true'),
(44, 71, 'Brett', 'Hanigan', 'Ellissen', 1, '0000-00-00', 39, 28, 'true'),
(45, 5, 'Theodore', 'Cawsy', 'Dumbrill', 1, '0000-00-00', 36, 10, 'false'),
(46, 19, 'Randi', 'Earlam', 'Scardifeild', 2, '0000-00-00', 26, 21, 'false'),
(47, 139, 'Leda', 'Black', 'Braund', 1, '0000-00-00', 17, 39, 'false'),
(48, 194, 'Alister', 'Vaun', 'Stitch', 3, '0000-00-00', 4, 41, 'false'),
(49, 161, 'Caresse', 'Le Breton', 'White', 3, '0000-00-00', 14, 29, 'true'),
(50, 192, 'Sari', 'Coxhead', 'Lunbech', 2, '0000-00-00', 24, 41, 'true'),
(51, 181, 'Rozamond', 'Spinas', 'Heatlie', 3, '0000-00-00', 23, 21, 'false'),
(52, 114, 'Jecho', 'Blumire', 'Sabati', 3, '0000-00-00', 11, 2, 'false'),
(53, 131, 'Shantee', 'Miranda', 'Coulston', 1, '0000-00-00', 35, 15, 'false'),
(54, 141, 'Isadore', 'Girone', 'Bleyman', 2, '0000-00-00', 21, 9, 'true'),
(55, 83, 'Alisander', 'Jakubovski', 'Switzer', 1, '0000-00-00', 33, 11, 'false'),
(56, 85, 'Cayla', 'Foddy', 'Renals', 2, '0000-00-00', 10, 36, 'true'),
(57, 39, 'Chastity', 'Seckington', 'Autry', 1, '0000-00-00', 17, 33, 'false'),
(58, 61, 'Mariquilla', 'Giovannini', 'Pilmer', 2, '0000-00-00', 23, 22, 'false'),
(59, 165, 'Claudius', 'Codner', 'Stiller', 3, '0000-00-00', 41, 34, 'false'),
(60, 45, 'Mersey', 'Smorthwaite', 'Brezlaw', 3, '0000-00-00', 18, 37, 'true'),
(61, 164, 'Cammy', 'Bahls', 'Durn', 3, '0000-00-00', 18, 33, 'false'),
(62, 16, 'Bobby', 'Ferryman', 'O\'Carmody', 1, '0000-00-00', 17, 33, 'false'),
(63, 136, 'Raoul', 'Broader', 'Whittock', 3, '0000-00-00', 16, 16, 'true'),
(64, 11, 'Candis', 'Karpinski', 'Tribbeck', 1, '0000-00-00', 14, 6, 'false'),
(65, 5, 'Menard', 'Caton', 'Harflete', 1, '0000-00-00', 36, 31, 'true'),
(66, 121, 'Owen', 'Hatchman', 'Ascrofte', 1, '0000-00-00', 7, 43, 'true'),
(67, 61, 'Lucila', 'Vondrak', 'Currin', 1, '0000-00-00', 26, 39, 'false'),
(68, 52, 'Foster', 'Pavie', 'Ratnege', 1, '0000-00-00', 40, 32, 'false'),
(69, 95, 'Lucretia', 'Goodered', 'Moggle', 3, '0000-00-00', 23, 5, 'false'),
(70, 123, 'Hillary', 'Spiby', 'Downton', 3, '0000-00-00', 21, 7, 'false'),
(71, 103, 'Almira', 'Siddeley', 'Maher', 3, '0000-00-00', 13, 10, 'true'),
(72, 187, 'Alaine', 'Flowith', 'Luetkemeyers', 3, '0000-00-00', 29, 32, 'false'),
(73, 83, 'Rik', 'Tomas', 'Belamy', 2, '0000-00-00', 5, 10, 'false'),
(74, 47, 'Grove', 'McGrotty', 'Hammerstone', 1, '0000-00-00', 1, 43, 'true'),
(75, 87, 'My', 'Hurton', 'Tomaszewski', 3, '0000-00-00', 7, 26, 'true'),
(76, 119, 'Vale', 'Caws', 'Pellamonuten', 1, '0000-00-00', 29, 15, 'false'),
(77, 163, 'Siouxie', 'Bavister', 'Karran', 2, '0000-00-00', 15, 37, 'true'),
(78, 28, 'Axe', 'Corselles', 'Jilkes', 3, '0000-00-00', 36, 2, 'true'),
(79, 12, 'Luciano', 'Croad', 'Constant', 2, '0000-00-00', 27, 11, 'false'),
(80, 94, 'Dimitry', 'Belton', 'Melladew', 3, '0000-00-00', 27, 14, 'true'),
(81, 196, 'Euphemia', 'Plenty', 'Kindon', 2, '0000-00-00', 20, 33, 'true'),
(82, 126, 'Lenci', 'Raggett', 'Clubley', 1, '0000-00-00', 18, 4, 'false'),
(83, 133, 'Harald', 'Reolfo', 'Metterick', 3, '0000-00-00', 36, 41, 'false'),
(84, 179, 'Torre', 'Daniely', 'Sanchez', 1, '0000-00-00', 18, 4, 'false'),
(85, 167, 'Zorine', 'Waulker', 'Dolman', 3, '0000-00-00', 2, 37, 'true'),
(86, 13, 'Ashely', 'Dysert', 'Colquhoun', 1, '0000-00-00', 23, 21, 'false'),
(87, 91, 'Myrwyn', 'Urian', 'Sorensen', 2, '0000-00-00', 38, 23, 'true'),
(88, 169, 'Kayle', 'Ivanchikov', 'Kettlesting', 3, '0000-00-00', 23, 41, 'false'),
(89, 151, 'Dalis', 'McVeagh', 'Killik', 2, '0000-00-00', 28, 20, 'false'),
(90, 84, 'Lonee', 'Loude', 'Millmoe', 1, '0000-00-00', 31, 3, 'true'),
(91, 68, 'Marshall', 'Jorissen', 'Bason', 3, '0000-00-00', 26, 39, 'false'),
(92, 65, 'Lurlene', 'Scamel', 'Gourley', 2, '0000-00-00', 36, 23, 'true'),
(93, 179, 'Viva', 'Carlon', 'Luttgert', 3, '0000-00-00', 32, 2, 'false'),
(94, 148, 'Emilie', 'Minmagh', 'Marthen', 2, '0000-00-00', 21, 25, 'true'),
(95, 5, 'Becki', 'Robun', 'Spadazzi', 2, '0000-00-00', 6, 43, 'true'),
(96, 25, 'Emelen', 'Lithgow', 'McPharlain', 1, '0000-00-00', 4, 7, 'true'),
(97, 119, 'Milton', 'Coupman', 'Jumeau', 2, '0000-00-00', 21, 23, 'false'),
(98, 17, 'Molli', 'McGloughlin', 'Abdon', 1, '0000-00-00', 37, 27, 'true'),
(99, 134, 'Darleen', 'Canter', 'Merveille', 3, '0000-00-00', 25, 17, 'true'),
(100, 174, 'Channa', 'Humble', 'Eddolls', 1, '0000-00-00', 33, 6, 'true'),
(101, 32, 'Bonnee', 'McKue', 'Fonteyne', 2, '0000-00-00', 31, 27, 'true'),
(102, 197, 'Nathanial', 'Sawfoot', 'Whatford', 2, '0000-00-00', 22, 26, 'true'),
(103, 8, 'Klarika', 'Gionettitti', 'Fist', 3, '0000-00-00', 40, 9, 'true'),
(104, 127, 'Pauletta', 'Suston', 'Alderson', 1, '0000-00-00', 33, 2, 'false'),
(105, 56, 'Windy', 'Sime', 'Bontoft', 3, '0000-00-00', 20, 2, 'false'),
(106, 87, 'Taddeo', 'Yurocjkin', 'Gaine', 1, '0000-00-00', 22, 36, 'false'),
(107, 86, 'Pietro', 'Gilding', 'Figliovanni', 2, '0000-00-00', 10, 37, 'true'),
(108, 139, 'Ginni', 'Trood', 'Weedall', 2, '0000-00-00', 37, 36, 'false'),
(109, 95, 'Zsa zsa', 'Pountain', 'Galbreath', 2, '0000-00-00', 41, 3, 'false'),
(110, 57, 'Feodora', 'Allcoat', 'Cromblehome', 2, '0000-00-00', 27, 33, 'true'),
(111, 30, 'Claribel', 'Ibbs', 'Delmonti', 2, '0000-00-00', 27, 17, 'false'),
(112, 38, 'Myer', 'Ricciardo', 'Fancourt', 1, '0000-00-00', 40, 25, 'false'),
(113, 118, 'Audre', 'Cranidge', 'Purdom', 2, '0000-00-00', 16, 31, 'true'),
(114, 113, 'Warren', 'Devinn', 'Dickie', 3, '0000-00-00', 13, 18, 'true'),
(115, 97, 'Giffard', 'Leidl', 'Totaro', 2, '0000-00-00', 35, 10, 'true'),
(116, 53, 'Sophey', 'Warrack', 'Degue', 1, '0000-00-00', 16, 21, 'false'),
(117, 9, 'Chip', 'Yeaman', 'Buesden', 1, '0000-00-00', 29, 2, 'true'),
(118, 58, 'Jeramey', 'Steely', 'Pieter', 3, '0000-00-00', 41, 8, 'false'),
(119, 185, 'Adan', 'Menary', 'Lanchester', 1, '0000-00-00', 6, 17, 'true'),
(120, 86, 'Gayle', 'Ramsbottom', 'Luckham', 2, '0000-00-00', 16, 39, 'true'),
(121, 74, 'Saul', 'Bicksteth', 'Kingswold', 1, '0000-00-00', 4, 5, 'false'),
(122, 76, 'Christos', 'Dobrowolny', 'D\'Hooge', 3, '0000-00-00', 36, 8, 'false'),
(123, 44, 'Duff', 'Skipp', 'Fealty', 3, '0000-00-00', 5, 34, 'false'),
(124, 80, 'Guillaume', 'Renon', 'Lenton', 3, '0000-00-00', 24, 22, 'true'),
(125, 162, 'Jordan', 'Hollerin', 'Pehrsson', 2, '0000-00-00', 9, 20, 'false'),
(126, 56, 'Lilllie', 'Mustchin', 'Nicol', 3, '0000-00-00', 3, 39, 'true'),
(127, 168, 'Lauri', 'Waine', 'Rosberg', 3, '0000-00-00', 33, 42, 'false'),
(128, 76, 'Vivi', 'Kenworthey', 'Wigginton', 3, '0000-00-00', 38, 8, 'false'),
(129, 124, 'Araldo', 'Mattingley', 'Southway', 3, '0000-00-00', 13, 33, 'false'),
(130, 65, 'Henrie', 'Elnor', 'Domokos', 3, '0000-00-00', 2, 7, 'true'),
(131, 174, 'Kev', 'Nother', 'Reynold', 2, '0000-00-00', 4, 31, 'true'),
(132, 74, 'Niels', 'Glendenning', 'Benny', 1, '0000-00-00', 34, 26, 'true'),
(133, 173, 'Jeniffer', 'Leathlay', 'Candelin', 3, '0000-00-00', 22, 8, 'true'),
(134, 146, 'Emory', 'Divall', 'Scullion', 2, '0000-00-00', 29, 36, 'false'),
(135, 78, 'Jany', 'Bugby', 'Dranfield', 3, '0000-00-00', 12, 6, 'false'),
(136, 51, 'Marcel', 'Ohrtmann', 'Harce', 1, '0000-00-00', 2, 40, 'false'),
(137, 42, 'Amitie', 'Whitington', 'Abbotson', 2, '0000-00-00', 33, 15, 'false'),
(138, 55, 'Emelia', 'Chisholm', 'Hazard', 3, '0000-00-00', 37, 25, 'false'),
(139, 133, 'Cari', 'Sertin', 'Furst', 1, '0000-00-00', 12, 17, 'true'),
(140, 144, 'Jacobo', 'Rustman', 'Kordes', 3, '0000-00-00', 6, 13, 'true'),
(141, 145, 'Yetta', 'Atto', 'Ing', 2, '0000-00-00', 16, 35, 'true'),
(142, 194, 'Micheal', 'McCromley', 'Godfray', 1, '0000-00-00', 39, 34, 'true'),
(143, 66, 'Lorena', 'Mabson', 'Bagwell', 2, '0000-00-00', 11, 7, 'true'),
(144, 131, 'Elsworth', 'Penylton', 'Otto', 3, '0000-00-00', 19, 22, 'false'),
(145, 97, 'Murielle', 'Percy', 'Forsythe', 3, '0000-00-00', 42, 3, 'false'),
(146, 119, 'Cassius', 'Pearle', 'Whittaker', 1, '0000-00-00', 2, 26, 'true'),
(147, 135, 'Hamlin', 'Petrashov', 'Hylden', 2, '0000-00-00', 14, 29, 'false'),
(148, 83, 'Regine', 'Kenefick', 'Luna', 2, '0000-00-00', 24, 9, 'true'),
(149, 111, 'Georges', 'Halewood', 'Greneham', 1, '0000-00-00', 37, 6, 'true'),
(150, 61, 'Mattheus', 'Allitt', 'Barringer', 3, '0000-00-00', 41, 8, 'true'),
(151, 185, 'Herculie', 'Blampied', 'Lettice', 3, '0000-00-00', 14, 10, 'true'),
(152, 81, 'Cassondra', 'Meharry', 'Collymore', 2, '0000-00-00', 22, 26, 'false'),
(153, 115, 'Karine', 'Armour', 'Mazzia', 3, '0000-00-00', 25, 28, 'false'),
(154, 20, 'Gardy', 'Heigold', 'Fardell', 1, '0000-00-00', 29, 14, 'true'),
(155, 83, 'Sadella', 'Northgraves', 'Stoffers', 1, '0000-00-00', 7, 21, 'true'),
(156, 96, 'Olivero', 'Janaszkiewicz', 'Rosingdall', 3, '0000-00-00', 37, 14, 'false'),
(157, 5, 'Kay', 'Crolla', 'Smalley', 2, '0000-00-00', 30, 1, 'false'),
(158, 65, 'Barnaby', 'Samwaye', 'Calkin', 1, '0000-00-00', 43, 42, 'false'),
(159, 123, 'Manya', 'Coverlyn', 'Connock', 3, '0000-00-00', 14, 1, 'false'),
(160, 127, 'Waverley', 'Gisbourn', 'O\'Fearguise', 2, '0000-00-00', 15, 11, 'true'),
(161, 88, 'Nicolle', 'Murrie', 'Javes', 2, '0000-00-00', 14, 29, 'true'),
(162, 187, 'Haven', 'Stammer', 'Shevels', 1, '0000-00-00', 34, 15, 'false'),
(163, 65, 'Mabelle', 'Duthie', 'Heliot', 2, '0000-00-00', 3, 37, 'false'),
(164, 87, 'Norine', 'Ruben', 'Overlow', 2, '0000-00-00', 22, 8, 'true'),
(165, 199, 'Noam', 'Birmingham', 'Serot', 3, '0000-00-00', 31, 29, 'true'),
(166, 13, 'Karry', 'Bernette', 'Verillo', 2, '0000-00-00', 34, 1, 'false'),
(167, 26, 'Jamie', 'Treeby', 'Edy', 1, '0000-00-00', 10, 34, 'false'),
(168, 14, 'Shirline', 'Shearsby', 'Avery', 1, '0000-00-00', 12, 4, 'false'),
(169, 134, 'Dorothea', 'Parnall', 'Negri', 1, '0000-00-00', 32, 19, 'false'),
(170, 90, 'Alfredo', 'Shiels', 'Brabender', 1, '0000-00-00', 17, 40, 'true'),
(171, 5, 'Elga', 'Ledrane', 'Martinuzzi', 2, '0000-00-00', 26, 26, 'false'),
(172, 195, 'Gloriana', 'Handasyde', 'Attreed', 3, '0000-00-00', 21, 9, 'false'),
(173, 183, 'Alyosha', 'Nugent', 'Harding', 3, '0000-00-00', 36, 3, 'false'),
(174, 91, 'Alicia', 'Rivers', 'Maren', 1, '0000-00-00', 14, 26, 'false'),
(175, 107, 'Luciano', 'Oleszkiewicz', 'Bointon', 3, '0000-00-00', 8, 4, 'false'),
(176, 190, 'Carola', 'Cranmore', 'Lebarree', 1, '0000-00-00', 28, 35, 'false'),
(177, 159, 'Dennie', 'Balser', 'Pinn', 3, '0000-00-00', 25, 17, 'false'),
(178, 154, 'Denny', 'Gashion', 'McElhargy', 1, '0000-00-00', 6, 16, 'false'),
(179, 23, 'Marie', 'Keeton', 'Bremmer', 3, '0000-00-00', 38, 16, 'false'),
(180, 169, 'Laney', 'Elgey', 'Jardein', 3, '0000-00-00', 7, 30, 'true'),
(181, 147, 'Cathyleen', 'Gayden', 'Dunsford', 3, '0000-00-00', 25, 41, 'false'),
(182, 41, 'Tyrone', 'Driscoll', 'Pearman', 1, '0000-00-00', 31, 42, 'false'),
(183, 122, 'Winifield', 'Melladew', 'Foale', 2, '0000-00-00', 12, 22, 'true'),
(184, 28, 'Pembroke', 'Brunsen', 'Tuohy', 1, '0000-00-00', 1, 34, 'false'),
(185, 50, 'Royce', 'Babst', 'Lyte', 1, '0000-00-00', 18, 4, 'false'),
(186, 16, 'Kata', 'Eakley', 'Gerritsma', 2, '0000-00-00', 16, 25, 'true'),
(187, 184, 'Chad', 'Heppner', 'Keyte', 1, '0000-00-00', 14, 25, 'true'),
(188, 11, 'Dorian', 'de Savery', 'Ryder', 2, '0000-00-00', 7, 19, 'true'),
(189, 64, 'Collette', 'Twede', 'Timmons', 1, '0000-00-00', 3, 29, 'false'),
(190, 154, 'Gabrielle', 'Bantock', 'Meddings', 3, '0000-00-00', 39, 2, 'false'),
(191, 13, 'Ardelia', 'Jantot', 'Bairnsfather', 2, '0000-00-00', 21, 21, 'true'),
(192, 178, 'Mada', 'Petrosian', 'Peterson', 1, '0000-00-00', 12, 36, 'false'),
(193, 185, 'Almeta', 'Scapelhorn', 'Stag', 2, '0000-00-00', 38, 37, 'false'),
(194, 79, 'Frederico', 'McKeaveney', 'Alejandro', 2, '0000-00-00', 39, 36, 'false'),
(195, 24, 'Ninnetta', 'Wissby', 'Bogey', 1, '0000-00-00', 41, 35, 'false'),
(196, 121, 'Lidia', 'Amburgy', 'Holtaway', 2, '0000-00-00', 27, 41, 'false'),
(197, 108, 'Ernie', 'Lissemore', 'Boal', 1, '0000-00-00', 8, 9, 'false'),
(198, 166, 'Davin', 'Rennebeck', 'Cromb', 2, '0000-00-00', 6, 26, 'false'),
(199, 59, 'Ketti', 'Rizon', 'MacGowing', 1, '0000-00-00', 3, 6, 'true'),
(200, 64, 'Rem', 'Broek', 'Shemmin', 3, '0000-00-00', 26, 23, 'true'),
(201, 57, 'Frannie', 'Nevill', 'Beldum', 3, '0000-00-00', 34, 42, 'true'),
(202, 190, 'Justinn', 'Faulder', 'Irons', 1, '0000-00-00', 40, 5, 'true'),
(203, 124, 'Willabella', 'Danels', 'McGinny', 3, '0000-00-00', 7, 25, 'false'),
(204, 74, 'Marilee', 'Bresnahan', 'Weond', 3, '0000-00-00', 27, 40, 'false'),
(205, 83, 'Wanids', 'Heinrich', 'Pochin', 1, '0000-00-00', 35, 33, 'false'),
(206, 137, 'Ewart', 'Loseke', 'Josef', 2, '0000-00-00', 2, 35, 'false'),
(207, 124, 'Claudette', 'Holligan', 'Keeler', 3, '0000-00-00', 34, 22, 'false'),
(208, 114, 'Katti', 'Ashforth', 'Deerr', 2, '0000-00-00', 38, 21, 'false'),
(209, 72, 'Ricki', 'Parminter', 'Brendish', 3, '0000-00-00', 28, 16, 'false'),
(210, 190, 'Junette', 'Gerrets', 'Chidgey', 3, '0000-00-00', 8, 13, 'false'),
(211, 79, 'Sonnie', 'Denys', 'Yair', 2, '0000-00-00', 11, 9, 'true'),
(212, 5, 'Ros', 'O\'Currine', 'Landsbury', 1, '0000-00-00', 24, 18, 'false'),
(213, 198, 'Ulrich', 'Figgins', 'Mucci', 2, '0000-00-00', 33, 10, 'false'),
(214, 131, 'Bidget', 'Easseby', 'Northgraves', 2, '0000-00-00', 2, 36, 'true'),
(215, 37, 'Rorie', 'Devigne', 'Ramet', 3, '0000-00-00', 39, 13, 'false'),
(216, 98, 'Tallie', 'Cutford', 'Lathaye', 1, '0000-00-00', 34, 31, 'false'),
(217, 137, 'Janos', 'Duncan', 'Dallywater', 1, '0000-00-00', 2, 30, 'false'),
(218, 198, 'Celene', 'Thys', 'Abdy', 1, '0000-00-00', 42, 42, 'false'),
(219, 154, 'Barrie', 'Wimbridge', 'Laban', 1, '0000-00-00', 1, 22, 'true'),
(220, 157, 'Harriot', 'Leithgoe', 'Slimming', 3, '0000-00-00', 43, 4, 'true'),
(221, 62, 'Katheryn', 'Cuseick', 'Henriksson', 1, '0000-00-00', 19, 30, 'true'),
(222, 83, 'Courtney', 'Yersin', 'Rought', 2, '0000-00-00', 3, 12, 'true'),
(223, 86, 'Eulalie', 'Ambrosetti', 'Cudmore', 1, '0000-00-00', 43, 6, 'true'),
(224, 199, 'Norbert', 'Mogra', 'Dominec', 1, '0000-00-00', 41, 18, 'false'),
(225, 117, 'Rollins', 'Rennolds', 'Elliott', 1, '0000-00-00', 33, 25, 'true'),
(226, 112, 'Frederich', 'Grimolbie', 'Lowder', 3, '0000-00-00', 24, 25, 'true'),
(227, 83, 'Miles', 'Flynn', 'Bratt', 1, '0000-00-00', 13, 13, 'false'),
(228, 160, 'Bald', 'Dewan', 'Jager', 3, '0000-00-00', 23, 7, 'false'),
(229, 182, 'Bea', 'Bartul', 'Yarrington', 2, '0000-00-00', 2, 25, 'false'),
(230, 121, 'Frederica', 'Sergant', 'Ivashintsov', 3, '0000-00-00', 19, 8, 'false'),
(231, 152, 'Vinnie', 'Kipling', 'Ashbolt', 2, '0000-00-00', 34, 19, 'false'),
(232, 28, 'Tommy', 'Venour', 'Vittery', 3, '0000-00-00', 30, 8, 'false'),
(233, 168, 'Viola', 'Hatliffe', 'Kingcott', 3, '0000-00-00', 35, 41, 'false'),
(234, 84, 'Karia', 'Novotna', 'Edgeworth', 2, '0000-00-00', 21, 2, 'false'),
(235, 160, 'Reggis', 'Bleeze', 'Marrow', 2, '0000-00-00', 33, 4, 'true'),
(236, 72, 'Verina', 'Kiehl', 'Triggle', 3, '0000-00-00', 23, 43, 'true'),
(237, 98, 'Donielle', 'Gawkes', 'Stanwix', 3, '0000-00-00', 8, 20, 'true'),
(238, 137, 'Donal', 'Carbonell', 'Pridding', 1, '0000-00-00', 16, 33, 'true'),
(239, 45, 'Gordy', 'Hallums', 'Danzey', 2, '0000-00-00', 20, 19, 'false'),
(240, 185, 'Ethelin', 'Moroney', 'Bernardez', 2, '0000-00-00', 28, 38, 'true'),
(241, 176, 'Sterling', 'Charters', 'Mylan', 1, '0000-00-00', 13, 32, 'false'),
(242, 118, 'Cherish', 'Gillio', 'Bassindale', 1, '0000-00-00', 15, 16, 'false'),
(243, 88, 'Myrle', 'Juden', 'Hubbock', 2, '0000-00-00', 40, 17, 'true'),
(244, 196, 'Jeanie', 'Scarffe', 'Sperrett', 3, '0000-00-00', 9, 43, 'false'),
(245, 177, 'Stillman', 'Kubik', 'Winch', 2, '0000-00-00', 12, 35, 'true'),
(246, 6, 'Michal', 'Stollberger', 'Winkett', 2, '0000-00-00', 15, 34, 'false'),
(247, 72, 'Alaine', 'Riddle', 'Kyndred', 1, '0000-00-00', 7, 15, 'true'),
(248, 91, 'Henrieta', 'Petricek', 'Van der Kruis', 2, '0000-00-00', 9, 15, 'false'),
(249, 79, 'Klemens', 'Kettridge', 'MacFayden', 1, '0000-00-00', 24, 33, 'false'),
(250, 172, 'Marsh', 'Scamp', 'Rush', 3, '0000-00-00', 4, 10, 'true'),
(251, 15, 'Natalie', 'Drohane', 'Court', 2, '0000-00-00', 22, 1, 'true'),
(252, 168, 'Gloriana', 'Stirman', 'Bearham', 3, '0000-00-00', 30, 30, 'false'),
(253, 49, 'Isidoro', 'Barff', 'Ayers', 3, '0000-00-00', 29, 24, 'false'),
(254, 72, 'Farra', 'Schutte', 'Poynton', 2, '0000-00-00', 7, 25, 'true'),
(255, 156, 'Bunnie', 'Dilleston', 'Easson', 1, '0000-00-00', 12, 5, 'true'),
(256, 55, 'Barnie', 'Pawling', 'Ebbens', 3, '0000-00-00', 24, 5, 'false'),
(257, 170, 'Delcina', 'Vanichkin', 'Morstatt', 2, '0000-00-00', 12, 31, 'false'),
(258, 56, 'Cari', 'Leaver', 'Bucknell', 2, '0000-00-00', 33, 7, 'false'),
(259, 155, 'Gael', 'Lynagh', 'Plaistowe', 1, '0000-00-00', 18, 28, 'true'),
(260, 1, 'Felice', 'McGiff', 'Harness', 2, '0000-00-00', 14, 27, 'true'),
(261, 138, 'Leonhard', 'Kinnerley', 'Papps', 2, '0000-00-00', 39, 2, 'false'),
(262, 86, 'Greggory', 'Beran', 'Mundy', 1, '0000-00-00', 19, 17, 'true'),
(263, 95, 'Chrisy', 'Ottley', 'Domel', 3, '0000-00-00', 22, 5, 'false'),
(264, 47, 'Harvey', 'Javes', 'Walne', 2, '0000-00-00', 24, 30, 'false'),
(265, 123, 'Trip', 'Merrick', 'Occleshaw', 1, '0000-00-00', 24, 13, 'false'),
(266, 16, 'Collete', 'Ingledow', 'Schrieves', 1, '0000-00-00', 18, 41, 'true'),
(267, 188, 'Butch', 'Ovendale', 'Minchin', 3, '0000-00-00', 12, 42, 'true'),
(268, 126, 'Tessi', 'Blanchet', 'Peniello', 1, '0000-00-00', 40, 29, 'true'),
(269, 21, 'Lyle', 'Silveston', 'Corbin', 2, '0000-00-00', 1, 26, 'true'),
(270, 77, 'Arny', 'Essam', 'Haine', 1, '0000-00-00', 11, 10, 'false'),
(271, 106, 'Arman', 'Fer', 'Redrup', 1, '0000-00-00', 21, 15, 'true'),
(272, 183, 'Halie', 'Fairhead', 'Gelling', 3, '0000-00-00', 16, 15, 'false'),
(273, 77, 'Haydon', 'Treamayne', 'Myrick', 1, '0000-00-00', 20, 25, 'true'),
(274, 147, 'Birch', 'Sanday', 'Creany', 3, '0000-00-00', 7, 8, 'true'),
(275, 106, 'Jemie', 'Pegram', 'Wittleton', 3, '0000-00-00', 1, 12, 'true'),
(276, 99, 'Moore', 'Vittore', 'Akett', 2, '0000-00-00', 24, 17, 'false'),
(277, 63, 'Eduard', 'Hainning', 'Kibby', 1, '0000-00-00', 12, 24, 'false'),
(278, 127, 'Bevin', 'Fever', 'Eede', 3, '0000-00-00', 33, 39, 'true'),
(279, 61, 'Laryssa', 'Prudham', 'Macauley', 3, '0000-00-00', 40, 40, 'false'),
(280, 85, 'Manda', 'Askwith', 'Prest', 1, '0000-00-00', 5, 28, 'false'),
(281, 100, 'Lucien', 'Verma', 'Watmough', 3, '0000-00-00', 19, 3, 'false'),
(282, 185, 'Bathsheba', 'Coushe', 'Offield', 2, '0000-00-00', 43, 5, 'true'),
(283, 177, 'Demetre', 'Northen', 'Rizziello', 2, '0000-00-00', 40, 39, 'true'),
(284, 175, 'Darrel', 'De Cristofalo', 'Leon', 3, '0000-00-00', 20, 19, 'true'),
(285, 180, 'Bobina', 'Snalum', 'Schumacher', 1, '0000-00-00', 9, 31, 'false'),
(286, 21, 'Ryan', 'Kernaghan', 'Puttick', 1, '0000-00-00', 32, 22, 'true'),
(287, 190, 'Andrea', 'Talman', 'Giacobbo', 3, '0000-00-00', 24, 24, 'true'),
(288, 34, 'Kirk', 'Menlow', 'Thaxton', 3, '0000-00-00', 14, 34, 'true'),
(289, 167, 'Hillary', 'Twinterman', 'Toseland', 1, '0000-00-00', 2, 42, 'false'),
(290, 16, 'Kristan', 'Robertshaw', 'O\'Scanlan', 2, '0000-00-00', 25, 17, 'true'),
(291, 48, 'Genny', 'Tibald', 'Malec', 1, '0000-00-00', 8, 18, 'false'),
(292, 83, 'Abagail', 'Sowle', 'Ferraro', 2, '0000-00-00', 5, 3, 'true'),
(293, 87, 'Maxy', 'Robertis', 'Snape', 3, '0000-00-00', 27, 14, 'true'),
(294, 2, 'Jacob', 'Kulvear', 'Boothe', 2, '0000-00-00', 12, 37, 'true'),
(295, 133, 'Kaleena', 'Willets', 'Littrick', 3, '0000-00-00', 15, 16, 'true'),
(296, 46, 'Demeter', 'Lace', 'Soreau', 2, '0000-00-00', 30, 23, 'false'),
(297, 46, 'Jaquenetta', 'MacKenzie', 'Olivetti', 3, '0000-00-00', 6, 20, 'false'),
(298, 155, 'Hardy', 'Rookledge', 'Fritchley', 1, '0000-00-00', 11, 22, 'true'),
(299, 193, 'Nancy', 'Stiggers', 'Stiff', 1, '0000-00-00', 29, 13, 'false'),
(300, 48, 'Riccardo', 'Oram', 'McFarland', 2, '0000-00-00', 35, 9, 'true'),
(301, 122, 'Massimiliano', 'Feldmann', 'Freak', 2, '0000-00-00', 9, 23, 'false'),
(302, 105, 'Galen', 'Winslett', 'Tregaskis', 1, '0000-00-00', 36, 15, 'true'),
(303, 110, 'Minnnie', 'Garrett', 'Pett', 1, '0000-00-00', 24, 23, 'true'),
(304, 4, 'Rayshell', 'Ramlot', 'Englishby', 1, '0000-00-00', 4, 16, 'false'),
(305, 137, 'Aileen', 'Conigsby', 'Shurman', 3, '0000-00-00', 33, 42, 'false'),
(306, 57, 'Dorita', 'Palister', 'Cushion', 1, '0000-00-00', 9, 28, 'false'),
(307, 139, 'Constantia', 'Meddick', 'Nellen', 3, '0000-00-00', 37, 19, 'true'),
(308, 70, 'Kasey', 'Manoch', 'Smitherham', 1, '0000-00-00', 20, 33, 'true'),
(309, 197, 'Deane', 'Jime', 'Gianinotti', 1, '0000-00-00', 27, 40, 'false'),
(310, 90, 'Casie', 'Doutch', 'MacAne', 1, '0000-00-00', 3, 7, 'false'),
(311, 106, 'Elena', 'Collinwood', 'Philipps', 2, '0000-00-00', 4, 31, 'false'),
(312, 167, 'Doyle', 'Bailes', 'Oland', 1, '0000-00-00', 10, 15, 'true'),
(313, 101, 'Robina', 'Row', 'Thackham', 1, '0000-00-00', 26, 41, 'true'),
(314, 39, 'Sibelle', 'Delves', 'Muzzullo', 2, '0000-00-00', 12, 21, 'true'),
(315, 190, 'Hobart', 'Calway', 'Seeborne', 1, '0000-00-00', 1, 22, 'false'),
(316, 103, 'Haily', 'McCarly', 'Slayton', 2, '0000-00-00', 27, 2, 'false'),
(317, 159, 'Todd', 'Schonfelder', 'Murfill', 1, '0000-00-00', 37, 39, 'true'),
(318, 187, 'Rois', 'Heppner', 'Domanski', 2, '0000-00-00', 21, 21, 'false'),
(319, 160, 'Eimile', 'Midgely', 'Klauber', 3, '0000-00-00', 38, 23, 'false'),
(320, 126, 'June', 'Flockhart', 'Egdal', 1, '0000-00-00', 14, 25, 'true'),
(321, 144, 'Sonja', 'Bangle', 'Abrahart', 3, '0000-00-00', 41, 33, 'true'),
(322, 81, 'Mildred', 'Bayston', 'Melladew', 2, '0000-00-00', 39, 29, 'true'),
(323, 73, 'Margarete', 'Spence', 'Philpotts', 2, '0000-00-00', 16, 41, 'true'),
(324, 178, 'Cammy', 'Dwine', 'Gibbie', 1, '0000-00-00', 35, 40, 'false'),
(325, 190, 'Ben', 'Boss', 'Jacqueme', 1, '0000-00-00', 31, 35, 'true'),
(326, 43, 'Rowena', 'McGaraghan', 'Iban', 2, '0000-00-00', 41, 12, 'false'),
(327, 95, 'Sheffie', 'Greenside', 'Aisbett', 3, '0000-00-00', 31, 22, 'true'),
(328, 52, 'Bay', 'Tampen', 'Frodsam', 3, '0000-00-00', 39, 1, 'true'),
(329, 194, 'Sibelle', 'Cord', 'Oxbury', 3, '0000-00-00', 18, 22, 'false'),
(330, 154, 'Jenn', 'Bronger', 'Lodo', 3, '0000-00-00', 13, 43, 'true'),
(331, 51, 'Mitchell', 'Etteridge', 'Ternault', 1, '0000-00-00', 29, 30, 'true'),
(332, 19, 'Olly', 'Ducket', 'Nial', 2, '0000-00-00', 41, 29, 'true'),
(333, 42, 'Sawyere', 'Virr', 'Balwin', 2, '0000-00-00', 33, 24, 'true'),
(334, 22, 'Angel', 'Tester', 'Kloser', 2, '0000-00-00', 6, 17, 'true'),
(335, 61, 'Rosita', 'Cleator', 'St. Quintin', 2, '0000-00-00', 10, 36, 'false'),
(336, 31, 'Kathlin', 'Giles', 'Whisby', 2, '0000-00-00', 16, 22, 'false'),
(337, 98, 'Cullan', 'Hucquart', 'Hambatch', 2, '0000-00-00', 15, 5, 'true'),
(338, 179, 'Babbie', 'Ismay', 'Chalcot', 1, '0000-00-00', 7, 9, 'false'),
(339, 80, 'Birgitta', 'Rhoades', 'Pleven', 3, '0000-00-00', 27, 6, 'true'),
(340, 177, 'Cobbie', 'Victoria', 'Gant', 2, '0000-00-00', 2, 30, 'false'),
(341, 117, 'Monty', 'Derington', 'Marcinkus', 1, '0000-00-00', 22, 14, 'true'),
(342, 184, 'Kendra', 'Wood', 'Fandrey', 3, '0000-00-00', 19, 8, 'true'),
(343, 154, 'Editha', 'Forster', 'Blaxlande', 3, '0000-00-00', 17, 1, 'true'),
(344, 19, 'Marga', 'Selly', 'Statham', 1, '0000-00-00', 6, 36, 'true'),
(345, 71, 'Everett', 'Rillett', 'Harradence', 2, '0000-00-00', 8, 43, 'false'),
(346, 170, 'Pincas', 'Spat', 'Jouen', 2, '0000-00-00', 25, 18, 'true'),
(347, 162, 'Quintina', 'Winram', 'Mushawe', 2, '0000-00-00', 12, 6, 'true'),
(348, 132, 'Sharai', 'Vigors', 'Mansour', 2, '0000-00-00', 31, 16, 'false'),
(349, 74, 'Heriberto', 'Ruzic', 'Stallion', 1, '0000-00-00', 31, 38, 'true'),
(350, 56, 'Sidnee', 'Collyns', 'Petlyura', 1, '0000-00-00', 39, 26, 'false'),
(351, 108, 'Nathanial', 'Conti', 'Harrismith', 2, '0000-00-00', 39, 10, 'false'),
(352, 132, 'Kevan', 'Pigrome', 'Lindenblatt', 1, '0000-00-00', 25, 18, 'false'),
(353, 43, 'Penn', 'Reinisch', 'Whimpenny', 1, '0000-00-00', 24, 21, 'true'),
(354, 125, 'Olvan', 'Forton', 'Chetwynd', 3, '0000-00-00', 9, 19, 'true'),
(355, 60, 'Lewiss', 'Iacopo', 'Ianne', 2, '0000-00-00', 25, 24, 'true'),
(356, 135, 'Adela', 'Tunna', 'Mickleburgh', 2, '0000-00-00', 16, 5, 'true'),
(357, 87, 'Luise', 'Wrathmell', 'Banisch', 1, '0000-00-00', 9, 2, 'true'),
(358, 126, 'Rhodie', 'Boggon', 'Sever', 2, '0000-00-00', 32, 8, 'true'),
(359, 10, 'Prudy', 'Gull', 'Oles', 3, '0000-00-00', 29, 31, 'false'),
(360, 25, 'Ailee', 'Perelli', 'Dowsing', 2, '0000-00-00', 41, 13, 'false'),
(361, 40, 'Renault', 'Darragon', 'Clissold', 2, '0000-00-00', 42, 42, 'false'),
(362, 27, 'Lou', 'Van Der Vlies', 'Enos', 2, '0000-00-00', 42, 18, 'true'),
(363, 13, 'Thom', 'Feild', 'Hawson', 3, '0000-00-00', 16, 27, 'true'),
(364, 15, 'Karilynn', 'Tailby', 'Girardet', 2, '0000-00-00', 37, 19, 'true'),
(365, 67, 'Nancey', 'Frenchum', 'Defau', 3, '0000-00-00', 37, 27, 'true'),
(366, 188, 'Alice', 'Dominick', 'Frude', 2, '0000-00-00', 9, 22, 'true'),
(367, 70, 'Hanan', 'Vanichev', 'Clavering', 3, '0000-00-00', 19, 41, 'false'),
(368, 124, 'Aurelea', 'Faircley', 'Wykey', 3, '0000-00-00', 30, 35, 'true'),
(369, 78, 'Elli', 'Michel', 'GiacobbiniJacob', 2, '0000-00-00', 34, 19, 'false'),
(370, 128, 'Persis', 'Stetson', 'Kiff', 1, '0000-00-00', 2, 5, 'false'),
(371, 53, 'Junette', 'Emerine', 'Samet', 1, '0000-00-00', 5, 3, 'true'),
(372, 94, 'Banky', 'Beels', 'Moncur', 3, '0000-00-00', 10, 18, 'true'),
(373, 90, 'Fred', 'Holehouse', 'Wessel', 1, '0000-00-00', 28, 29, 'false'),
(374, 44, 'Tibold', 'Lord', 'Kirkbright', 2, '0000-00-00', 35, 42, 'true'),
(375, 16, 'Liana', 'Grabiec', 'Grassot', 3, '0000-00-00', 27, 28, 'false'),
(376, 67, 'Cordie', 'Pechold', 'Deppen', 3, '0000-00-00', 39, 3, 'false'),
(377, 19, 'Anastasie', 'Gawthorp', 'Gery', 3, '0000-00-00', 22, 32, 'true'),
(378, 173, 'Sayre', 'Knutton', 'Pecey', 3, '0000-00-00', 17, 40, 'true'),
(379, 49, 'Anita', 'Ren', 'Burkert', 2, '0000-00-00', 7, 37, 'true'),
(380, 99, 'Valery', 'Cyson', 'De Cruze', 2, '0000-00-00', 28, 36, 'false'),
(381, 54, 'Charyl', 'Leere', 'Szreter', 1, '0000-00-00', 8, 27, 'false'),
(382, 77, 'Minnie', 'Digger', 'Dunkinson', 3, '0000-00-00', 14, 35, 'false'),
(383, 58, 'Krystal', 'Ingolotti', 'Rable', 1, '0000-00-00', 16, 3, 'false'),
(384, 86, 'Noami', 'O\'Kuddyhy', 'Petrak', 2, '0000-00-00', 18, 6, 'true'),
(385, 13, 'Hildy', 'Gemlett', 'Berard', 3, '0000-00-00', 39, 39, 'true'),
(386, 87, 'Valery', 'Clement', 'Ethington', 1, '0000-00-00', 4, 24, 'true'),
(387, 62, 'Shara', 'Durning', 'Cello', 2, '0000-00-00', 32, 24, 'false'),
(388, 45, 'Linzy', 'Dougharty', 'Dargue', 3, '0000-00-00', 35, 8, 'true'),
(389, 62, 'Arlen', 'Ruzek', 'Pitblado', 1, '0000-00-00', 39, 19, 'false'),
(390, 25, 'Griz', 'Harrod', 'Cowdry', 1, '0000-00-00', 17, 1, 'true'),
(391, 158, 'Sissie', 'Pickring', 'Lorand', 1, '0000-00-00', 6, 41, 'true'),
(392, 126, 'Lenee', 'Dovermann', 'Partkya', 3, '0000-00-00', 23, 16, 'false'),
(393, 37, 'Malchy', 'Newell', 'Rothermel', 2, '0000-00-00', 11, 24, 'false'),
(394, 51, 'Ailbert', 'Wilde', 'Verman', 3, '0000-00-00', 9, 27, 'true'),
(395, 108, 'Brigid', 'Lowes', 'Rives', 1, '0000-00-00', 28, 23, 'false'),
(396, 125, 'Chlo', 'Nissle', 'Peacocke', 2, '0000-00-00', 9, 20, 'false'),
(397, 157, 'Vernon', 'Pretorius', 'Armatidge', 3, '0000-00-00', 18, 24, 'false'),
(398, 101, 'Mirilla', 'Reason', 'Boothroyd', 3, '0000-00-00', 14, 26, 'true'),
(399, 140, 'Cordelie', 'Adelberg', 'Kix', 3, '0000-00-00', 24, 25, 'true'),
(400, 76, 'Georgine', 'Brumwell', 'Kesten', 3, '0000-00-00', 15, 42, 'false');

-- --------------------------------------------------------

--
-- Table structure for table `color_tbl`
--

CREATE TABLE `color_tbl` (
  `ColorID` int(11) NOT NULL,
  `Color` varchar(50) NOT NULL
) ENGINE=InnoDB DEFAULT CHARSET=utf8;

--
-- Dumping data for table `color_tbl`
--

INSERT INTO `color_tbl` (`ColorID`, `Color`) VALUES
(1, 'Blue/White Striped'),
(2, 'Denim'),
(3, 'Blue Orange'),
(4, 'Blue Yellow'),
(5, 'Navy/WHite'),
(6, 'Navy/Vanilla'),
(7, 'Vanilla/Navy'),
(8, 'Navy'),
(9, 'Emberglow'),
(10, 'Light Grey'),
(11, 'Striped Pink'),
(12, 'Lavendar'),
(13, 'Light Pink'),
(14, 'Blue'),
(15, 'Orange'),
(16, 'White'),
(17, 'Navy/ FR Blue'),
(18, 'Navy/Dark Grey'),
(19, 'Double Striped Navy/Red'),
(20, 'Double Striped Teak Navy'),
(21, 'Navy/Orange'),
(22, 'Navy/Red Nautical Stripe'),
(23, 'Nicky Silver'),
(24, 'Striped Ragland Navy Red'),
(25, 'Light Blue'),
(26, 'Navy/Baby Blue'),
(27, 'Navy/Green'),
(28, 'Navy/Light Blue'),
(29, 'Purple/White'),
(30, 'Red/White'),
(31, 'Red Plaid'),
(32, 'Blue Turqoise'),
(33, 'Blue/White'),
(34, 'Gingham Navy'),
(35, 'Gingham Purple'),
(36, 'Gingham Red'),
(37, 'RNCR'),
(38, 'Navy/Charcoal'),
(39, 'Charcoal'),
(40, 'Barn Charcoal'),
(41, 'Black'),
(42, 'Dark Sky Blue'),
(43, 'Multi Purple Peter Pan Floral'),
(44, 'Pink/Lavendar Peter Pan Floral'),
(45, 'Snow Pink'),
(46, 'Cream Multi'),
(47, 'Pink'),
(48, 'Silver'),
(49, 'Navy/Cream'),
(50, 'Rose'),
(51, 'Field Flower'),
(52, 'Gold/Cream'),
(53, 'Red/Cream'),
(54, 'Cream'),
(55, 'Cream/Multi'),
(56, 'Cream/Pink'),
(57, 'White/Navy'),
(58, 'Whie/Multi'),
(59, 'Red'),
(60, 'Peach'),
(61, 'White/Multi'),
(62, 'White/Pink'),
(63, 'Plum'),
(64, 'Moon/Navy'),
(65, 'Baby Blue/Cream'),
(66, 'Baby Blue'),
(67, 'Navy/White Nautical'),
(68, 'French Blue'),
(69, 'Silver Cream'),
(70, 'Silver/Cream'),
(71, 'Crimson'),
(72, 'Tweed Large Check'),
(73, 'Blue Cream'),
(74, 'Grey'),
(75, 'Moon/White'),
(76, 'Striped Ragland Navy Cream'),
(77, 'Moon'),
(78, 'Light Blue/White'),
(79, 'Bright Pink/White'),
(80, 'Light Pink/Cream'),
(81, 'Pink/Green'),
(82, 'Green/White'),
(83, 'Yellow/Blue Stripe'),
(84, 'Green/Navy'),
(85, 'Turquoise/White'),
(86, 'Turquoise Floral'),
(87, 'Pink/White'),
(88, 'White Floral'),
(89, 'Blue/Red Check'),
(90, 'Teak Check'),
(91, 'Teak/White'),
(92, 'Teak/Navy'),
(93, 'Brown'),
(94, 'Brown/Navy'),
(95, 'Color Block French Blue/Navy'),
(96, 'Dark Grey'),
(97, 'Dark Grey/Blue'),
(98, 'Slim Earl Plaid'),
(99, 'Cornflower Blue'),
(100, 'Turqoise Navy Checkered'),
(101, 'Light Blue/Navy'),
(102, 'Green/Multi'),
(103, 'Red/Green/Blue '),
(104, 'Green/Blue/White'),
(105, 'Red/Navy'),
(106, 'Yellow/Blue/White'),
(107, 'Green/Blue Wide Stripe'),
(108, 'Red/Blue Stripe'),
(109, 'Yellow/Blue Wide Stripe'),
(110, 'Aquamarine'),
(111, 'Bright Pink'),
(112, 'Navy Polka Dot'),
(113, 'Dark Peach'),
(114, 'Gold Dots'),
(115, 'Purple Paisley'),
(116, 'Red Paisley'),
(117, 'Teal/Hot Pink'),
(118, 'Navy/White Stripe w/Pink'),
(119, 'Cream/Purple'),
(120, 'Gold'),
(121, 'White w/ Navy trim'),
(122, 'White w/ Pink trim'),
(123, 'Navy Striped'),
(124, 'White/Blue'),
(125, 'Washed Indigo Denim'),
(126, 'Red/Black/White'),
(127, 'Blue Stripe'),
(128, 'Sea Plane'),
(129, 'Toby Check'),
(130, 'Cream Red Tan'),
(131, 'Blue/White/Brown'),
(132, 'Blue/White/Red'),
(133, 'Red/Grey'),
(134, 'Turqoise/Blue'),
(135, 'Tan/Multi'),
(136, 'Cornflower Blue w/ Bow'),
(137, 'Cornflower Blue/White Striped'),
(138, 'Khaki'),
(139, 'Brown Tweed'),
(140, 'Royal Blue'),
(141, 'Navy Gingham'),
(142, 'Dark Khaki'),
(143, 'EK Red'),
(144, 'Hickory'),
(145, 'Green'),
(146, 'Azure Blue'),
(147, 'Coral/Navy'),
(148, 'Pistachio/Navy'),
(149, 'Red/Blue/White'),
(150, 'Green/Blue'),
(151, 'Navy/Coral'),
(152, 'Green Grapes'),
(153, 'Pistachio'),
(154, 'Salmon (Navy Lobster)'),
(155, 'Stone'),
(156, 'Sugar Coral'),
(157, 'Navy/White/Orange'),
(158, 'Bali Navy'),
(159, 'Navy Blue (8410842)'),
(160, 'Purple'),
(161, 'Aqua'),
(162, 'Teal Starfish'),
(163, 'Peach/White'),
(164, 'White Navy'),
(165, 'Royal/White'),
(166, 'Pink White'),
(167, 'White Aqua'),
(168, 'Red/White/Black'),
(169, 'Navy/Blue'),
(170, 'Blue Floral'),
(171, 'Pink Horses'),
(172, 'Blue Plaid'),
(173, 'Green Check'),
(174, 'Pink Plaid'),
(175, 'Pink Gingham'),
(176, 'Pink/Blue'),
(177, 'White/Light Blue'),
(178, 'Light Blue Gingham'),
(179, 'White Outerspace'),
(180, 'Multi'),
(181, 'White Airplane'),
(182, 'White Circus'),
(183, 'Light Blue Duckling'),
(184, 'White Lighthouse'),
(185, 'White Sailboat'),
(186, 'White/Yellow'),
(187, 'White/Blue/Red'),
(188, 'White Roses'),
(189, 'Grey/White'),
(190, 'Pink Dots'),
(191, 'Pink Floral'),
(192, 'White/Red'),
(193, 'Light Blue/ Red'),
(194, 'Grey/Blue'),
(195, 'White w/ Crowns'),
(196, 'White w/ Snowflake'),
(197, 'White/Silver'),
(198, 'Fuschia'),
(199, 'Blue/Cream'),
(200, 'White w/ Black Stripe'),
(201, 'Light Green'),
(202, 'Xmas'),
(203, 'White w/ Whales'),
(204, 'Red/Green'),
(205, 'Violet Gingham'),
(206, 'Periwinkle'),
(207, 'Orchid'),
(208, 'Violet Multi'),
(209, 'White/Violet'),
(210, 'Violet/Green'),
(211, 'Violet/White'),
(212, 'Ivory/Violet'),
(213, 'White/Navy Striped'),
(214, 'Navy/White/Red'),
(215, 'Dark Denim'),
(216, 'Grey/Navy'),
(217, 'Slate'),
(218, 'Ivory'),
(219, 'Tan'),
(220, 'Beige'),
(221, 'Grey/Red Trim'),
(222, 'White/Navy Pinstripe'),
(223, 'Gingham Royal Blue'),
(224, 'Red Slide Stripe'),
(225, 'Aqua/Yellow'),
(226, 'Wide Stripe Aqua'),
(227, 'Tan/White'),
(228, 'Blue/White '),
(229, 'Burgundy/Ivory'),
(230, 'Navy/Ivory'),
(231, 'Bright Blue Stripe'),
(232, 'Coral Pink'),
(233, 'Millereis Navy'),
(234, 'Navy Dots'),
(235, 'Olive'),
(236, 'Grey/Pink'),
(237, 'White/Green'),
(238, 'Coral'),
(239, 'Burgundy'),
(240, 'Indigo'),
(241, 'Charcoal/Silver'),
(242, 'Navy/Brown'),
(243, 'Pink/Turquoise'),
(244, 'Red/White Striped'),
(245, 'White/Silver/Navy'),
(246, 'Pink/Black'),
(247, 'Red Striped'),
(248, 'Teal/Mauve'),
(249, 'Striped Navy/Grey'),
(250, 'Sea Foam Blue w/ Boat'),
(251, 'Navy/White Striped'),
(252, 'White/Navy '),
(253, 'Grey/Red'),
(254, 'Navy/Red'),
(255, 'Beige Plaid'),
(256, 'Cream/Blue'),
(257, 'Burgundy/Grey'),
(258, 'Cream/Brown'),
(259, 'Green Navy'),
(260, 'Maroon Plaid'),
(261, 'Green/Cream'),
(262, 'Putple'),
(263, 'Coral/White'),
(264, 'Blue Gingham'),
(265, 'Herringbone Grey'),
(266, 'Navy/Red/White'),
(267, 'Blue Boats'),
(268, 'Red/Navy/White'),
(269, 'Apricot'),
(270, 'Frill Dark Sky Blue'),
(271, 'Frill Turquoise'),
(272, 'Grey w/ Grapes'),
(273, 'Red Anchor Print'),
(274, 'Wine'),
(275, 'Aqua/Pink'),
(276, 'Cat Grey/Pink'),
(277, 'Damasque Royal Blue'),
(278, 'Damasque Silver'),
(279, 'Grey Polka Dots'),
(280, 'Poppy Hearts'),
(281, 'Red/Gold'),
(282, 'Yellow Polka Dots'),
(283, 'Bordeaux'),
(284, 'Duck Egg'),
(285, 'Sky Blue'),
(286, 'Pink/Brown'),
(287, 'Shift Blue'),
(288, 'Heart Navy/Ivory'),
(289, 'Pink Ivory'),
(290, 'Navy Blue Polka Dot'),
(291, 'Navy Blue Polka Dot/Red Bow'),
(292, 'Maroon/Grey'),
(293, 'Cream/Red'),
(294, 'Hot Pink'),
(295, 'Ivory/Blue'),
(296, 'Caramel/Red'),
(297, 'Lilac'),
(298, 'White Boat Print'),
(299, 'Navy/Tan'),
(300, 'Ivory/Navy '),
(301, 'Navy/Silver'),
(302, 'Ivory/Purple'),
(303, 'Yellow/White'),
(304, 'Navy/Gold'),
(305, 'Cream/Gold'),
(306, 'Rose Pink'),
(307, 'Light Red'),
(308, 'Navy '),
(309, 'Jade'),
(310, 'Turquoise'),
(311, 'Navy w/ Anchor'),
(312, 'Pink/Cream'),
(313, 'Nautical Navy'),
(314, 'Grey Ivory'),
(315, 'Grey/Ivory'),
(316, 'Blue Ivory'),
(317, 'Cream w/ Snowflakes'),
(318, 'White Stripe'),
(319, 'Light Brown'),
(320, 'Navy w/ Bow'),
(321, 'Floral Blue'),
(322, 'White/Bright Pink'),
(323, 'Pink Print'),
(324, 'White/Purple'),
(325, 'Ruffle White'),
(326, 'Hot Pink Print'),
(327, 'Turquoise/Pink'),
(328, 'Navy Anchor'),
(329, 'Blue/Green'),
(330, 'Blue Check'),
(331, 'Light Khaki'),
(332, 'Light Steel'),
(333, 'Blue Blazer'),
(334, 'Blue Point'),
(335, 'Vanilla'),
(336, 'Navy/Pink');

-- --------------------------------------------------------

--
-- Table structure for table `country_origin_tbl`
--

CREATE TABLE `country_origin_tbl` (
  `CountOrigID` int(11) NOT NULL,
  `CountOrig` varchar(100) NOT NULL
) ENGINE=InnoDB DEFAULT CHARSET=utf8;

--
-- Dumping data for table `country_origin_tbl`
--

INSERT INTO `country_origin_tbl` (`CountOrigID`, `CountOrig`) VALUES
(1, 'China'),
(2, 'Korea'),
(3, 'India'),
(4, 'Peru'),
(5, 'Hong Kong'),
(6, 'USA'),
(7, 'EEC'),
(8, 'Phillipines'),
(9, 'Portugal'),
(10, 'El Salvador'),
(11, 'Vietnam'),
(12, 'Morocco'),
(13, 'Mauritus'),
(14, 'Tunisia'),
(15, 'Madagascar'),
(16, 'Philippines'),
(17, 'Turkey'),
(18, 'Bangladesh');

-- --------------------------------------------------------

--
-- Table structure for table `feedback_tbl`
--

CREATE TABLE `feedback_tbl` (
  `FeedbackID` int(11) NOT NULL,
  `OPID` int(11) NOT NULL,
  `FitRating` int(11) NOT NULL,
  `StyleRating` int(11) NOT NULL,
  `InWaredrobePurchase` varchar(10) NOT NULL,
  `AffiliatePurchase` varchar(10) NOT NULL,
  `PurchasePrice` varchar(30) NOT NULL
) ENGINE=InnoDB DEFAULT CHARSET=utf8;

--
-- Dumping data for table `feedback_tbl`
--

INSERT INTO `feedback_tbl` (`FeedbackID`, `OPID`, `FitRating`, `StyleRating`, `InWaredrobePurchase`, `AffiliatePurchase`, `PurchasePrice`) VALUES
(1, 3, 2, 3, 'true', 'true', '$5.21'),
(2, 947, 5, 2, 'true', 'true', '$5.94'),
(3, 571, 1, 3, 'false', 'true', '$1.64'),
(4, 718, 3, 5, 'true', 'false', '$3.42'),
(5, 547, 1, 1, 'true', 'false', '$2.26'),
(6, 976, 4, 4, 'true', 'true', '$3.01'),
(7, 623, 3, 4, 'false', 'false', '$4.94'),
(8, 810, 2, 4, 'false', 'false', '$0.26'),
(9, 440, 1, 5, 'false', 'true', '$3.53'),
(10, 827, 3, 3, 'true', 'false', '$2.94'),
(11, 943, 3, 1, 'false', 'false', '$5.27'),
(12, 573, 5, 3, 'true', 'true', '$2.53'),
(13, 85, 1, 3, 'true', 'false', '$3.66'),
(14, 57, 1, 4, 'true', 'false', '$1.09'),
(15, 610, 4, 1, 'true', 'true', '$2.97'),
(16, 370, 1, 5, 'true', 'true', '$6.09'),
(17, 779, 1, 4, 'true', 'true', '$8.23'),
(18, 937, 4, 3, 'true', 'true', '$5.72'),
(19, 548, 4, 3, 'false', 'false', '$9.60'),
(20, 249, 4, 3, 'false', 'false', '$2.75'),
(21, 417, 3, 3, 'true', 'false', '$2.31'),
(22, 739, 4, 3, 'false', 'false', '$9.93'),
(23, 369, 2, 1, 'false', 'false', '$4.99'),
(24, 200, 3, 5, 'false', 'false', '$2.67'),
(25, 891, 5, 5, 'false', 'false', '$9.33'),
(26, 456, 4, 2, 'false', 'true', '$6.52'),
(27, 758, 4, 3, 'false', 'false', '$9.90'),
(28, 840, 4, 4, 'true', 'true', '$0.94'),
(29, 661, 4, 1, 'true', 'true', '$6.93'),
(30, 509, 2, 1, 'false', 'false', '$2.35'),
(31, 555, 1, 4, 'false', 'true', '$1.40'),
(32, 532, 1, 3, 'true', 'true', '$6.95'),
(33, 286, 3, 5, 'false', 'true', '$2.22'),
(34, 650, 1, 1, 'true', 'false', '$5.42'),
(35, 945, 5, 3, 'true', 'true', '$8.25'),
(36, 360, 5, 4, 'false', 'true', '$0.79'),
(37, 599, 3, 2, 'false', 'true', '$8.99'),
(38, 231, 1, 3, 'false', 'true', '$6.39'),
(39, 969, 2, 5, 'false', 'true', '$5.97'),
(40, 895, 4, 2, 'false', 'false', '$2.68'),
(41, 943, 1, 2, 'true', 'false', '$3.04'),
(42, 714, 4, 2, 'false', 'false', '$1.25'),
(43, 609, 2, 5, 'true', 'true', '$6.98'),
(44, 398, 1, 5, 'true', 'false', '$6.81'),
(45, 644, 2, 2, 'true', 'false', '$8.52'),
(46, 123, 4, 2, 'false', 'true', '$7.74'),
(47, 161, 1, 1, 'true', 'false', '$8.12'),
(48, 267, 3, 3, 'false', 'true', '$3.69'),
(49, 141, 1, 2, 'false', 'true', '$1.86'),
(50, 735, 5, 4, 'false', 'true', '$9.34'),
(51, 56, 4, 4, 'false', 'true', '$3.07'),
(52, 656, 5, 1, 'true', 'false', '$1.08'),
(53, 136, 2, 2, 'false', 'true', '$8.19'),
(54, 543, 4, 4, 'true', 'true', '$8.91'),
(55, 854, 2, 3, 'true', 'false', '$0.49'),
(56, 650, 2, 5, 'false', 'false', '$9.60'),
(57, 904, 2, 2, 'false', 'true', '$3.38'),
(58, 779, 1, 4, 'true', 'true', '$1.90'),
(59, 77, 5, 5, 'true', 'false', '$3.87'),
(60, 784, 5, 5, 'true', 'false', '$0.94'),
(61, 869, 2, 5, 'true', 'true', '$1.71'),
(62, 751, 1, 4, 'true', 'false', '$9.18'),
(63, 947, 4, 4, 'true', 'false', '$9.09'),
(64, 838, 2, 3, 'false', 'true', '$9.25'),
(65, 224, 3, 4, 'true', 'false', '$6.31'),
(66, 700, 4, 5, 'true', 'true', '$5.13'),
(67, 501, 4, 4, 'true', 'true', '$5.55'),
(68, 334, 5, 3, 'true', 'true', '$6.47'),
(69, 567, 3, 4, 'false', 'true', '$0.30'),
(70, 204, 4, 2, 'true', 'true', '$7.25'),
(71, 100, 1, 1, 'false', 'false', '$5.08'),
(72, 992, 1, 4, 'true', 'true', '$1.75'),
(73, 580, 5, 3, 'true', 'true', '$2.43'),
(74, 586, 3, 5, 'true', 'false', '$8.50'),
(75, 959, 5, 5, 'true', 'false', '$8.33'),
(76, 349, 5, 4, 'true', 'true', '$0.48'),
(77, 112, 2, 3, 'false', 'true', '$1.23'),
(78, 346, 2, 4, 'false', 'true', '$6.56'),
(79, 656, 2, 4, 'true', 'false', '$1.22'),
(80, 189, 5, 5, 'true', 'true', '$9.17'),
(81, 688, 1, 5, 'true', 'true', '$9.02'),
(82, 303, 4, 5, 'true', 'false', '$0.48'),
(83, 878, 4, 5, 'false', 'false', '$9.96'),
(84, 193, 3, 1, 'false', 'true', '$7.51'),
(85, 132, 1, 1, 'false', 'true', '$3.67'),
(86, 259, 3, 2, 'false', 'false', '$5.99'),
(87, 936, 3, 2, 'false', 'true', '$5.31'),
(88, 157, 3, 3, 'true', 'false', '$8.74'),
(89, 466, 4, 5, 'false', 'true', '$9.11'),
(90, 76, 4, 4, 'false', 'true', '$2.39'),
(91, 166, 5, 3, 'true', 'false', '$6.66'),
(92, 180, 4, 2, 'false', 'true', '$7.98'),
(93, 790, 5, 5, 'true', 'false', '$3.96'),
(94, 435, 2, 5, 'true', 'true', '$9.40'),
(95, 879, 4, 1, 'false', 'true', '$9.44'),
(96, 360, 1, 2, 'true', 'true', '$6.15'),
(97, 865, 4, 3, 'true', 'true', '$6.47'),
(98, 560, 3, 3, 'false', 'true', '$4.71'),
(99, 383, 2, 1, 'false', 'false', '$7.39'),
(100, 456, 3, 3, 'true', 'false', '$3.45'),
(101, 269, 3, 3, 'true', 'false', '$4.94'),
(102, 41, 3, 1, 'false', 'true', '$0.19'),
(103, 613, 3, 3, 'true', 'true', '$8.00'),
(104, 69, 4, 5, 'true', 'false', '$0.81'),
(105, 583, 3, 4, 'true', 'false', '$2.35'),
(106, 504, 4, 4, 'false', 'false', '$6.57'),
(107, 800, 3, 5, 'false', 'true', '$2.30'),
(108, 736, 3, 2, 'false', 'false', '$3.31'),
(109, 234, 1, 3, 'false', 'true', '$3.71'),
(110, 178, 4, 5, 'false', 'false', '$5.16'),
(111, 365, 3, 1, 'false', 'true', '$7.64'),
(112, 751, 3, 2, 'true', 'false', '$5.60'),
(113, 514, 5, 4, 'false', 'true', '$4.66'),
(114, 315, 5, 5, 'true', 'true', '$6.16'),
(115, 259, 5, 2, 'false', 'true', '$9.36'),
(116, 188, 4, 4, 'false', 'false', '$6.79'),
(117, 464, 2, 4, 'true', 'true', '$5.52'),
(118, 9, 4, 4, 'false', 'false', '$1.56'),
(119, 70, 4, 2, 'false', 'false', '$7.14'),
(120, 913, 4, 5, 'true', 'false', '$3.80'),
(121, 355, 2, 2, 'true', 'true', '$9.51'),
(122, 122, 2, 3, 'false', 'true', '$6.01'),
(123, 572, 1, 2, 'false', 'true', '$1.53'),
(124, 945, 3, 5, 'false', 'false', '$7.29'),
(125, 977, 1, 4, 'false', 'true', '$3.64'),
(126, 93, 2, 4, 'true', 'true', '$0.92'),
(127, 744, 3, 5, 'true', 'true', '$9.29'),
(128, 815, 2, 2, 'false', 'true', '$8.63'),
(129, 985, 3, 4, 'false', 'true', '$9.28'),
(130, 575, 5, 5, 'true', 'true', '$8.69'),
(131, 402, 3, 4, 'false', 'false', '$3.69'),
(132, 507, 3, 3, 'false', 'false', '$5.09'),
(133, 193, 1, 4, 'false', 'false', '$9.60'),
(134, 401, 2, 4, 'false', 'false', '$2.79'),
(135, 386, 5, 5, 'false', 'true', '$6.14'),
(136, 121, 1, 5, 'true', 'false', '$3.17'),
(137, 166, 2, 4, 'false', 'true', '$6.02'),
(138, 795, 1, 4, 'false', 'false', '$0.61'),
(139, 394, 2, 4, 'true', 'false', '$2.40'),
(140, 122, 4, 3, 'false', 'true', '$9.20'),
(141, 955, 3, 2, 'true', 'false', '$2.35'),
(142, 970, 1, 2, 'false', 'true', '$4.49'),
(143, 709, 1, 5, 'false', 'false', '$8.37'),
(144, 286, 2, 3, 'false', 'true', '$4.63'),
(145, 485, 4, 2, 'false', 'false', '$4.87'),
(146, 157, 5, 1, 'false', 'true', '$7.21'),
(147, 98, 5, 1, 'false', 'false', '$5.74'),
(148, 408, 1, 4, 'true', 'false', '$1.41'),
(149, 737, 2, 3, 'true', 'true', '$2.82'),
(150, 919, 1, 5, 'true', 'false', '$3.03'),
(151, 437, 5, 1, 'false', 'true', '$4.77'),
(152, 700, 4, 5, 'false', 'true', '$1.10'),
(153, 891, 5, 5, 'true', 'true', '$4.60'),
(154, 244, 5, 5, 'false', 'true', '$3.75'),
(155, 34, 2, 4, 'true', 'true', '$7.75'),
(156, 391, 1, 3, 'false', 'false', '$0.14'),
(157, 373, 1, 2, 'true', 'true', '$0.34'),
(158, 284, 3, 3, 'true', 'true', '$4.71'),
(159, 625, 3, 4, 'false', 'true', '$1.32'),
(160, 675, 1, 3, 'false', 'true', '$3.60'),
(161, 894, 2, 1, 'true', 'false', '$8.78'),
(162, 508, 2, 4, 'true', 'false', '$4.52'),
(163, 582, 3, 1, 'true', 'true', '$4.72'),
(164, 828, 2, 5, 'true', 'true', '$3.35'),
(165, 478, 3, 2, 'false', 'false', '$1.52'),
(166, 358, 5, 2, 'true', 'true', '$6.44'),
(167, 8, 5, 5, 'false', 'false', '$5.79'),
(168, 110, 2, 3, 'false', 'true', '$2.68'),
(169, 689, 4, 4, 'false', 'true', '$1.76'),
(170, 602, 2, 5, 'true', 'true', '$1.16'),
(171, 931, 5, 2, 'true', 'false', '$3.60'),
(172, 560, 4, 5, 'true', 'false', '$6.25'),
(173, 506, 5, 1, 'false', 'true', '$7.27'),
(174, 200, 1, 4, 'false', 'false', '$2.04'),
(175, 447, 4, 2, 'true', 'false', '$2.36'),
(176, 264, 2, 1, 'false', 'true', '$6.17'),
(177, 617, 5, 1, 'true', 'false', '$0.20'),
(178, 48, 4, 4, 'false', 'false', '$4.03'),
(179, 878, 5, 4, 'true', 'true', '$8.50'),
(180, 461, 3, 3, 'false', 'true', '$9.80'),
(181, 1, 4, 4, 'true', 'true', '$1.69'),
(182, 813, 4, 5, 'true', 'false', '$8.35'),
(183, 956, 2, 2, 'true', 'true', '$2.38'),
(184, 575, 4, 5, 'true', 'false', '$1.10'),
(185, 565, 3, 1, 'false', 'false', '$1.74'),
(186, 935, 5, 1, 'false', 'false', '$8.73'),
(187, 416, 4, 4, 'true', 'false', '$9.77'),
(188, 217, 1, 3, 'true', 'false', '$6.24'),
(189, 23, 5, 5, 'false', 'false', '$7.59'),
(190, 395, 4, 3, 'true', 'true', '$6.23'),
(191, 426, 1, 3, 'true', 'false', '$9.51'),
(192, 924, 5, 3, 'true', 'true', '$0.69'),
(193, 522, 1, 4, 'true', 'true', '$8.98'),
(194, 252, 5, 1, 'true', 'true', '$3.86'),
(195, 199, 4, 5, 'false', 'true', '$7.82'),
(196, 979, 4, 2, 'true', 'false', '$9.40'),
(197, 205, 4, 2, 'true', 'false', '$5.46'),
(198, 805, 4, 4, 'false', 'false', '$4.28'),
(199, 346, 2, 1, 'false', 'true', '$5.19'),
(200, 750, 5, 2, 'false', 'false', '$4.16'),
(201, 836, 1, 3, 'true', 'true', '$2.36'),
(202, 798, 3, 2, 'true', 'true', '$8.61'),
(203, 882, 1, 1, 'true', 'true', '$3.52'),
(204, 689, 2, 5, 'true', 'true', '$3.09'),
(205, 559, 2, 2, 'false', 'true', '$4.76'),
(206, 245, 5, 4, 'false', 'true', '$7.94'),
(207, 63, 2, 2, 'true', 'false', '$0.59'),
(208, 402, 1, 5, 'false', 'true', '$3.25'),
(209, 864, 5, 2, 'false', 'true', '$7.12'),
(210, 638, 5, 2, 'false', 'false', '$5.62'),
(211, 538, 2, 5, 'true', 'false', '$9.49'),
(212, 424, 1, 5, 'true', 'false', '$6.58'),
(213, 740, 4, 4, 'true', 'false', '$2.20'),
(214, 851, 2, 1, 'false', 'true', '$4.99'),
(215, 393, 2, 5, 'false', 'true', '$2.98'),
(216, 815, 5, 2, 'false', 'false', '$8.38'),
(217, 562, 1, 4, 'true', 'false', '$9.44'),
(218, 765, 4, 2, 'true', 'true', '$9.14'),
(219, 853, 2, 1, 'true', 'true', '$5.33'),
(220, 706, 2, 5, 'true', 'true', '$5.75'),
(221, 986, 2, 5, 'true', 'true', '$7.81'),
(222, 369, 4, 2, 'true', 'false', '$0.55'),
(223, 668, 2, 4, 'false', 'false', '$3.23'),
(224, 210, 3, 5, 'false', 'false', '$1.37'),
(225, 527, 3, 4, 'false', 'true', '$5.27'),
(226, 675, 2, 3, 'false', 'false', '$6.84'),
(227, 337, 1, 2, 'true', 'true', '$3.55'),
(228, 753, 4, 1, 'true', 'false', '$1.77'),
(229, 949, 1, 5, 'true', 'true', '$8.93'),
(230, 952, 3, 1, 'true', 'true', '$4.05'),
(231, 817, 5, 2, 'false', 'true', '$8.92'),
(232, 225, 1, 4, 'false', 'false', '$3.08'),
(233, 890, 4, 4, 'true', 'false', '$2.74'),
(234, 815, 1, 5, 'false', 'true', '$3.93'),
(235, 894, 4, 4, 'true', 'true', '$6.35'),
(236, 615, 5, 5, 'true', 'false', '$7.71'),
(237, 40, 5, 3, 'true', 'false', '$1.33'),
(238, 6, 2, 3, 'false', 'true', '$3.32'),
(239, 974, 5, 1, 'false', 'false', '$1.58'),
(240, 869, 3, 5, 'false', 'false', '$5.52'),
(241, 180, 4, 2, 'true', 'true', '$8.44'),
(242, 400, 3, 3, 'true', 'true', '$9.66'),
(243, 174, 5, 5, 'false', 'true', '$4.60'),
(244, 252, 3, 1, 'true', 'false', '$0.33'),
(245, 988, 3, 2, 'true', 'true', '$4.62'),
(246, 769, 5, 3, 'true', 'true', '$4.25'),
(247, 472, 2, 2, 'true', 'false', '$4.12'),
(248, 85, 5, 1, 'false', 'true', '$8.40'),
(249, 136, 2, 5, 'false', 'true', '$0.42'),
(250, 430, 4, 1, 'false', 'true', '$3.68'),
(251, 192, 4, 4, 'true', 'false', '$9.07'),
(252, 142, 3, 3, 'false', 'true', '$1.67'),
(253, 421, 3, 4, 'false', 'true', '$7.88'),
(254, 669, 2, 5, 'false', 'true', '$8.78'),
(255, 728, 3, 2, 'true', 'true', '$1.49'),
(256, 630, 1, 2, 'true', 'false', '$9.01'),
(257, 415, 4, 1, 'true', 'true', '$3.82'),
(258, 519, 2, 3, 'true', 'false', '$8.83'),
(259, 497, 4, 2, 'false', 'true', '$9.62'),
(260, 171, 5, 3, 'false', 'true', '$0.17'),
(261, 621, 2, 5, 'true', 'false', '$0.82'),
(262, 391, 5, 5, 'false', 'true', '$5.14'),
(263, 649, 4, 3, 'true', 'true', '$0.36'),
(264, 154, 2, 3, 'false', 'false', '$7.91'),
(265, 454, 2, 5, 'true', 'false', '$7.68'),
(266, 966, 3, 3, 'false', 'true', '$2.90'),
(267, 508, 1, 5, 'true', 'true', '$1.66'),
(268, 110, 5, 5, 'true', 'true', '$4.78'),
(269, 237, 1, 2, 'true', 'false', '$1.95'),
(270, 286, 4, 2, 'false', 'false', '$4.44'),
(271, 13, 2, 3, 'false', 'false', '$7.64'),
(272, 381, 3, 1, 'true', 'true', '$7.86'),
(273, 335, 4, 1, 'true', 'true', '$0.69'),
(274, 642, 4, 3, 'true', 'false', '$9.53'),
(275, 992, 3, 2, 'true', 'false', '$9.15'),
(276, 217, 2, 4, 'true', 'true', '$7.03'),
(277, 266, 1, 1, 'false', 'false', '$4.11'),
(278, 208, 1, 2, 'false', 'true', '$2.69'),
(279, 114, 2, 3, 'true', 'true', '$6.31'),
(280, 83, 4, 5, 'false', 'false', '$0.32'),
(281, 489, 5, 1, 'true', 'false', '$0.33'),
(282, 438, 2, 4, 'true', 'false', '$1.58'),
(283, 167, 3, 2, 'true', 'false', '$5.26'),
(284, 273, 1, 3, 'true', 'true', '$7.13'),
(285, 622, 1, 5, 'false', 'false', '$7.44'),
(286, 982, 5, 3, 'true', 'false', '$2.12'),
(287, 721, 3, 2, 'true', 'true', '$2.41'),
(288, 302, 3, 3, 'true', 'false', '$4.35'),
(289, 364, 1, 2, 'false', 'true', '$6.82'),
(290, 539, 3, 5, 'true', 'false', '$1.20'),
(291, 271, 2, 5, 'false', 'false', '$2.20'),
(292, 912, 2, 2, 'false', 'false', '$7.04'),
(293, 220, 1, 5, 'true', 'false', '$8.23'),
(294, 876, 3, 5, 'false', 'false', '$1.87'),
(295, 240, 3, 2, 'false', 'true', '$8.33'),
(296, 393, 4, 3, 'true', 'false', '$4.91'),
(297, 970, 4, 3, 'true', 'false', '$3.59'),
(298, 738, 4, 3, 'false', 'false', '$9.93'),
(299, 938, 4, 1, 'true', 'false', '$7.54'),
(300, 313, 4, 2, 'false', 'false', '$0.53'),
(301, 424, 2, 3, 'true', 'false', '$5.73'),
(302, 828, 2, 1, 'false', 'false', '$4.66'),
(303, 540, 3, 2, 'false', 'false', '$9.58'),
(304, 965, 4, 3, 'true', 'true', '$6.91'),
(305, 484, 1, 1, 'false', 'true', '$2.54'),
(306, 251, 3, 3, 'true', 'false', '$7.88'),
(307, 500, 2, 1, 'true', 'true', '$8.67'),
(308, 956, 4, 4, 'true', 'true', '$6.45'),
(309, 251, 2, 1, 'false', 'true', '$9.86'),
(310, 749, 3, 2, 'true', 'true', '$3.74'),
(311, 116, 1, 3, 'false', 'true', '$3.40'),
(312, 234, 4, 1, 'true', 'false', '$3.10'),
(313, 520, 1, 3, 'true', 'true', '$7.60'),
(314, 250, 4, 3, 'true', 'true', '$1.92'),
(315, 989, 2, 3, 'true', 'false', '$2.64'),
(316, 521, 1, 5, 'true', 'true', '$4.21'),
(317, 857, 2, 2, 'true', 'true', '$9.96'),
(318, 859, 5, 3, 'false', 'false', '$1.81'),
(319, 145, 3, 5, 'true', 'true', '$7.85'),
(320, 970, 3, 1, 'false', 'true', '$6.25'),
(321, 570, 4, 2, 'true', 'true', '$7.95'),
(322, 668, 5, 1, 'true', 'true', '$8.82'),
(323, 788, 3, 1, 'false', 'true', '$7.39'),
(324, 895, 3, 1, 'false', 'false', '$5.84'),
(325, 999, 4, 1, 'true', 'true', '$0.96'),
(326, 564, 3, 1, 'false', 'true', '$7.34'),
(327, 237, 4, 4, 'true', 'false', '$9.16'),
(328, 10, 3, 5, 'true', 'false', '$7.85'),
(329, 963, 4, 1, 'true', 'false', '$4.39'),
(330, 533, 2, 1, 'true', 'true', '$0.89'),
(331, 821, 4, 5, 'true', 'false', '$5.00'),
(332, 378, 1, 2, 'true', 'false', '$6.98'),
(333, 133, 1, 2, 'true', 'false', '$0.23'),
(334, 525, 5, 4, 'true', 'true', '$0.65'),
(335, 962, 5, 4, 'false', 'false', '$9.18'),
(336, 507, 3, 2, 'true', 'false', '$1.88'),
(337, 525, 1, 5, 'false', 'false', '$0.07'),
(338, 562, 2, 3, 'true', 'true', '$4.33'),
(339, 105, 5, 2, 'false', 'true', '$4.51'),
(340, 607, 2, 3, 'true', 'true', '$0.79'),
(341, 731, 3, 2, 'false', 'true', '$3.76'),
(342, 295, 2, 3, 'true', 'false', '$5.61'),
(343, 28, 4, 2, 'false', 'false', '$6.93'),
(344, 65, 1, 1, 'true', 'false', '$8.31'),
(345, 233, 1, 5, 'false', 'false', '$3.12'),
(346, 863, 3, 1, 'true', 'true', '$3.02'),
(347, 957, 4, 4, 'false', 'true', '$2.34'),
(348, 931, 4, 2, 'false', 'true', '$8.31'),
(349, 747, 5, 3, 'true', 'true', '$9.31'),
(350, 21, 3, 1, 'true', 'false', '$3.37'),
(351, 187, 5, 1, 'true', 'true', '$5.55'),
(352, 176, 3, 3, 'false', 'true', '$5.79'),
(353, 839, 2, 4, 'true', 'false', '$0.24'),
(354, 6, 2, 3, 'false', 'false', '$9.19'),
(355, 448, 3, 1, 'false', 'true', '$1.26'),
(356, 645, 4, 1, 'false', 'true', '$6.27'),
(357, 47, 3, 4, 'true', 'true', '$1.62'),
(358, 51, 2, 5, 'true', 'false', '$8.26'),
(359, 883, 2, 4, 'true', 'false', '$5.74'),
(360, 140, 2, 1, 'false', 'true', '$5.73'),
(361, 243, 2, 5, 'true', 'true', '$3.19'),
(362, 885, 2, 1, 'false', 'true', '$0.78'),
(363, 197, 2, 3, 'true', 'true', '$5.73'),
(364, 298, 2, 1, 'false', 'true', '$0.05'),
(365, 519, 3, 1, 'false', 'true', '$9.63'),
(366, 625, 2, 2, 'false', 'false', '$3.70'),
(367, 814, 1, 3, 'false', 'false', '$7.32'),
(368, 790, 2, 4, 'true', 'true', '$1.78'),
(369, 85, 3, 2, 'true', 'false', '$6.42'),
(370, 111, 5, 3, 'true', 'true', '$9.68'),
(371, 151, 3, 2, 'true', 'false', '$0.08'),
(372, 946, 4, 4, 'false', 'false', '$6.43'),
(373, 943, 5, 3, 'false', 'true', '$5.32'),
(374, 759, 2, 5, 'false', 'false', '$3.27'),
(375, 783, 5, 1, 'false', 'false', '$5.58'),
(376, 641, 3, 2, 'false', 'false', '$8.32'),
(377, 540, 5, 5, 'false', 'true', '$1.08'),
(378, 752, 3, 5, 'false', 'true', '$0.61'),
(379, 207, 3, 5, 'true', 'false', '$0.64'),
(380, 496, 5, 1, 'false', 'false', '$7.79'),
(381, 617, 3, 4, 'false', 'true', '$1.09'),
(382, 366, 3, 5, 'true', 'true', '$1.88'),
(383, 807, 4, 4, 'false', 'false', '$9.89'),
(384, 754, 3, 5, 'false', 'false', '$6.83'),
(385, 337, 1, 1, 'false', 'false', '$1.04'),
(386, 750, 2, 4, 'false', 'true', '$4.64'),
(387, 613, 2, 1, 'true', 'false', '$3.39'),
(388, 509, 1, 4, 'true', 'false', '$1.71'),
(389, 775, 1, 2, 'false', 'true', '$1.63'),
(390, 881, 3, 4, 'true', 'false', '$3.16'),
(391, 164, 5, 2, 'true', 'false', '$0.00'),
(392, 174, 1, 1, 'false', 'true', '$2.76'),
(393, 293, 2, 1, 'false', 'false', '$9.54'),
(394, 995, 3, 2, 'false', 'true', '$8.68'),
(395, 964, 1, 4, 'true', 'false', '$9.76'),
(396, 589, 2, 2, 'false', 'true', '$9.99'),
(397, 391, 3, 2, 'false', 'true', '$3.08'),
(398, 894, 1, 1, 'true', 'true', '$3.15'),
(399, 642, 3, 3, 'false', 'true', '$8.25'),
(400, 245, 2, 5, 'false', 'false', '$3.23'),
(401, 947, 4, 4, 'true', 'false', '$0.78'),
(402, 130, 4, 1, 'true', 'true', '$7.74'),
(403, 485, 3, 3, 'false', 'false', '$9.73'),
(404, 911, 5, 4, 'false', 'false', '$5.97'),
(405, 955, 5, 4, 'false', 'true', '$6.90'),
(406, 292, 3, 3, 'false', 'true', '$2.94'),
(407, 586, 3, 5, 'false', 'false', '$8.61'),
(408, 503, 1, 2, 'false', 'true', '$5.98'),
(409, 122, 3, 5, 'false', 'false', '$5.44'),
(410, 389, 5, 2, 'false', 'false', '$0.60'),
(411, 2, 2, 4, 'false', 'false', '$7.32'),
(412, 335, 3, 1, 'true', 'true', '$1.44'),
(413, 153, 3, 4, 'true', 'true', '$9.59'),
(414, 817, 3, 2, 'true', 'false', '$7.60'),
(415, 669, 4, 5, 'true', 'false', '$5.48'),
(416, 531, 2, 3, 'true', 'false', '$1.01'),
(417, 267, 1, 3, 'false', 'false', '$9.09'),
(418, 631, 5, 4, 'false', 'false', '$3.04'),
(419, 311, 1, 5, 'true', 'false', '$4.95'),
(420, 8, 3, 3, 'true', 'true', '$0.31'),
(421, 821, 5, 1, 'false', 'true', '$4.75'),
(422, 178, 1, 4, 'true', 'true', '$2.39'),
(423, 120, 2, 2, 'true', 'false', '$7.99'),
(424, 700, 3, 4, 'false', 'true', '$0.10'),
(425, 154, 4, 4, 'true', 'false', '$1.23'),
(426, 977, 2, 4, 'false', 'true', '$6.03'),
(427, 434, 2, 2, 'true', 'true', '$3.42'),
(428, 964, 3, 4, 'true', 'true', '$9.61'),
(429, 384, 1, 3, 'true', 'true', '$1.94'),
(430, 528, 5, 4, 'false', 'true', '$1.36'),
(431, 299, 2, 1, 'true', 'true', '$7.59'),
(432, 742, 5, 2, 'true', 'true', '$4.84'),
(433, 166, 5, 2, 'false', 'false', '$1.76'),
(434, 944, 2, 1, 'true', 'true', '$0.43'),
(435, 692, 5, 5, 'false', 'false', '$6.67'),
(436, 148, 4, 3, 'false', 'false', '$7.72'),
(437, 466, 3, 5, 'true', 'true', '$4.89'),
(438, 825, 2, 4, 'false', 'false', '$2.79'),
(439, 509, 3, 2, 'true', 'false', '$7.74'),
(440, 358, 1, 4, 'false', 'false', '$2.83'),
(441, 85, 2, 4, 'true', 'true', '$2.73'),
(442, 507, 4, 3, 'false', 'false', '$8.44'),
(443, 284, 4, 4, 'false', 'true', '$3.62'),
(444, 339, 3, 5, 'true', 'true', '$4.63'),
(445, 325, 2, 2, 'false', 'false', '$0.86'),
(446, 369, 1, 1, 'false', 'false', '$0.25'),
(447, 127, 1, 1, 'false', 'false', '$0.17'),
(448, 492, 5, 2, 'true', 'true', '$1.36'),
(449, 375, 4, 4, 'false', 'true', '$8.70'),
(450, 58, 4, 2, 'false', 'true', '$4.56'),
(451, 388, 2, 3, 'false', 'false', '$0.78'),
(452, 42, 4, 3, 'false', 'false', '$7.56'),
(453, 497, 5, 1, 'false', 'false', '$8.55'),
(454, 250, 4, 4, 'false', 'false', '$6.77'),
(455, 18, 3, 1, 'true', 'false', '$3.56'),
(456, 982, 1, 5, 'true', 'true', '$1.73'),
(457, 523, 1, 3, 'false', 'false', '$1.07'),
(458, 713, 1, 1, 'false', 'true', '$4.98'),
(459, 799, 2, 4, 'false', 'true', '$9.95'),
(460, 936, 2, 5, 'false', 'true', '$8.08'),
(461, 505, 5, 3, 'true', 'true', '$6.39'),
(462, 62, 5, 3, 'false', 'true', '$9.04'),
(463, 249, 3, 3, 'true', 'true', '$0.05'),
(464, 124, 3, 3, 'false', 'true', '$4.17'),
(465, 904, 1, 1, 'false', 'true', '$3.25'),
(466, 646, 3, 3, 'true', 'true', '$2.06'),
(467, 82, 1, 2, 'true', 'false', '$7.23'),
(468, 654, 4, 5, 'true', 'false', '$7.87'),
(469, 389, 5, 3, 'true', 'true', '$4.33'),
(470, 447, 2, 3, 'true', 'false', '$0.94'),
(471, 787, 4, 3, 'true', 'false', '$6.61'),
(472, 220, 1, 1, 'true', 'false', '$4.08'),
(473, 250, 3, 1, 'true', 'true', '$4.27'),
(474, 808, 4, 3, 'true', 'true', '$0.87'),
(475, 432, 1, 3, 'true', 'false', '$7.15'),
(476, 21, 2, 3, 'false', 'true', '$1.64'),
(477, 889, 5, 3, 'false', 'false', '$5.76'),
(478, 843, 3, 5, 'true', 'false', '$6.39'),
(479, 178, 4, 4, 'false', 'false', '$6.46'),
(480, 387, 3, 5, 'false', 'true', '$0.90'),
(481, 474, 3, 1, 'false', 'true', '$1.61'),
(482, 467, 2, 3, 'false', 'true', '$4.76'),
(483, 996, 3, 3, 'false', 'true', '$9.98'),
(484, 909, 2, 2, 'true', 'false', '$2.81'),
(485, 985, 4, 1, 'true', 'true', '$5.77'),
(486, 387, 2, 3, 'true', 'true', '$7.54'),
(487, 664, 2, 1, 'true', 'true', '$6.37'),
(488, 942, 1, 2, 'false', 'true', '$8.02'),
(489, 267, 5, 3, 'true', 'true', '$2.40'),
(490, 468, 1, 3, 'false', 'false', '$3.08'),
(491, 544, 3, 1, 'true', 'false', '$8.93'),
(492, 352, 5, 3, 'true', 'false', '$0.66'),
(493, 431, 4, 2, 'true', 'false', '$2.68'),
(494, 687, 5, 3, 'false', 'true', '$6.97'),
(495, 775, 3, 1, 'true', 'true', '$3.87'),
(496, 291, 5, 1, 'true', 'false', '$4.08'),
(497, 996, 1, 2, 'false', 'true', '$1.81'),
(498, 382, 2, 4, 'true', 'false', '$4.84'),
(499, 291, 2, 2, 'false', 'false', '$8.52'),
(500, 510, 5, 5, 'true', 'true', '$6.32'),
(501, 11, 1, 5, 'false', 'true', '$8.92'),
(502, 363, 3, 2, 'false', 'false', '$0.51'),
(503, 693, 4, 3, 'true', 'true', '$1.21'),
(504, 541, 1, 3, 'true', 'false', '$3.19'),
(505, 207, 4, 3, 'true', 'false', '$8.68'),
(506, 257, 1, 2, 'false', 'false', '$7.49'),
(507, 746, 4, 5, 'false', 'true', '$2.83'),
(508, 659, 2, 2, 'true', 'false', '$7.74'),
(509, 439, 5, 1, 'true', 'false', '$3.79'),
(510, 683, 2, 1, 'false', 'false', '$3.09'),
(511, 267, 2, 1, 'false', 'false', '$2.01'),
(512, 162, 3, 3, 'false', 'true', '$8.08'),
(513, 21, 2, 1, 'true', 'false', '$4.77'),
(514, 739, 3, 3, 'true', 'false', '$3.99'),
(515, 492, 5, 2, 'true', 'true', '$1.46'),
(516, 407, 4, 1, 'false', 'true', '$4.83'),
(517, 412, 1, 3, 'true', 'false', '$9.54'),
(518, 608, 5, 1, 'false', 'false', '$3.10'),
(519, 609, 4, 4, 'true', 'false', '$8.03'),
(520, 945, 2, 2, 'false', 'false', '$8.84'),
(521, 174, 1, 4, 'false', 'false', '$2.52'),
(522, 241, 1, 4, 'false', 'true', '$7.79'),
(523, 128, 4, 5, 'true', 'false', '$2.85'),
(524, 487, 2, 3, 'false', 'true', '$1.91'),
(525, 253, 4, 4, 'true', 'false', '$2.49'),
(526, 935, 1, 1, 'true', 'false', '$4.38'),
(527, 602, 2, 3, 'true', 'true', '$9.05'),
(528, 814, 5, 3, 'false', 'true', '$6.23'),
(529, 200, 4, 1, 'true', 'true', '$0.83'),
(530, 504, 1, 2, 'true', 'false', '$2.02'),
(531, 715, 3, 2, 'true', 'true', '$7.77'),
(532, 774, 3, 4, 'false', 'false', '$9.38'),
(533, 963, 4, 3, 'true', 'true', '$3.15'),
(534, 559, 2, 5, 'true', 'false', '$9.12'),
(535, 573, 2, 4, 'false', 'false', '$8.82'),
(536, 271, 1, 3, 'true', 'true', '$9.39'),
(537, 888, 1, 4, 'false', 'false', '$8.45'),
(538, 960, 3, 3, 'false', 'false', '$3.34'),
(539, 135, 3, 5, 'true', 'false', '$6.02'),
(540, 899, 2, 1, 'true', 'true', '$9.14'),
(541, 884, 4, 4, 'false', 'false', '$10.00'),
(542, 505, 4, 1, 'false', 'false', '$7.50'),
(543, 295, 1, 4, 'true', 'false', '$1.61'),
(544, 845, 3, 5, 'false', 'false', '$7.07'),
(545, 473, 4, 3, 'true', 'false', '$9.57'),
(546, 548, 3, 3, 'true', 'false', '$7.16'),
(547, 597, 4, 2, 'false', 'false', '$4.81'),
(548, 122, 3, 5, 'false', 'false', '$4.61'),
(549, 856, 4, 5, 'false', 'true', '$1.05'),
(550, 504, 5, 4, 'true', 'true', '$4.04'),
(551, 234, 3, 1, 'false', 'false', '$9.49'),
(552, 28, 1, 5, 'true', 'false', '$7.77'),
(553, 104, 4, 1, 'true', 'false', '$3.51'),
(554, 973, 2, 5, 'true', 'false', '$1.45'),
(555, 647, 1, 5, 'true', 'true', '$3.89'),
(556, 127, 5, 3, 'false', 'true', '$2.32'),
(557, 196, 2, 1, 'false', 'true', '$4.25'),
(558, 728, 1, 5, 'true', 'false', '$8.97'),
(559, 916, 1, 4, 'false', 'true', '$4.30'),
(560, 924, 3, 3, 'true', 'false', '$7.57'),
(561, 412, 5, 5, 'false', 'true', '$4.79'),
(562, 930, 5, 5, 'false', 'false', '$6.57'),
(563, 181, 4, 4, 'true', 'true', '$8.56'),
(564, 475, 5, 5, 'true', 'false', '$9.03'),
(565, 933, 3, 2, 'false', 'false', '$4.55'),
(566, 196, 1, 4, 'true', 'false', '$4.21'),
(567, 247, 1, 2, 'false', 'false', '$3.32'),
(568, 284, 5, 3, 'false', 'false', '$4.91'),
(569, 377, 3, 2, 'true', 'false', '$9.33'),
(570, 407, 2, 1, 'false', 'true', '$6.50'),
(571, 34, 4, 2, 'false', 'false', '$7.58'),
(572, 3, 3, 1, 'false', 'false', '$6.07'),
(573, 737, 4, 2, 'false', 'false', '$2.28'),
(574, 184, 3, 3, 'false', 'false', '$9.61'),
(575, 149, 4, 4, 'true', 'false', '$6.64'),
(576, 132, 5, 4, 'false', 'false', '$6.27'),
(577, 230, 1, 3, 'false', 'false', '$7.86'),
(578, 881, 4, 4, 'false', 'true', '$7.48'),
(579, 644, 2, 4, 'false', 'true', '$1.76'),
(580, 10, 4, 5, 'true', 'false', '$0.58'),
(581, 595, 4, 3, 'false', 'true', '$2.89'),
(582, 697, 5, 4, 'true', 'true', '$5.95'),
(583, 369, 4, 3, 'true', 'false', '$7.41'),
(584, 51, 2, 1, 'false', 'true', '$7.01'),
(585, 611, 1, 2, 'true', 'false', '$2.81'),
(586, 671, 4, 5, 'true', 'false', '$6.06'),
(587, 382, 4, 4, 'false', 'false', '$6.15'),
(588, 541, 5, 2, 'false', 'false', '$1.79'),
(589, 474, 1, 3, 'false', 'true', '$6.16'),
(590, 54, 3, 5, 'true', 'true', '$0.35'),
(591, 388, 3, 5, 'false', 'true', '$5.04'),
(592, 445, 5, 5, 'true', 'false', '$0.02'),
(593, 548, 3, 5, 'false', 'true', '$7.31'),
(594, 396, 5, 5, 'true', 'true', '$3.38'),
(595, 679, 4, 5, 'true', 'false', '$1.39'),
(596, 713, 2, 4, 'true', 'false', '$5.83'),
(597, 236, 1, 4, 'true', 'false', '$5.64'),
(598, 691, 2, 4, 'false', 'true', '$0.77'),
(599, 424, 3, 3, 'false', 'false', '$5.21'),
(600, 538, 5, 4, 'true', 'true', '$1.26'),
(601, 216, 3, 1, 'false', 'true', '$3.57'),
(602, 347, 3, 4, 'true', 'true', '$1.04'),
(603, 141, 4, 5, 'true', 'false', '$8.61'),
(604, 656, 2, 2, 'true', 'true', '$1.43'),
(605, 354, 2, 3, 'true', 'false', '$9.99'),
(606, 83, 5, 5, 'false', 'false', '$9.15'),
(607, 591, 5, 1, 'true', 'true', '$7.12'),
(608, 399, 2, 1, 'true', 'false', '$3.94'),
(609, 233, 1, 2, 'false', 'false', '$5.20'),
(610, 286, 4, 1, 'true', 'false', '$9.98'),
(611, 265, 4, 1, 'true', 'false', '$4.69'),
(612, 293, 3, 1, 'true', 'false', '$7.77'),
(613, 914, 2, 2, 'false', 'true', '$6.00'),
(614, 721, 5, 4, 'false', 'true', '$4.95'),
(615, 926, 4, 3, 'false', 'false', '$8.62'),
(616, 627, 3, 3, 'true', 'false', '$3.46'),
(617, 122, 4, 1, 'true', 'false', '$6.97'),
(618, 317, 5, 3, 'true', 'true', '$2.39'),
(619, 710, 5, 3, 'true', 'true', '$6.30'),
(620, 27, 3, 1, 'true', 'true', '$6.34'),
(621, 797, 3, 4, 'false', 'false', '$0.63'),
(622, 134, 1, 2, 'true', 'false', '$8.69'),
(623, 510, 4, 3, 'false', 'false', '$1.65'),
(624, 568, 5, 3, 'true', 'false', '$1.21'),
(625, 734, 2, 1, 'true', 'false', '$4.91'),
(626, 748, 2, 4, 'false', 'false', '$0.02'),
(627, 971, 3, 2, 'false', 'false', '$2.10'),
(628, 805, 3, 1, 'true', 'false', '$2.36'),
(629, 206, 3, 4, 'true', 'false', '$2.41'),
(630, 809, 5, 5, 'true', 'true', '$7.81'),
(631, 43, 5, 3, 'true', 'false', '$3.52'),
(632, 703, 3, 1, 'true', 'true', '$6.41'),
(633, 453, 5, 3, 'false', 'false', '$8.22'),
(634, 470, 1, 4, 'false', 'false', '$9.73'),
(635, 23, 1, 4, 'false', 'false', '$5.28'),
(636, 678, 2, 4, 'false', 'false', '$0.98'),
(637, 621, 3, 2, 'false', 'true', '$2.80'),
(638, 89, 2, 1, 'true', 'true', '$5.93'),
(639, 435, 3, 3, 'true', 'true', '$4.19'),
(640, 950, 1, 2, 'false', 'true', '$4.07'),
(641, 333, 5, 2, 'false', 'false', '$0.47'),
(642, 405, 2, 3, 'true', 'true', '$5.81'),
(643, 290, 2, 5, 'true', 'true', '$4.54'),
(644, 374, 5, 4, 'true', 'false', '$5.41'),
(645, 5, 4, 5, 'true', 'true', '$0.64'),
(646, 953, 2, 5, 'false', 'false', '$0.28'),
(647, 962, 4, 5, 'true', 'true', '$3.28'),
(648, 955, 5, 5, 'true', 'true', '$7.11'),
(649, 821, 1, 4, 'false', 'false', '$4.37'),
(650, 399, 5, 1, 'true', 'true', '$8.35'),
(651, 85, 5, 1, 'true', 'true', '$2.74'),
(652, 79, 1, 5, 'true', 'false', '$8.31'),
(653, 4, 5, 2, 'true', 'false', '$2.57'),
(654, 492, 2, 3, 'true', 'false', '$2.41'),
(655, 622, 4, 4, 'false', 'false', '$7.35'),
(656, 666, 5, 5, 'false', 'false', '$1.78'),
(657, 867, 4, 5, 'false', 'true', '$4.77'),
(658, 628, 5, 2, 'true', 'true', '$0.03'),
(659, 96, 3, 2, 'true', 'true', '$7.15'),
(660, 79, 1, 4, 'false', 'false', '$1.24'),
(661, 474, 3, 1, 'false', 'true', '$2.61'),
(662, 528, 1, 4, 'false', 'false', '$8.79'),
(663, 594, 4, 2, 'true', 'true', '$8.71'),
(664, 930, 5, 2, 'true', 'false', '$0.27'),
(665, 724, 4, 1, 'true', 'false', '$0.65'),
(666, 841, 5, 5, 'true', 'true', '$0.07'),
(667, 74, 3, 1, 'false', 'true', '$7.88'),
(668, 809, 2, 4, 'false', 'false', '$4.10'),
(669, 976, 3, 3, 'false', 'false', '$6.52'),
(670, 809, 4, 3, 'false', 'false', '$0.21'),
(671, 226, 2, 3, 'true', 'false', '$5.05'),
(672, 880, 2, 5, 'false', 'true', '$1.55'),
(673, 331, 5, 1, 'false', 'true', '$0.17'),
(674, 586, 1, 5, 'false', 'false', '$6.93'),
(675, 124, 1, 2, 'false', 'true', '$0.84'),
(676, 731, 3, 5, 'true', 'false', '$0.81'),
(677, 184, 3, 3, 'true', 'false', '$4.65'),
(678, 339, 3, 5, 'true', 'true', '$0.26'),
(679, 553, 5, 2, 'true', 'false', '$3.40'),
(680, 303, 1, 4, 'true', 'true', '$7.88'),
(681, 783, 3, 5, 'true', 'true', '$7.13'),
(682, 886, 2, 4, 'true', 'false', '$9.21'),
(683, 663, 1, 1, 'false', 'false', '$6.54'),
(684, 539, 1, 3, 'true', 'true', '$7.59'),
(685, 614, 5, 1, 'false', 'true', '$3.70'),
(686, 625, 3, 4, 'true', 'false', '$5.85'),
(687, 53, 2, 5, 'true', 'false', '$5.43'),
(688, 751, 1, 1, 'true', 'false', '$9.77'),
(689, 947, 5, 3, 'true', 'false', '$6.02'),
(690, 393, 3, 5, 'true', 'true', '$0.12'),
(691, 401, 3, 1, 'true', 'true', '$0.70'),
(692, 584, 2, 4, 'true', 'true', '$4.09'),
(693, 608, 5, 2, 'true', 'false', '$6.52'),
(694, 807, 1, 4, 'true', 'false', '$9.63'),
(695, 763, 2, 4, 'true', 'true', '$8.83'),
(696, 315, 2, 2, 'false', 'false', '$1.66'),
(697, 418, 2, 2, 'false', 'true', '$2.34'),
(698, 769, 2, 2, 'false', 'true', '$4.74'),
(699, 699, 1, 1, 'true', 'false', '$2.87'),
(700, 892, 5, 4, 'true', 'false', '$5.32'),
(701, 208, 4, 2, 'true', 'false', '$5.77'),
(702, 178, 3, 2, 'false', 'false', '$8.73'),
(703, 798, 2, 2, 'false', 'true', '$3.67'),
(704, 46, 1, 1, 'true', 'true', '$5.63'),
(705, 721, 2, 4, 'false', 'false', '$1.61'),
(706, 475, 1, 3, 'false', 'false', '$3.65'),
(707, 331, 4, 5, 'true', 'false', '$0.27'),
(708, 543, 2, 3, 'true', 'false', '$8.58'),
(709, 950, 2, 4, 'true', 'true', '$3.50'),
(710, 715, 3, 1, 'false', 'false', '$2.21'),
(711, 58, 4, 3, 'false', 'false', '$1.01'),
(712, 327, 4, 4, 'true', 'false', '$0.32'),
(713, 133, 1, 5, 'false', 'true', '$6.17'),
(714, 476, 2, 2, 'false', 'true', '$3.68'),
(715, 660, 4, 5, 'true', 'false', '$2.52'),
(716, 545, 1, 4, 'false', 'false', '$8.02'),
(717, 811, 1, 5, 'false', 'true', '$4.71'),
(718, 667, 5, 2, 'false', 'true', '$5.80'),
(719, 508, 4, 5, 'false', 'true', '$1.16'),
(720, 737, 1, 5, 'true', 'false', '$2.87'),
(721, 63, 4, 4, 'false', 'true', '$0.88'),
(722, 149, 5, 3, 'true', 'true', '$5.06'),
(723, 284, 3, 1, 'true', 'true', '$3.80'),
(724, 333, 1, 3, 'false', 'true', '$3.85'),
(725, 521, 5, 1, 'false', 'true', '$8.45'),
(726, 880, 5, 1, 'false', 'false', '$3.15'),
(727, 422, 3, 4, 'false', 'false', '$8.48'),
(728, 547, 2, 2, 'false', 'false', '$3.65'),
(729, 18, 3, 5, 'true', 'false', '$9.87'),
(730, 210, 5, 3, 'true', 'false', '$5.35'),
(731, 281, 2, 4, 'true', 'false', '$6.26'),
(732, 538, 2, 1, 'false', 'false', '$1.77'),
(733, 193, 4, 3, 'true', 'false', '$1.28'),
(734, 221, 4, 5, 'true', 'true', '$3.62'),
(735, 544, 5, 5, 'true', 'true', '$2.02'),
(736, 133, 5, 4, 'true', 'false', '$6.76'),
(737, 443, 2, 2, 'true', 'true', '$1.20'),
(738, 547, 3, 4, 'true', 'false', '$1.19'),
(739, 65, 1, 5, 'true', 'true', '$0.94'),
(740, 466, 4, 1, 'false', 'true', '$8.60'),
(741, 931, 1, 1, 'false', 'true', '$5.11'),
(742, 854, 2, 4, 'true', 'false', '$3.46'),
(743, 982, 1, 2, 'false', 'true', '$7.04'),
(744, 599, 3, 1, 'false', 'true', '$1.00'),
(745, 40, 4, 3, 'false', 'true', '$2.48'),
(746, 591, 2, 1, 'true', 'false', '$5.90'),
(747, 615, 5, 4, 'true', 'false', '$8.34'),
(748, 340, 4, 5, 'false', 'false', '$6.10'),
(749, 699, 5, 4, 'true', 'true', '$6.25'),
(750, 483, 3, 5, 'true', 'false', '$5.39'),
(751, 397, 3, 4, 'true', 'true', '$6.26'),
(752, 243, 1, 5, 'true', 'true', '$8.16'),
(753, 133, 1, 4, 'true', 'true', '$5.75'),
(754, 375, 5, 3, 'false', 'false', '$4.29'),
(755, 306, 1, 1, 'true', 'false', '$6.79'),
(756, 38, 3, 5, 'true', 'true', '$6.84'),
(757, 992, 2, 3, 'true', 'false', '$4.10'),
(758, 878, 2, 3, 'false', 'true', '$3.52'),
(759, 508, 1, 1, 'false', 'false', '$9.41'),
(760, 979, 5, 5, 'true', 'true', '$3.62'),
(761, 188, 4, 3, 'true', 'false', '$3.84'),
(762, 809, 2, 4, 'true', 'false', '$3.67'),
(763, 655, 1, 4, 'true', 'true', '$6.89'),
(764, 279, 4, 2, 'false', 'true', '$4.70'),
(765, 686, 2, 1, 'false', 'true', '$8.42'),
(766, 66, 4, 5, 'false', 'true', '$3.98'),
(767, 347, 5, 5, 'true', 'false', '$9.26'),
(768, 476, 4, 2, 'false', 'true', '$6.44'),
(769, 130, 2, 2, 'true', 'true', '$8.82'),
(770, 16, 4, 5, 'false', 'true', '$6.76'),
(771, 961, 2, 1, 'false', 'false', '$1.82'),
(772, 81, 1, 4, 'false', 'false', '$3.04'),
(773, 106, 3, 5, 'true', 'true', '$4.82'),
(774, 481, 4, 5, 'true', 'false', '$9.79'),
(775, 558, 4, 5, 'true', 'false', '$4.85'),
(776, 908, 3, 2, 'true', 'true', '$7.40'),
(777, 38, 2, 4, 'true', 'false', '$4.38'),
(778, 204, 1, 4, 'false', 'true', '$9.13'),
(779, 815, 4, 1, 'true', 'true', '$2.72'),
(780, 144, 5, 4, 'true', 'false', '$4.15'),
(781, 557, 2, 5, 'true', 'true', '$4.94'),
(782, 728, 3, 5, 'false', 'true', '$0.65'),
(783, 768, 4, 1, 'true', 'false', '$4.26'),
(784, 400, 2, 3, 'false', 'false', '$7.23'),
(785, 373, 3, 2, 'false', 'false', '$3.02'),
(786, 52, 5, 2, 'false', 'true', '$5.82'),
(787, 37, 3, 4, 'true', 'false', '$7.56'),
(788, 814, 1, 2, 'true', 'false', '$1.45'),
(789, 69, 2, 5, 'false', 'false', '$2.46'),
(790, 539, 5, 2, 'false', 'false', '$0.45'),
(791, 144, 5, 3, 'false', 'false', '$0.79'),
(792, 853, 3, 2, 'true', 'true', '$3.41'),
(793, 113, 4, 3, 'false', 'true', '$5.09'),
(794, 405, 2, 4, 'true', 'true', '$0.42'),
(795, 730, 3, 4, 'false', 'true', '$1.12'),
(796, 277, 2, 5, 'false', 'true', '$7.57'),
(797, 173, 1, 4, 'true', 'true', '$2.97'),
(798, 439, 2, 3, 'true', 'false', '$1.75'),
(799, 310, 4, 3, 'false', 'true', '$7.78'),
(800, 172, 1, 5, 'true', 'true', '$7.97'),
(801, 23, 3, 2, 'false', 'true', '$9.85'),
(802, 745, 2, 5, 'true', 'true', '$6.10'),
(803, 155, 1, 4, 'false', 'true', '$7.28'),
(804, 741, 1, 3, 'true', 'true', '$4.72'),
(805, 441, 4, 2, 'true', 'true', '$4.31'),
(806, 631, 4, 4, 'false', 'true', '$4.42'),
(807, 643, 2, 4, 'true', 'true', '$1.68'),
(808, 970, 3, 5, 'false', 'false', '$5.43'),
(809, 610, 5, 3, 'false', 'true', '$5.48'),
(810, 991, 4, 3, 'false', 'true', '$6.11'),
(811, 486, 2, 1, 'false', 'false', '$2.74'),
(812, 683, 2, 4, 'false', 'true', '$7.44'),
(813, 789, 2, 4, 'false', 'false', '$9.29'),
(814, 755, 4, 2, 'false', 'false', '$6.05'),
(815, 751, 4, 4, 'false', 'true', '$0.35'),
(816, 129, 2, 5, 'true', 'true', '$8.97'),
(817, 221, 5, 5, 'false', 'false', '$2.68'),
(818, 753, 1, 1, 'true', 'false', '$3.69'),
(819, 653, 1, 4, 'true', 'false', '$1.61'),
(820, 423, 3, 4, 'true', 'true', '$0.16'),
(821, 464, 2, 3, 'true', 'true', '$2.21'),
(822, 443, 5, 3, 'false', 'true', '$4.30'),
(823, 224, 4, 1, 'true', 'false', '$5.25'),
(824, 64, 4, 3, 'false', 'false', '$0.72'),
(825, 7, 2, 1, 'false', 'false', '$0.20'),
(826, 137, 4, 4, 'true', 'false', '$7.49'),
(827, 842, 5, 3, 'true', 'true', '$9.33'),
(828, 107, 1, 5, 'true', 'false', '$1.70'),
(829, 649, 2, 2, 'true', 'true', '$8.06'),
(830, 368, 2, 5, 'false', 'true', '$5.33'),
(831, 341, 1, 2, 'true', 'false', '$7.56'),
(832, 183, 3, 2, 'true', 'true', '$5.72'),
(833, 573, 4, 1, 'true', 'false', '$4.99'),
(834, 485, 2, 3, 'true', 'true', '$0.48'),
(835, 915, 5, 3, 'true', 'true', '$2.75'),
(836, 310, 5, 4, 'false', 'true', '$1.06'),
(837, 508, 4, 1, 'false', 'true', '$4.95'),
(838, 779, 1, 4, 'true', 'false', '$6.20'),
(839, 955, 3, 1, 'false', 'true', '$3.19'),
(840, 324, 5, 2, 'true', 'true', '$5.79'),
(841, 488, 1, 5, 'false', 'true', '$1.12'),
(842, 786, 1, 5, 'true', 'true', '$3.05'),
(843, 808, 3, 5, 'false', 'false', '$7.77'),
(844, 677, 3, 1, 'true', 'false', '$0.42'),
(845, 652, 4, 5, 'true', 'false', '$4.04'),
(846, 927, 5, 1, 'false', 'false', '$9.56'),
(847, 188, 2, 1, 'true', 'true', '$0.74'),
(848, 987, 3, 2, 'true', 'false', '$6.91'),
(849, 824, 2, 1, 'false', 'false', '$1.64'),
(850, 937, 2, 1, 'false', 'false', '$4.82'),
(851, 972, 4, 4, 'true', 'false', '$0.88'),
(852, 92, 2, 3, 'true', 'false', '$6.10'),
(853, 439, 5, 5, 'false', 'false', '$4.13'),
(854, 457, 2, 4, 'false', 'false', '$7.28'),
(855, 359, 4, 2, 'false', 'false', '$3.08'),
(856, 408, 3, 1, 'true', 'false', '$9.48'),
(857, 800, 2, 2, 'true', 'true', '$9.60'),
(858, 703, 3, 3, 'true', 'true', '$8.18'),
(859, 752, 4, 3, 'false', 'false', '$4.82'),
(860, 683, 3, 4, 'false', 'false', '$9.89'),
(861, 927, 1, 3, 'false', 'true', '$8.51'),
(862, 339, 4, 3, 'false', 'true', '$2.90'),
(863, 321, 3, 3, 'true', 'false', '$6.84'),
(864, 158, 1, 5, 'true', 'true', '$5.10'),
(865, 152, 1, 1, 'true', 'false', '$1.66'),
(866, 937, 5, 2, 'true', 'true', '$3.04'),
(867, 32, 4, 1, 'true', 'true', '$1.93'),
(868, 198, 1, 1, 'true', 'true', '$2.21'),
(869, 507, 2, 2, 'false', 'false', '$3.18'),
(870, 104, 5, 3, 'true', 'true', '$2.37'),
(871, 141, 1, 4, 'false', 'true', '$9.33'),
(872, 450, 4, 3, 'false', 'true', '$7.88'),
(873, 978, 4, 1, 'false', 'false', '$3.44'),
(874, 995, 3, 2, 'false', 'false', '$3.20'),
(875, 444, 4, 3, 'false', 'false', '$3.80'),
(876, 610, 2, 2, 'false', 'true', '$7.33'),
(877, 293, 2, 4, 'false', 'false', '$3.74'),
(878, 7, 2, 5, 'true', 'true', '$5.47'),
(879, 509, 4, 4, 'false', 'true', '$5.77'),
(880, 784, 4, 4, 'false', 'true', '$9.35'),
(881, 770, 2, 4, 'true', 'true', '$4.20'),
(882, 528, 3, 5, 'true', 'true', '$3.90'),
(883, 515, 3, 1, 'true', 'false', '$1.58'),
(884, 257, 2, 5, 'false', 'false', '$9.22'),
(885, 730, 3, 1, 'false', 'true', '$9.65'),
(886, 34, 2, 3, 'false', 'true', '$3.87'),
(887, 45, 5, 2, 'true', 'false', '$0.83'),
(888, 467, 3, 1, 'true', 'false', '$9.32'),
(889, 908, 4, 4, 'false', 'false', '$5.66'),
(890, 866, 4, 5, 'false', 'true', '$8.67'),
(891, 487, 5, 3, 'true', 'true', '$3.16'),
(892, 285, 4, 5, 'false', 'false', '$1.68'),
(893, 341, 5, 4, 'false', 'false', '$5.22'),
(894, 806, 4, 4, 'true', 'true', '$9.20'),
(895, 51, 4, 1, 'false', 'false', '$1.55'),
(896, 38, 3, 5, 'false', 'true', '$0.07'),
(897, 57, 5, 3, 'false', 'false', '$4.68'),
(898, 70, 2, 4, 'true', 'false', '$2.25'),
(899, 862, 1, 4, 'false', 'true', '$7.63'),
(900, 877, 3, 2, 'false', 'true', '$5.15'),
(901, 380, 4, 3, 'false', 'false', '$7.88'),
(902, 484, 4, 2, 'false', 'false', '$2.29'),
(903, 410, 1, 4, 'false', 'true', '$8.43'),
(904, 212, 5, 5, 'false', 'false', '$5.77'),
(905, 815, 3, 2, 'true', 'true', '$1.83'),
(906, 602, 4, 5, 'true', 'false', '$6.45'),
(907, 317, 3, 5, 'false', 'false', '$3.05'),
(908, 270, 1, 1, 'true', 'true', '$3.52'),
(909, 584, 2, 3, 'true', 'true', '$5.49'),
(910, 804, 1, 5, 'false', 'false', '$7.90'),
(911, 645, 3, 2, 'false', 'false', '$1.53'),
(912, 375, 4, 3, 'false', 'true', '$8.56'),
(913, 76, 5, 2, 'false', 'false', '$6.94'),
(914, 291, 5, 4, 'true', 'false', '$7.51'),
(915, 227, 5, 5, 'false', 'true', '$8.69'),
(916, 953, 4, 2, 'false', 'true', '$4.05'),
(917, 427, 4, 3, 'true', 'true', '$0.08'),
(918, 450, 4, 4, 'false', 'true', '$4.55'),
(919, 862, 1, 2, 'true', 'true', '$3.39'),
(920, 987, 4, 3, 'true', 'false', '$5.77'),
(921, 587, 2, 3, 'false', 'false', '$6.68'),
(922, 243, 1, 1, 'true', 'true', '$1.90'),
(923, 240, 2, 3, 'true', 'true', '$3.71'),
(924, 29, 2, 2, 'false', 'false', '$1.39'),
(925, 358, 5, 4, 'false', 'true', '$1.37'),
(926, 249, 5, 3, 'true', 'false', '$2.28'),
(927, 744, 4, 4, 'false', 'false', '$5.37'),
(928, 484, 1, 2, 'true', 'true', '$6.18'),
(929, 793, 3, 3, 'false', 'true', '$5.04'),
(930, 364, 4, 5, 'false', 'false', '$4.65'),
(931, 10, 5, 3, 'false', 'false', '$7.56'),
(932, 225, 3, 4, 'true', 'true', '$3.32'),
(933, 216, 3, 5, 'false', 'false', '$4.57'),
(934, 25, 1, 5, 'false', 'true', '$5.80'),
(935, 968, 5, 2, 'true', 'true', '$3.15'),
(936, 217, 5, 2, 'true', 'false', '$9.23'),
(937, 301, 4, 5, 'false', 'true', '$4.26'),
(938, 927, 5, 2, 'true', 'true', '$7.43'),
(939, 931, 3, 2, 'true', 'true', '$0.28'),
(940, 298, 1, 1, 'true', 'true', '$6.13'),
(941, 373, 5, 5, 'false', 'true', '$0.40'),
(942, 408, 3, 1, 'false', 'false', '$0.22'),
(943, 910, 2, 1, 'false', 'true', '$0.91'),
(944, 410, 2, 3, 'false', 'false', '$2.20'),
(945, 931, 1, 5, 'true', 'true', '$4.37'),
(946, 203, 3, 1, 'false', 'true', '$0.63'),
(947, 194, 1, 2, 'true', 'true', '$9.95'),
(948, 649, 1, 4, 'true', 'true', '$6.40'),
(949, 159, 5, 1, 'false', 'false', '$8.94'),
(950, 74, 5, 3, 'false', 'false', '$9.48'),
(951, 275, 4, 4, 'true', 'false', '$8.69'),
(952, 36, 2, 2, 'false', 'true', '$5.60'),
(953, 769, 2, 5, 'false', 'true', '$9.96'),
(954, 974, 4, 4, 'true', 'false', '$9.06'),
(955, 262, 4, 5, 'true', 'true', '$3.36'),
(956, 549, 3, 5, 'true', 'true', '$4.44'),
(957, 464, 5, 1, 'false', 'false', '$4.53'),
(958, 37, 4, 3, 'true', 'true', '$6.98'),
(959, 382, 4, 1, 'true', 'true', '$5.14'),
(960, 504, 3, 2, 'false', 'false', '$9.59'),
(961, 339, 1, 4, 'true', 'false', '$2.83'),
(962, 451, 1, 3, 'false', 'true', '$8.55'),
(963, 856, 2, 2, 'true', 'true', '$1.41'),
(964, 842, 1, 4, 'true', 'true', '$5.12'),
(965, 655, 1, 3, 'true', 'false', '$1.63'),
(966, 64, 3, 5, 'true', 'true', '$8.44'),
(967, 695, 2, 4, 'true', 'false', '$9.06'),
(968, 782, 2, 1, 'true', 'false', '$4.92'),
(969, 192, 5, 2, 'true', 'false', '$6.53'),
(970, 760, 4, 5, 'true', 'true', '$6.97'),
(971, 483, 4, 4, 'true', 'false', '$9.67'),
(972, 671, 2, 1, 'false', 'true', '$0.20'),
(973, 519, 1, 2, 'true', 'false', '$7.79'),
(974, 894, 1, 4, 'false', 'true', '$8.79'),
(975, 176, 2, 3, 'false', 'true', '$7.36'),
(976, 794, 4, 3, 'false', 'true', '$2.41'),
(977, 628, 5, 1, 'false', 'false', '$7.95'),
(978, 262, 5, 3, 'false', 'true', '$7.92'),
(979, 224, 4, 5, 'true', 'true', '$3.42'),
(980, 798, 1, 3, 'false', 'false', '$1.34'),
(981, 379, 1, 5, 'false', 'false', '$6.95'),
(982, 531, 5, 3, 'true', 'false', '$4.04'),
(983, 813, 1, 3, 'true', 'true', '$8.33'),
(984, 455, 1, 5, 'false', 'true', '$6.00'),
(985, 606, 1, 1, 'false', 'false', '$1.61'),
(986, 979, 3, 3, 'true', 'false', '$5.95'),
(987, 448, 4, 2, 'true', 'true', '$0.96'),
(988, 686, 2, 3, 'false', 'true', '$4.01'),
(989, 251, 4, 4, 'false', 'true', '$4.68'),
(990, 901, 1, 5, 'true', 'false', '$6.29'),
(991, 606, 3, 2, 'false', 'true', '$7.35'),
(992, 935, 1, 2, 'true', 'true', '$1.52'),
(993, 719, 3, 2, 'true', 'false', '$4.17'),
(994, 509, 3, 2, 'true', 'false', '$0.55'),
(995, 595, 2, 4, 'true', 'true', '$9.51'),
(996, 901, 5, 3, 'true', 'false', '$7.35'),
(997, 860, 2, 1, 'true', 'true', '$5.88'),
(998, 792, 4, 2, 'true', 'false', '$3.85'),
(999, 442, 1, 4, 'true', 'true', '$3.50'),
(1000, 553, 1, 2, 'true', 'true', '$0.35');

-- --------------------------------------------------------

--
-- Table structure for table `gender_tbl`
--

CREATE TABLE `gender_tbl` (
  `GenderID` int(11) NOT NULL,
  `Gender` varchar(10) NOT NULL
) ENGINE=InnoDB DEFAULT CHARSET=utf8;

--
-- Dumping data for table `gender_tbl`
--

INSERT INTO `gender_tbl` (`GenderID`, `Gender`) VALUES
(1, 'Boys'),
(2, 'Girls'),
(3, 'Unisex');

-- --------------------------------------------------------

--
-- Table structure for table `genre_tbl`
--

CREATE TABLE `genre_tbl` (
  `GenreID` int(11) NOT NULL,
  `Genre` varchar(50) NOT NULL
) ENGINE=InnoDB DEFAULT CHARSET=utf8;

--
-- Dumping data for table `genre_tbl`
--

INSERT INTO `genre_tbl` (`GenreID`, `Genre`) VALUES
(1, 'Jazz/Classic'),
(2, 'Techno/Funky'),
(3, 'Indie/Sustainable'),
(4, 'Hip Hop/Streetwear'),
(5, 'Pop/Trendy'),
(6, 'Lullaby/PJs');

-- --------------------------------------------------------

--
-- Table structure for table `genus_tbl`
--

CREATE TABLE `genus_tbl` (
  `GenusID` int(11) NOT NULL,
  `StyleID` varchar(4) DEFAULT NULL,
  `Genus` varchar(50) NOT NULL
) ENGINE=InnoDB DEFAULT CHARSET=utf8;

--
-- Dumping data for table `genus_tbl`
--

INSERT INTO `genus_tbl` (`GenusID`, `StyleID`, `Genus`) VALUES
(1, '2', 'Aylmore'),
(2, '3', 'McVicker'),
(3, '3', 'Simonelli'),
(4, '3', 'Beazley'),
(5, '2', 'Whitwood'),
(6, '3', 'Farlane'),
(7, '1', 'Zappel'),
(8, '4', 'Boate'),
(9, '3', 'Petroulis'),
(10, '2', 'Szymanowski'),
(11, '1', 'Trustrie'),
(12, '1', 'Gogerty'),
(13, '4', 'Wallentin'),
(14, '3', 'Wendover'),
(15, '4', 'Rust'),
(16, '1', 'Dartan'),
(17, '1', 'Calladine'),
(18, '4', 'Arington'),
(19, '3', 'Skelington'),
(20, '4', 'Ledgard'),
(21, '2', 'Inkpen'),
(22, '3', 'Loyndon'),
(23, '2', 'Berkelay'),
(24, '1', 'Rabjohn'),
(25, '3', 'Wellings'),
(26, '3', 'Bullene'),
(27, '1', 'Avrasin'),
(28, '3', 'Lacroix'),
(29, '1', 'Breydin'),
(30, '4', 'Woller'),
(31, '1', 'Dermott'),
(32, '2', 'Hulett'),
(33, '1', 'Tretter'),
(34, '4', 'Brigginshaw'),
(35, '2', 'Barnewell'),
(36, '3', 'Fereday'),
(37, '4', 'Champniss'),
(38, '2', 'Benard'),
(39, '3', 'Kinforth'),
(40, '3', 'Gooly'),
(41, '3', 'Mamwell'),
(42, '4', 'Steinham'),
(43, '4', 'MacKay'),
(44, '2', 'Insley'),
(45, '2', 'Impleton'),
(46, '1', 'Woolmington'),
(47, '2', 'Caslett'),
(48, '3', 'Frangello'),
(49, '4', 'Edworthie'),
(50, '1', 'Danilowicz'),
(51, '4', 'Wisdom'),
(52, '2', 'Strond'),
(53, '1', 'Kirman'),
(54, '3', 'Wittleton'),
(55, '1', 'Smeed'),
(56, '3', 'Ties'),
(57, '2', 'Saben'),
(58, '1', 'Doyle'),
(59, '4', 'Kitteman'),
(60, '1', 'Elacoate'),
(61, '3', 'Monnelly'),
(62, '2', 'Gillbanks'),
(63, '3', 'Pilfold'),
(64, '1', 'Croft'),
(65, '2', 'Bycraft'),
(66, '3', 'Maass'),
(67, '3', 'Haydock'),
(68, '2', 'Abrahamson'),
(69, '2', 'Olivie'),
(70, '4', 'Rosel'),
(71, '1', 'Clitsome'),
(72, '2', 'Dovey'),
(73, '2', 'Christiensen'),
(74, '4', 'Nottingham'),
(75, '1', 'Guidini'),
(76, '4', 'Sperry'),
(77, '2', 'McVeighty'),
(78, '2', 'Gainfort'),
(79, '4', 'Kaiser'),
(80, '4', 'Crowter'),
(81, '1', 'Dewfall'),
(82, '1', 'Peachey'),
(83, '2', 'Bausor'),
(84, '4', 'Broscombe'),
(85, '2', 'Banasiak'),
(86, '1', 'Musk'),
(87, '3', 'Benduhn'),
(88, '2', 'Tinmouth'),
(89, '4', 'Leonard'),
(90, '3', 'Prodrick'),
(91, '4', 'Luff'),
(92, '1', 'Battista'),
(93, '4', 'Esler'),
(94, '3', 'Dalligan'),
(95, '2', 'Rooke'),
(96, '4', 'Eustace'),
(97, '3', 'Chaudron'),
(98, '2', 'Naismith'),
(99, '3', 'Ortzen'),
(100, '1', 'Fagge');

-- --------------------------------------------------------

--
-- Table structure for table `item_color_tbl`
--

CREATE TABLE `item_color_tbl` (
  `ItemColorID` int(11) NOT NULL,
  `ItemID` varchar(50) CHARACTER SET utf8 NOT NULL,
  `ColorID` int(11) NOT NULL
) ENGINE=InnoDB DEFAULT CHARSET=latin1;

--
-- Dumping data for table `item_color_tbl`
--

INSERT INTO `item_color_tbl` (`ItemColorID`, `ItemID`, `ColorID`) VALUES
(1, '229', 271),
(2, '102', 10),
(3, '55', 260),
(4, '10', 287),
(5, '280', 18),
(6, '62', 248),
(7, '229', 86),
(8, '103', 55),
(9, '91', 235),
(10, '219', 147),
(11, '137', 6),
(12, '88', 120),
(13, '67', 235),
(14, '87', 233),
(15, '92', 23),
(16, '196', 200),
(17, '29', 239),
(18, '76', 60),
(19, '265', 213),
(20, '22', 83),
(21, '68', 190),
(22, '149', 271),
(23, '217', 18),
(24, '248', 166),
(25, '98', 79),
(26, '46', 285),
(27, '190', 106),
(28, '57', 227),
(29, '73', 188),
(30, '252', 48),
(31, '55', 238),
(32, '68', 146),
(33, '160', 125),
(34, '94', 47),
(35, '155', 70),
(36, '15', 3),
(37, '123', 250),
(38, '53', 88),
(39, '33', 47),
(40, '266', 55),
(41, '40', 61),
(42, '195', 85),
(43, '27', 283),
(44, '139', 220),
(45, '50', 32),
(46, '87', 31),
(47, '253', 158),
(48, '41', 46),
(49, '134', 208),
(50, '172', 5),
(51, '213', 16),
(52, '240', 234),
(53, '122', 45),
(54, '134', 237),
(55, '171', 74),
(56, '22', 181),
(57, '123', 137),
(58, '103', 55),
(59, '258', 50),
(60, '236', 1),
(61, '27', 64),
(62, '136', 191),
(63, '164', 167),
(64, '94', 239),
(65, '149', 159),
(66, '122', 157),
(67, '49', 219),
(68, '215', 135),
(69, '260', 133),
(70, '3', 132),
(71, '191', 165),
(72, '190', 281),
(73, '133', 246),
(74, '279', 2),
(75, '238', 263),
(76, '109', 259),
(77, '125', 44),
(78, '248', 4),
(79, '117', 235),
(80, '190', 204),
(81, '21', 218),
(82, '41', 26),
(83, '135', 50),
(84, '68', 213),
(85, '259', 148),
(86, '140', 239),
(87, '83', 44),
(88, '284', 247),
(89, '150', 99),
(90, '119', 115),
(91, '266', 43),
(92, '183', 84),
(93, '179', 116),
(94, '72', 249),
(95, '254', 10),
(96, '57', 196),
(97, '89', 282),
(98, '128', 208),
(99, '66', 101),
(100, '104', 287),
(101, '131', 13),
(102, '236', 15),
(103, '188', 218),
(104, '266', 36),
(105, '218', 101),
(106, '293', 61),
(107, '105', 85),
(108, '110', 22),
(109, '140', 72),
(110, '49', 233),
(111, '232', 46),
(112, '99', 146),
(113, '163', 269),
(114, '108', 283),
(115, '154', 61),
(116, '282', 63),
(117, '295', 206),
(118, '164', 164),
(119, '33', 277),
(120, '143', 240),
(121, '102', 175),
(122, '125', 231),
(123, '22', 253),
(124, '95', 67),
(125, '37', 95),
(126, '159', 223),
(127, '84', 65),
(128, '66', 27),
(129, '27', 262),
(130, '63', 68),
(131, '240', 53),
(132, '179', 197),
(133, '53', 54),
(134, '165', 17),
(135, '233', 278),
(136, '198', 38),
(137, '94', 169),
(138, '59', 228),
(139, '268', 245),
(140, '29', 294),
(141, '227', 140),
(142, '269', 90),
(143, '13', 280),
(144, '230', 188),
(145, '108', 195),
(146, '233', 203),
(147, '142', 280),
(148, '244', 199),
(149, '149', 142),
(150, '122', 223),
(151, '177', 105),
(152, '158', 169),
(153, '125', 47),
(154, '118', 253),
(155, '137', 92),
(156, '31', 76),
(157, '61', 132),
(158, '218', 139),
(159, '286', 269),
(160, '289', 16),
(161, '211', 141),
(162, '178', 130),
(163, '261', 131),
(164, '68', 54),
(165, '191', 103),
(166, '295', 264),
(167, '113', 240),
(168, '60', 95),
(169, '168', 258),
(170, '116', 180),
(171, '173', 147),
(172, '128', 223),
(173, '141', 272),
(174, '75', 33),
(175, '263', 32),
(176, '41', 176),
(177, '209', 80),
(178, '156', 256),
(179, '268', 120),
(180, '27', 218),
(181, '265', 253),
(182, '240', 231),
(183, '182', 140),
(184, '288', 20),
(185, '151', 125),
(186, '159', 246),
(187, '113', 287),
(188, '214', 56),
(189, '100', 117),
(190, '295', 105),
(191, '286', 46),
(192, '66', 111),
(193, '125', 244),
(194, '164', 28),
(195, '91', 13),
(196, '126', 25),
(197, '248', 83),
(198, '286', 266),
(199, '195', 216),
(200, '205', 12),
(201, '24', 256),
(202, '267', 258),
(203, '216', 179),
(204, '272', 84),
(205, '128', 164),
(206, '63', 291),
(207, '240', 74),
(208, '187', 27),
(209, '260', 147),
(210, '81', 226),
(211, '22', 289),
(212, '80', 173),
(213, '24', 293),
(214, '257', 184),
(215, '139', 248),
(216, '189', 102),
(217, '137', 64),
(218, '287', 91),
(219, '88', 159),
(220, '10', 85),
(221, '55', 27),
(222, '298', 21),
(223, '212', 104),
(224, '9', 121),
(225, '20', 158),
(226, '132', 185),
(227, '87', 232),
(228, '88', 251),
(229, '161', 234),
(230, '163', 73),
(231, '115', 245),
(232, '105', 122),
(233, '5', 265),
(234, '22', 56),
(235, '231', 251),
(236, '145', 250),
(237, '103', 251),
(238, '196', 233),
(239, '120', 251),
(240, '192', 271),
(241, '222', 89),
(242, '292', 152),
(243, '163', 81),
(244, '98', 93),
(245, '33', 293),
(246, '100', 272),
(247, '148', 140),
(248, '50', 272),
(249, '67', 226),
(250, '182', 241),
(251, '191', 234),
(252, '260', 114),
(253, '186', 260),
(254, '233', 123),
(255, '11', 77),
(256, '113', 25),
(257, '86', 121),
(258, '241', 146),
(259, '143', 218),
(260, '123', 238),
(261, '80', 271),
(262, '6', 250),
(263, '27', 280),
(264, '26', 233),
(265, '243', 27),
(266, '246', 142),
(267, '299', 71),
(268, '87', 88),
(269, '171', 210),
(270, '216', 282),
(271, '93', 66),
(272, '30', 271),
(273, '56', 77),
(274, '12', 251),
(275, '57', 289),
(276, '249', 94),
(277, '120', 203),
(278, '227', 47),
(279, '25', 291),
(280, '290', 232),
(281, '269', 252),
(282, '105', 284),
(283, '221', 254),
(284, '149', 286),
(285, '211', 229),
(286, '249', 107),
(287, '95', 188),
(288, '20', 72),
(289, '228', 63),
(290, '191', 43),
(291, '172', 219),
(292, '130', 135),
(293, '239', 146),
(294, '39', 130),
(295, '35', 6),
(296, '233', 285),
(297, '104', 194),
(298, '270', 224),
(299, '285', 48),
(300, '47', 176),
(301, '207', 21),
(302, '101', 286),
(303, '12', 42),
(304, '15', 93),
(305, '142', 278),
(306, '147', 24),
(307, '154', 55),
(308, '272', 289),
(309, '257', 179),
(310, '71', 132),
(311, '244', 126),
(312, '60', 297),
(313, '177', 228),
(314, '89', 114),
(315, '288', 24),
(316, '104', 222),
(317, '277', 113),
(318, '45', 185),
(319, '211', 94),
(320, '87', 188),
(321, '38', 83),
(322, '103', 164),
(323, '28', 37),
(324, '231', 176),
(325, '255', 203),
(326, '166', 276),
(327, '152', 250),
(328, '260', 44),
(329, '78', 243),
(330, '238', 212),
(331, '294', 136),
(332, '177', 64),
(333, '1', 42),
(334, '254', 246),
(335, '289', 188),
(336, '256', 127),
(337, '75', 250),
(338, '125', 55),
(339, '191', 99),
(340, '255', 293),
(341, '139', 118),
(342, '247', 101),
(343, '186', 94),
(344, '221', 208),
(345, '283', 22),
(346, '168', 68),
(347, '25', 64),
(348, '233', 140),
(349, '180', 35),
(350, '115', 64),
(351, '210', 205),
(352, '148', 252),
(353, '244', 117),
(354, '94', 101),
(355, '272', 117),
(356, '227', 244),
(357, '93', 139),
(358, '169', 176),
(359, '237', 272),
(360, '280', 78),
(361, '13', 84),
(362, '31', 260),
(363, '17', 228),
(364, '46', 214),
(365, '144', 134),
(366, '179', 125),
(367, '229', 248),
(368, '298', 87),
(369, '298', 253),
(370, '286', 211),
(371, '280', 233),
(372, '134', 136),
(373, '6', 29),
(374, '39', 271),
(375, '72', 268),
(376, '183', 20),
(377, '93', 237),
(378, '211', 295),
(379, '31', 209),
(380, '172', 263),
(381, '168', 205),
(382, '161', 226),
(383, '190', 44),
(384, '175', 161),
(385, '29', 167),
(386, '22', 286),
(387, '66', 104),
(388, '300', 83),
(389, '135', 286),
(390, '3', 70),
(391, '101', 285),
(392, '251', 77),
(393, '61', 39),
(394, '170', 212),
(395, '290', 188),
(396, '246', 39),
(397, '246', 124),
(398, '138', 58),
(399, '243', 195),
(400, '291', 124),
(401, '254', 157),
(402, '121', 186),
(403, '142', 13),
(404, '289', 216),
(405, '299', 104),
(406, '272', 31),
(407, '271', 250),
(408, '15', 108),
(409, '217', 90),
(410, '51', 131),
(411, '53', 210),
(412, '104', 143),
(413, '56', 153),
(414, '63', 275),
(415, '229', 64),
(416, '19', 118),
(417, '228', 50),
(418, '54', 80),
(419, '42', 191),
(420, '81', 252),
(421, '144', 120),
(422, '178', 147),
(423, '163', 285),
(424, '50', 94),
(425, '176', 49),
(426, '157', 251),
(427, '236', 273),
(428, '67', 54),
(429, '151', 182),
(430, '94', 24),
(431, '2', 12),
(432, '251', 257),
(433, '134', 213),
(434, '53', 7),
(435, '142', 172),
(436, '154', 298),
(437, '107', 217),
(438, '20', 104),
(439, '293', 152),
(440, '291', 127),
(441, '117', 196),
(442, '117', 4),
(443, '259', 128),
(444, '230', 74),
(445, '208', 183),
(446, '300', 151),
(447, '1', 195),
(448, '202', 161),
(449, '273', 158),
(450, '201', 179),
(451, '42', 113),
(452, '16', 278),
(453, '62', 176),
(454, '113', 34),
(455, '135', 140),
(456, '159', 36),
(457, '72', 239),
(458, '228', 206),
(459, '257', 238),
(460, '266', 51),
(461, '194', 114),
(462, '144', 86),
(463, '189', 278),
(464, '216', 87),
(465, '219', 54),
(466, '44', 25),
(467, '56', 232),
(468, '124', 19),
(469, '112', 273),
(470, '24', 10),
(471, '108', 297),
(472, '155', 267),
(473, '97', 278),
(474, '214', 170),
(475, '42', 127),
(476, '201', 102),
(477, '107', 145),
(478, '156', 92),
(479, '74', 90),
(480, '161', 12),
(481, '5', 30),
(482, '96', 136),
(483, '93', 131),
(484, '235', 259),
(485, '263', 72),
(486, '122', 232),
(487, '163', 5),
(488, '210', 285),
(489, '277', 68),
(490, '245', 144),
(491, '41', 31),
(492, '184', 23),
(493, '192', 234),
(494, '91', 72),
(495, '173', 97),
(496, '194', 31),
(497, '247', 42),
(498, '87', 135),
(499, '74', 44),
(500, '82', 274),
(501, '241', 54),
(502, '236', 77),
(503, '263', 130),
(504, '178', 276),
(505, '184', 81),
(506, '245', 157),
(507, '33', 118),
(508, '270', 271),
(509, '59', 232),
(510, '88', 223),
(511, '58', 285),
(512, '181', 269),
(513, '243', 203),
(514, '127', 29),
(515, '210', 164),
(516, '288', 254),
(517, '170', 94),
(518, '79', 59),
(519, '206', 179),
(520, '127', 101),
(521, '213', 113),
(522, '60', 32),
(523, '5', 270),
(524, '97', 61),
(525, '264', 55),
(526, '143', 101),
(527, '87', 167),
(528, '33', 264),
(529, '217', 279),
(530, '28', 196),
(531, '139', 76),
(532, '125', 76),
(533, '142', 228),
(534, '51', 53),
(535, '246', 19),
(536, '110', 105),
(537, '40', 297),
(538, '117', 219),
(539, '220', 79),
(540, '241', 120),
(541, '18', 186),
(542, '274', 143),
(543, '164', 188),
(544, '68', 26),
(545, '14', 236),
(546, '170', 86),
(547, '253', 294),
(548, '136', 47),
(549, '268', 247),
(550, '286', 272),
(551, '77', 142),
(552, '137', 276),
(553, '128', 121),
(554, '198', 137),
(555, '74', 44),
(556, '126', 125),
(557, '145', 17),
(558, '6', 123),
(559, '25', 51),
(560, '114', 211),
(561, '151', 53),
(562, '110', 169),
(563, '245', 146),
(564, '282', 214),
(565, '61', 174),
(566, '211', 16),
(567, '108', 147),
(568, '192', 225),
(569, '198', 280),
(570, '109', 22),
(571, '133', 91),
(572, '286', 212),
(573, '20', 111),
(574, '68', 65),
(575, '278', 158),
(576, '260', 248),
(577, '156', 12),
(578, '280', 15),
(579, '129', 15),
(580, '204', 145),
(581, '66', 1),
(582, '8', 62),
(583, '103', 81),
(584, '266', 2),
(585, '293', 170),
(586, '75', 84),
(587, '40', 6),
(588, '84', 140),
(589, '248', 27),
(590, '194', 282),
(591, '189', 14),
(592, '82', 26),
(593, '31', 265),
(594, '66', 169),
(595, '80', 136),
(596, '145', 247),
(597, '157', 250),
(598, '182', 2),
(599, '102', 230),
(600, '202', 291),
(601, '141', 84),
(602, '201', 274),
(603, '218', 64),
(604, '17', 69),
(605, '199', 267),
(606, '117', 294),
(607, '30', 97),
(608, '175', 128),
(609, '90', 263),
(610, '84', 48),
(611, '283', 113),
(612, '184', 113),
(613, '49', 17),
(614, '22', 42),
(615, '145', 26),
(616, '64', 225),
(617, '228', 264),
(618, '42', 227),
(619, '178', 161),
(620, '176', 6),
(621, '110', 228),
(622, '241', 170),
(623, '174', 281),
(624, '181', 172),
(625, '25', 233),
(626, '218', 20),
(627, '27', 8),
(628, '279', 167),
(629, '288', 46),
(630, '64', 54),
(631, '97', 271),
(632, '75', 74),
(633, '44', 161),
(634, '124', 282),
(635, '189', 14),
(636, '167', 143),
(637, '98', 282),
(638, '13', 82),
(639, '221', 209),
(640, '184', 164),
(641, '202', 118),
(642, '81', 36),
(643, '230', 166),
(644, '285', 114),
(645, '69', 243),
(646, '5', 128),
(647, '173', 78),
(648, '100', 203),
(649, '291', 221),
(650, '199', 135),
(651, '261', 162),
(652, '260', 240),
(653, '109', 189),
(654, '253', 291),
(655, '237', 269),
(656, '191', 211),
(657, '205', 88),
(658, '245', 89),
(659, '2', 204),
(660, '235', 61),
(661, '296', 89),
(662, '38', 260),
(663, '291', 140),
(664, '244', 138),
(665, '85', 140),
(666, '156', 165),
(667, '21', 92),
(668, '83', 12),
(669, '223', 25),
(670, '167', 65),
(671, '264', 185),
(672, '218', 39),
(673, '9', 230),
(674, '47', 95),
(675, '36', 268),
(676, '196', 279),
(677, '195', 299),
(678, '24', 168),
(679, '295', 19),
(680, '206', 56),
(681, '170', 154),
(682, '167', 22),
(683, '187', 125),
(684, '160', 219),
(685, '50', 22),
(686, '12', 279),
(687, '31', 123),
(688, '38', 236),
(689, '183', 249),
(690, '77', 234),
(691, '94', 171),
(692, '36', 134),
(693, '146', 14),
(694, '95', 292),
(695, '201', 98),
(696, '199', 146),
(697, '227', 241),
(698, '195', 178),
(699, '156', 197),
(700, '84', 182),
(701, '240', 191),
(702, '180', 1),
(703, '32', 41),
(704, '133', 264),
(705, '51', 200),
(706, '135', 127),
(707, '219', 40),
(708, '230', 215),
(709, '128', 273),
(710, '102', 46),
(711, '262', 23),
(712, '77', 249),
(713, '159', 225),
(714, '169', 195),
(715, '144', 248),
(716, '3', 296),
(717, '77', 292),
(718, '207', 113),
(719, '275', 60),
(720, '96', 18),
(721, '26', 33),
(722, '55', 171),
(723, '22', 38),
(724, '173', 129),
(725, '123', 284),
(726, '45', 47),
(727, '300', 209),
(728, '156', 289),
(729, '159', 127),
(730, '82', 188),
(731, '246', 43),
(732, '22', 273),
(733, '39', 79),
(734, '258', 271),
(735, '273', 228),
(736, '268', 11),
(737, '129', 215),
(738, '224', 33),
(739, '212', 177),
(740, '160', 78),
(741, '24', 128),
(742, '264', 87),
(743, '184', 279),
(744, '123', 285),
(745, '131', 186),
(746, '259', 226),
(747, '57', 294),
(748, '263', 151),
(749, '174', 78),
(750, '226', 83),
(751, '266', 288),
(752, '42', 43),
(753, '151', 65),
(754, '282', 245),
(755, '228', 275),
(756, '266', 95),
(757, '83', 264),
(758, '222', 202),
(759, '24', 181),
(760, '12', 113),
(761, '255', 225),
(762, '173', 103),
(763, '245', 150),
(764, '186', 57),
(765, '184', 122),
(766, '206', 185),
(767, '192', 99),
(768, '259', 126),
(769, '120', 69),
(770, '148', 25),
(771, '2', 287),
(772, '210', 16),
(773, '210', 94),
(774, '287', 271),
(775, '270', 281),
(776, '18', 74),
(777, '212', 234),
(778, '55', 163),
(779, '186', 242),
(780, '64', 52),
(781, '80', 152),
(782, '205', 162),
(783, '206', 252),
(784, '146', 75),
(785, '191', 47),
(786, '234', 167),
(787, '85', 68),
(788, '252', 250),
(789, '32', 121),
(790, '191', 160),
(791, '232', 100),
(792, '272', 37),
(793, '101', 50),
(794, '269', 54),
(795, '217', 263),
(796, '233', 46),
(797, '241', 132),
(798, '77', 107),
(799, '35', 267),
(800, '129', 175),
(801, '28', 48),
(802, '293', 66),
(803, '152', 8),
(804, '120', 103),
(805, '19', 155),
(806, '80', 17),
(807, '19', 107),
(808, '197', 161),
(809, '180', 208),
(810, '4', 188),
(811, '26', 227),
(812, '141', 173),
(813, '32', 9),
(814, '85', 287),
(815, '204', 193),
(816, '35', 252),
(817, '63', 111),
(818, '289', 222),
(819, '262', 285),
(820, '211', 199),
(821, '291', 229),
(822, '200', 217),
(823, '186', 230),
(824, '30', 186),
(825, '167', 198),
(826, '203', 3),
(827, '42', 227),
(828, '32', 263),
(829, '268', 139),
(830, '282', 240),
(831, '24', 76),
(832, '61', 87),
(833, '179', 209),
(834, '152', 106),
(835, '107', 120),
(836, '59', 71),
(837, '137', 207),
(838, '69', 59),
(839, '71', 147),
(840, '200', 242),
(841, '202', 11),
(842, '67', 138),
(843, '125', 89),
(844, '83', 101),
(845, '83', 137),
(846, '31', 95),
(847, '21', 219),
(848, '139', 6),
(849, '298', 134),
(850, '258', 161),
(851, '120', 35),
(852, '71', 137),
(853, '233', 194),
(854, '184', 163),
(855, '78', 209),
(856, '171', 109),
(857, '29', 74),
(858, '259', 223),
(859, '39', 107),
(860, '237', 178),
(861, '93', 255),
(862, '61', 118),
(863, '183', 112),
(864, '259', 173),
(865, '184', 39),
(866, '59', 126),
(867, '236', 245),
(868, '123', 280),
(869, '88', 237),
(870, '31', 42),
(871, '252', 164),
(872, '214', 288),
(873, '262', 31),
(874, '258', 98),
(875, '125', 15),
(876, '4', 71),
(877, '240', 53),
(878, '216', 116),
(879, '221', 191),
(880, '151', 179),
(881, '62', 24),
(882, '29', 1),
(883, '160', 155),
(884, '202', 68),
(885, '270', 30),
(886, '223', 256),
(887, '126', 49),
(888, '43', 208),
(889, '273', 223),
(890, '46', 87),
(891, '211', 144),
(892, '5', 33),
(893, '215', 274),
(894, '8', 189),
(895, '215', 295),
(896, '56', 86),
(897, '148', 36),
(898, '224', 299),
(899, '144', 33),
(900, '244', 188),
(901, '82', 279),
(902, '210', 194),
(903, '234', 150),
(904, '297', 179),
(905, '228', 123),
(906, '280', 134),
(907, '68', 96),
(908, '192', 168),
(909, '103', 244),
(910, '19', 8),
(911, '224', 255),
(912, '256', 164),
(913, '275', 122),
(914, '293', 60),
(915, '83', 107),
(916, '239', 39),
(917, '161', 96),
(918, '198', 95),
(919, '263', 41),
(920, '193', 27),
(921, '199', 182),
(922, '117', 43),
(923, '213', 157),
(924, '14', 65),
(925, '134', 270),
(926, '34', 42),
(927, '55', 222),
(928, '218', 276),
(929, '121', 283),
(930, '182', 101),
(931, '127', 159),
(932, '262', 159),
(933, '31', 82),
(934, '140', 196),
(935, '96', 200),
(936, '123', 209),
(937, '274', 287),
(938, '51', 160),
(939, '76', 138),
(940, '159', 86),
(941, '32', 188),
(942, '146', 98),
(943, '275', 28),
(944, '99', 15),
(945, '98', 183),
(946, '141', 93),
(947, '49', 211),
(948, '203', 202),
(949, '73', 127),
(950, '208', 177),
(951, '267', 61),
(952, '205', 286),
(953, '169', 148),
(954, '275', 71),
(955, '221', 93),
(956, '198', 226),
(957, '144', 180),
(958, '68', 189),
(959, '250', 228),
(960, '219', 168),
(961, '24', 13),
(962, '266', 129),
(963, '221', 177),
(964, '179', 152),
(965, '177', 211),
(966, '150', 152),
(967, '218', 251),
(968, '245', 240),
(969, '212', 247),
(970, '156', 224),
(971, '157', 176),
(972, '277', 226),
(973, '80', 127),
(974, '290', 177),
(975, '133', 193),
(976, '191', 72),
(977, '48', 234),
(978, '178', 84),
(979, '227', 83),
(980, '103', 221),
(981, '196', 17),
(982, '43', 59),
(983, '275', 220),
(984, '291', 92),
(985, '163', 284),
(986, '179', 241),
(987, '299', 86),
(988, '214', 38),
(989, '274', 220),
(990, '176', 70),
(991, '281', 276),
(992, '129', 197),
(993, '16', 66),
(994, '40', 296),
(995, '143', 1),
(996, '14', 49),
(997, '290', 18),
(998, '258', 291),
(999, '299', 198),
(1000, '114', 195);

-- --------------------------------------------------------

--
-- Table structure for table `item_genre_tbl`
--

CREATE TABLE `item_genre_tbl` (
  `ItemGenreID` int(11) NOT NULL,
  `ItemID` varchar(11) NOT NULL,
  `GenreID` int(11) DEFAULT NULL
) ENGINE=InnoDB DEFAULT CHARSET=utf8;

--
-- Dumping data for table `item_genre_tbl`
--

INSERT INTO `item_genre_tbl` (`ItemGenreID`, `ItemID`, `GenreID`) VALUES
(1, '207', 1),
(2, '262', 5),
(3, '251', 2),
(4, '55', 4),
(5, '247', 6),
(6, '203', 3),
(7, '196', 2),
(8, '203', 2),
(9, '111', 3),
(10, '52', 4),
(11, '299', 6),
(12, '299', 1),
(13, '224', 2),
(14, '156', 6),
(15, '299', 2),
(16, '70', 2),
(17, '126', 5),
(18, '43', 4),
(19, '230', 6),
(20, '154', 6),
(21, '288', 3),
(22, '16', 5),
(23, '294', 6),
(24, '3', 2),
(25, '33', 1),
(26, '186', 6),
(27, '144', 5),
(28, '149', 5),
(29, '22', 1),
(30, '151', 2),
(31, '63', 1),
(32, '4', 6),
(33, '265', 2),
(34, '123', 6),
(35, '109', 4),
(36, '164', 2),
(37, '113', 6),
(38, '136', 2),
(39, '206', 1),
(40, '203', 1),
(41, '250', 6),
(42, '160', 1),
(43, '12', 3),
(44, '78', 2),
(45, '216', 4),
(46, '139', 1),
(47, '142', 5),
(48, '185', 3),
(49, '181', 3),
(50, '193', 5),
(51, '133', 5),
(52, '79', 4),
(53, '118', 6),
(54, '66', 2),
(55, '35', 5),
(56, '101', 3),
(57, '90', 1),
(58, '283', 4),
(59, '287', 6),
(60, '267', 6),
(61, '13', 2),
(62, '160', 3),
(63, '66', 6),
(64, '76', 4),
(65, '226', 3),
(66, '123', 3),
(67, '4', 5),
(68, '112', 3),
(69, '300', 1),
(70, '33', 3),
(71, '138', 5),
(72, '166', 1),
(73, '44', 2),
(74, '214', 6),
(75, '145', 5),
(76, '289', 4),
(77, '172', 2),
(78, '58', 1),
(79, '235', 6),
(80, '66', 4),
(81, '66', 3),
(82, '81', 1),
(83, '63', 4),
(84, '262', 6),
(85, '159', 5),
(86, '61', 2),
(87, '70', 2),
(88, '85', 5),
(89, '1', 4),
(90, '269', 4),
(91, '165', 4),
(92, '95', 3),
(93, '92', 5),
(94, '269', 3),
(95, '114', 5),
(96, '120', 1),
(97, '67', 1),
(98, '244', 2),
(99, '161', 5),
(100, '132', 1),
(101, '162', 4),
(102, '274', 1),
(103, '196', 2),
(104, '77', 3),
(105, '214', 1),
(106, '111', 1),
(107, '44', 5),
(108, '71', 5),
(109, '72', 3),
(110, '99', 6),
(111, '30', 3),
(112, '88', 3),
(113, '239', 4),
(114, '275', 5),
(115, '279', 2),
(116, '30', 1),
(117, '173', 3),
(118, '32', 2),
(119, '66', 3),
(120, '241', 4),
(121, '75', 5),
(122, '12', 4),
(123, '239', 3),
(124, '254', 1),
(125, '94', 4),
(126, '103', 6),
(127, '200', 3),
(128, '24', 3),
(129, '288', 3),
(130, '283', 3),
(131, '246', 1),
(132, '157', 3),
(133, '220', 3),
(134, '40', 2),
(135, '238', 2),
(136, '246', 4),
(137, '271', 6),
(138, '269', 4),
(139, '51', 1),
(140, '121', 1),
(141, '208', 1),
(142, '107', 3),
(143, '241', 4),
(144, '149', 2),
(145, '266', 1),
(146, '145', 4),
(147, '154', 5),
(148, '271', 4),
(149, '105', 2),
(150, '25', 6),
(151, '84', 1),
(152, '198', 6),
(153, '225', 2),
(154, '31', 2),
(155, '152', 6),
(156, '153', 6),
(157, '205', 4),
(158, '59', 1),
(159, '6', 2),
(160, '104', 5),
(161, '234', 5),
(162, '227', 5),
(163, '101', 3),
(164, '185', 1),
(165, '8', 1),
(166, '241', 5),
(167, '300', 4),
(168, '146', 1),
(169, '244', 1),
(170, '204', 6),
(171, '145', 2),
(172, '139', 1),
(173, '33', 5),
(174, '65', 2),
(175, '145', 5),
(176, '193', 6),
(177, '104', 1),
(178, '272', 6),
(179, '65', 6),
(180, '138', 4),
(181, '225', 4),
(182, '193', 6),
(183, '122', 3),
(184, '47', 2),
(185, '229', 3),
(186, '100', 4),
(187, '258', 2),
(188, '24', 6),
(189, '204', 3),
(190, '270', 5),
(191, '184', 3),
(192, '100', 6),
(193, '73', 3),
(194, '223', 3),
(195, '283', 4),
(196, '50', 4),
(197, '99', 5),
(198, '240', 1),
(199, '146', 1),
(200, '159', 6),
(201, '238', 6),
(202, '204', 3),
(203, '16', 1),
(204, '66', 3),
(205, '128', 3),
(206, '178', 1),
(207, '113', 4),
(208, '117', 1),
(209, '275', 6),
(210, '174', 4),
(211, '93', 4),
(212, '2', 2),
(213, '83', 4),
(214, '85', 5),
(215, '201', 4),
(216, '201', 1),
(217, '210', 1),
(218, '232', 1),
(219, '79', 4),
(220, '129', 5),
(221, '255', 3),
(222, '142', 5),
(223, '204', 2),
(224, '57', 3),
(225, '172', 3),
(226, '92', 3),
(227, '197', 4),
(228, '265', 5),
(229, '65', 1),
(230, '230', 2),
(231, '206', 1),
(232, '89', 2),
(233, '10', 3),
(234, '60', 3),
(235, '80', 6),
(236, '35', 4),
(237, '228', 1),
(238, '294', 3),
(239, '128', 4),
(240, '199', 6),
(241, '185', 4),
(242, '180', 6),
(243, '253', 2),
(244, '3', 6),
(245, '106', 1),
(246, '209', 3),
(247, '210', 6),
(248, '184', 2),
(249, '66', 2),
(250, '3', 2),
(251, '109', 2),
(252, '7', 2),
(253, '113', 6),
(254, '179', 1),
(255, '180', 5),
(256, '235', 1),
(257, '236', 6),
(258, '178', 5),
(259, '46', 5),
(260, '74', 2),
(261, '7', 1),
(262, '214', 5),
(263, '194', 6),
(264, '77', 3),
(265, '112', 6),
(266, '275', 3),
(267, '83', 1),
(268, '191', 3),
(269, '198', 5),
(270, '201', 1),
(271, '228', 3),
(272, '248', 2),
(273, '136', 3),
(274, '288', 5),
(275, '4', 4),
(276, '277', 3),
(277, '80', 4),
(278, '145', 2),
(279, '100', 5),
(280, '96', 1),
(281, '110', 2),
(282, '168', 5),
(283, '252', 2),
(284, '295', 4),
(285, '196', 4),
(286, '139', 6),
(287, '203', 6),
(288, '230', 1),
(289, '269', 2),
(290, '68', 2),
(291, '6', 1),
(292, '30', 1),
(293, '177', 5),
(294, '245', 1),
(295, '254', 4),
(296, '192', 4),
(297, '76', 2),
(298, '132', 6),
(299, '282', 6),
(300, '34', 6),
(301, '213', 4),
(302, '47', 1),
(303, '277', 2),
(304, '208', 2),
(305, '250', 2),
(306, '7', 6),
(307, '191', 3),
(308, '145', 4),
(309, '18', 2),
(310, '112', 4),
(311, '251', 1),
(312, '234', 2),
(313, '281', 4),
(314, '142', 3),
(315, '102', 4),
(316, '223', 5),
(317, '60', 1),
(318, '144', 2),
(319, '212', 5),
(320, '73', 1),
(321, '278', 3),
(322, '261', 3),
(323, '69', 3),
(324, '251', 5),
(325, '165', 5),
(326, '282', 1),
(327, '36', 2),
(328, '288', 2),
(329, '176', 2),
(330, '72', 4),
(331, '183', 5),
(332, '50', 4),
(333, '233', 1),
(334, '243', 1),
(335, '112', 2),
(336, '22', 1),
(337, '77', 1),
(338, '55', 5),
(339, '176', 6),
(340, '59', 3),
(341, '3', 5),
(342, '252', 5),
(343, '186', 4),
(344, '244', 1),
(345, '107', 2),
(346, '185', 4),
(347, '190', 1),
(348, '225', 6),
(349, '76', 2),
(350, '81', 1),
(351, '284', 6),
(352, '127', 1),
(353, '65', 5),
(354, '189', 4),
(355, '246', 5),
(356, '117', 2),
(357, '151', 2),
(358, '268', 5),
(359, '174', 1),
(360, '293', 3),
(361, '106', 3),
(362, '104', 2),
(363, '172', 5),
(364, '204', 5),
(365, '214', 3),
(366, '168', 4),
(367, '135', 1),
(368, '125', 1),
(369, '141', 1),
(370, '273', 5),
(371, '145', 5),
(372, '68', 6),
(373, '169', 5),
(374, '63', 6),
(375, '247', 1),
(376, '70', 1),
(377, '52', 1),
(378, '217', 3),
(379, '73', 2),
(380, '72', 4),
(381, '147', 1),
(382, '25', 2),
(383, '116', 4),
(384, '167', 1),
(385, '49', 1),
(386, '131', 5),
(387, '300', 1),
(388, '77', 3),
(389, '192', 1),
(390, '177', 3),
(391, '109', 6),
(392, '118', 1),
(393, '255', 2),
(394, '139', 5),
(395, '153', 6),
(396, '270', 4),
(397, '164', 3),
(398, '220', 3),
(399, '57', 4),
(400, '159', 4),
(401, '154', 6),
(402, '292', 6),
(403, '57', 5),
(404, '273', 3),
(405, '227', 4),
(406, '31', 1),
(407, '255', 4),
(408, '221', 5),
(409, '117', 3),
(410, '226', 3),
(411, '61', 4),
(412, '155', 5),
(413, '85', 4),
(414, '270', 4),
(415, '232', 3),
(416, '177', 5),
(417, '261', 3),
(418, '197', 6),
(419, '217', 1),
(420, '273', 4),
(421, '106', 1),
(422, '271', 5),
(423, '270', 1),
(424, '84', 6),
(425, '162', 4),
(426, '277', 1),
(427, '22', 1),
(428, '108', 1),
(429, '69', 5),
(430, '179', 1),
(431, '125', 2),
(432, '214', 5),
(433, '171', 1),
(434, '237', 2),
(435, '209', 6),
(436, '19', 5),
(437, '31', 6),
(438, '111', 1),
(439, '266', 5),
(440, '95', 5),
(441, '274', 6),
(442, '261', 6),
(443, '283', 6),
(444, '287', 4),
(445, '175', 2),
(446, '231', 1),
(447, '249', 4),
(448, '189', 1),
(449, '209', 4),
(450, '232', 6),
(451, '196', 2),
(452, '201', 1),
(453, '220', 5),
(454, '287', 6),
(455, '280', 4),
(456, '54', 2),
(457, '41', 5),
(458, '252', 5),
(459, '262', 2),
(460, '11', 4),
(461, '217', 2),
(462, '133', 5),
(463, '276', 3),
(464, '27', 5),
(465, '257', 2),
(466, '229', 3),
(467, '96', 2),
(468, '227', 6),
(469, '256', 1),
(470, '199', 2),
(471, '135', 3),
(472, '22', 5),
(473, '87', 2),
(474, '2', 6),
(475, '207', 4),
(476, '54', 5),
(477, '277', 2),
(478, '281', 3),
(479, '47', 1),
(480, '13', 6),
(481, '160', 1),
(482, '31', 5),
(483, '204', 5),
(484, '59', 2),
(485, '147', 5),
(486, '189', 2),
(487, '187', 3),
(488, '5', 6),
(489, '245', 5),
(490, '103', 1),
(491, '86', 4),
(492, '175', 4),
(493, '247', 4),
(494, '243', 4),
(495, '209', 3),
(496, '180', 1),
(497, '197', 4),
(498, '226', 2),
(499, '107', 2),
(500, '125', 5),
(501, '204', 1),
(502, '212', 5),
(503, '151', 2),
(504, '53', 6),
(505, '298', 5),
(506, '100', 3),
(507, '7', 2),
(508, '202', 6),
(509, '263', 4),
(510, '231', 6),
(511, '237', 3),
(512, '281', 3),
(513, '43', 4),
(514, '13', 6),
(515, '125', 2),
(516, '97', 4),
(517, '57', 3),
(518, '99', 5),
(519, '19', 4),
(520, '247', 6),
(521, '212', 6),
(522, '67', 6),
(523, '96', 3),
(524, '297', 1),
(525, '296', 3),
(526, '8', 4),
(527, '258', 1),
(528, '45', 5),
(529, '83', 5),
(530, '248', 1),
(531, '296', 3),
(532, '210', 5),
(533, '228', 3),
(534, '216', 2),
(535, '285', 3),
(536, '92', 4),
(537, '25', 2),
(538, '160', 3),
(539, '128', 6),
(540, '45', 6),
(541, '192', 3),
(542, '166', 1),
(543, '94', 6),
(544, '203', 4),
(545, '250', 6),
(546, '107', 2),
(547, '224', 3),
(548, '208', 5),
(549, '71', 6),
(550, '151', 4),
(551, '27', 3),
(552, '10', 2),
(553, '90', 4),
(554, '214', 6),
(555, '142', 2),
(556, '219', 6),
(557, '166', 4),
(558, '137', 1),
(559, '131', 3),
(560, '233', 5),
(561, '61', 2),
(562, '241', 6),
(563, '162', 3),
(564, '121', 5),
(565, '260', 1),
(566, '38', 5),
(567, '42', 1),
(568, '292', 1),
(569, '256', 1),
(570, '293', 2),
(571, '53', 3),
(572, '144', 4),
(573, '181', 3),
(574, '104', 1),
(575, '99', 6),
(576, '285', 1),
(577, '188', 3),
(578, '40', 1),
(579, '37', 6),
(580, '190', 5),
(581, '187', 5),
(582, '186', 4),
(583, '211', 4),
(584, '251', 1),
(585, '112', 1),
(586, '45', 3),
(587, '41', 3),
(588, '46', 6),
(589, '247', 2),
(590, '183', 4),
(591, '61', 4),
(592, '39', 4),
(593, '282', 5),
(594, '22', 6),
(595, '251', 4),
(596, '60', 4),
(597, '37', 2),
(598, '221', 3),
(599, '55', 1),
(600, '143', 4),
(601, '167', 6),
(602, '193', 6),
(603, '200', 1),
(604, '9', 4),
(605, '24', 1),
(606, '2', 3),
(607, '145', 5),
(608, '232', 3),
(609, '104', 5),
(610, '15', 5),
(611, '17', 2),
(612, '56', 4),
(613, '270', 2),
(614, '275', 5),
(615, '232', 2),
(616, '153', 6),
(617, '87', 2),
(618, '284', 4),
(619, '26', 2),
(620, '56', 5),
(621, '54', 5),
(622, '300', 3),
(623, '39', 6),
(624, '277', 5),
(625, '3', 1),
(626, '14', 6),
(627, '133', 4),
(628, '144', 1),
(629, '130', 2),
(630, '113', 5),
(631, '123', 3),
(632, '115', 3),
(633, '231', 2),
(634, '44', 3),
(635, '89', 2),
(636, '93', 1),
(637, '8', 1),
(638, '169', 4),
(639, '255', 2),
(640, '123', 6),
(641, '300', 5),
(642, '107', 6),
(643, '13', 2),
(644, '40', 5),
(645, '57', 3),
(646, '211', 6),
(647, '29', 2),
(648, '262', 1),
(649, '234', 1),
(650, '165', 3),
(651, '114', 1),
(652, '2', 2),
(653, '225', 1),
(654, '224', 5),
(655, '22', 6),
(656, '214', 5),
(657, '287', 5),
(658, '294', 5),
(659, '210', 6),
(660, '121', 5),
(661, '42', 5),
(662, '52', 3),
(663, '156', 4),
(664, '91', 4),
(665, '224', 2),
(666, '142', 5),
(667, '207', 3),
(668, '237', 5),
(669, '201', 3),
(670, '58', 4),
(671, '162', 6),
(672, '141', 6),
(673, '187', 1),
(674, '259', 6),
(675, '29', 4),
(676, '30', 4),
(677, '167', 1),
(678, '189', 4),
(679, '148', 4),
(680, '227', 5),
(681, '252', 5),
(682, '217', 3),
(683, '102', 5),
(684, '206', 1),
(685, '105', 3),
(686, '202', 2),
(687, '117', 5),
(688, '185', 1),
(689, '205', 3),
(690, '93', 2),
(691, '167', 3),
(692, '171', 5),
(693, '277', 5),
(694, '85', 6),
(695, '66', 1),
(696, '102', 5),
(697, '168', 5),
(698, '299', 6),
(699, '4', 2),
(700, '212', 6),
(701, '106', 5),
(702, '190', 3),
(703, '138', 3),
(704, '186', 1),
(705, '4', 6),
(706, '165', 2),
(707, '107', 1),
(708, '240', 1),
(709, '192', 4),
(710, '154', 4),
(711, '122', 1),
(712, '129', 6),
(713, '153', 2),
(714, '43', 5),
(715, '28', 3),
(716, '109', 4),
(717, '280', 5),
(718, '34', 5),
(719, '194', 3),
(720, '31', 4),
(721, '158', 3),
(722, '205', 3),
(723, '117', 4),
(724, '37', 3),
(725, '94', 1),
(726, '178', 6),
(727, '17', 6),
(728, '124', 6),
(729, '286', 2),
(730, '137', 5),
(731, '271', 2),
(732, '245', 3),
(733, '57', 4),
(734, '128', 6),
(735, '164', 1),
(736, '241', 2),
(737, '179', 6),
(738, '40', 6),
(739, '299', 3),
(740, '190', 1),
(741, '175', 6),
(742, '282', 2),
(743, '244', 5),
(744, '123', 5),
(745, '164', 4),
(746, '20', 2),
(747, '21', 3),
(748, '282', 6),
(749, '235', 3),
(750, '30', 3),
(751, '203', 3),
(752, '287', 2),
(753, '12', 5),
(754, '102', 5),
(755, '36', 3),
(756, '102', 4),
(757, '67', 4),
(758, '6', 4),
(759, '37', 2),
(760, '227', 6),
(761, '23', 5),
(762, '165', 5),
(763, '9', 2),
(764, '297', 1),
(765, '40', 6),
(766, '15', 2),
(767, '78', 2),
(768, '142', 2),
(769, '254', 2),
(770, '42', 5),
(771, '36', 6),
(772, '276', 1),
(773, '255', 3),
(774, '62', 3),
(775, '48', 3),
(776, '237', 6),
(777, '277', 5),
(778, '248', 3),
(779, '202', 5),
(780, '104', 6),
(781, '257', 1),
(782, '33', 4),
(783, '82', 6),
(784, '159', 6),
(785, '175', 5),
(786, '122', 1),
(787, '193', 6),
(788, '94', 4),
(789, '128', 3),
(790, '88', 4),
(791, '277', 1),
(792, '170', 6),
(793, '64', 5),
(794, '163', 5),
(795, '176', 3),
(796, '291', 6),
(797, '208', 4),
(798, '148', 1),
(799, '7', 4),
(800, '203', 3),
(801, '196', 6),
(802, '179', 1),
(803, '25', 3),
(804, '298', 1),
(805, '92', 5),
(806, '212', 1),
(807, '122', 4),
(808, '18', 2),
(809, '277', 3),
(810, '57', 5),
(811, '184', 6),
(812, '37', 1),
(813, '49', 1),
(814, '19', 5),
(815, '141', 5),
(816, '44', 1),
(817, '83', 5),
(818, '186', 2),
(819, '55', 4),
(820, '298', 2),
(821, '184', 6),
(822, '73', 3),
(823, '93', 5),
(824, '210', 2),
(825, '107', 2),
(826, '228', 3),
(827, '232', 4),
(828, '232', 1),
(829, '182', 6),
(830, '117', 4),
(831, '248', 1),
(832, '274', 5),
(833, '262', 1),
(834, '11', 6),
(835, '71', 5),
(836, '146', 4),
(837, '123', 6),
(838, '148', 5),
(839, '125', 3),
(840, '49', 3),
(841, '251', 5),
(842, '15', 2),
(843, '124', 4),
(844, '67', 5),
(845, '146', 2),
(846, '186', 5),
(847, '121', 4),
(848, '144', 1),
(849, '161', 3),
(850, '43', 6),
(851, '277', 1),
(852, '95', 4),
(853, '134', 1),
(854, '191', 4),
(855, '69', 4),
(856, '36', 3),
(857, '133', 2),
(858, '17', 6),
(859, '262', 2),
(860, '140', 6),
(861, '215', 3),
(862, '124', 4),
(863, '130', 6),
(864, '299', 3),
(865, '42', 3),
(866, '56', 5),
(867, '12', 3),
(868, '107', 6),
(869, '265', 5),
(870, '124', 3),
(871, '2', 5),
(872, '123', 1),
(873, '93', 6),
(874, '277', 3),
(875, '98', 3),
(876, '256', 3),
(877, '92', 5),
(878, '134', 5),
(879, '102', 1),
(880, '283', 2),
(881, '246', 6),
(882, '90', 6),
(883, '75', 6),
(884, '181', 5),
(885, '163', 2),
(886, '117', 2),
(887, '291', 6),
(888, '119', 6),
(889, '203', 2),
(890, '8', 5),
(891, '222', 5),
(892, '215', 3),
(893, '168', 6),
(894, '282', 4),
(895, '169', 3),
(896, '41', 3),
(897, '95', 3),
(898, '224', 4),
(899, '72', 3),
(900, '262', 6),
(901, '185', 3),
(902, '128', 5),
(903, '278', 6),
(904, '37', 3),
(905, '110', 3),
(906, '74', 6),
(907, '227', 6),
(908, '1', 5),
(909, '7', 3),
(910, '219', 6),
(911, '272', 2),
(912, '135', 3),
(913, '297', 6),
(914, '67', 6),
(915, '33', 3),
(916, '95', 1),
(917, '12', 1),
(918, '222', 6),
(919, '33', 1),
(920, '244', 2),
(921, '244', 1),
(922, '109', 4),
(923, '167', 3),
(924, '252', 6),
(925, '193', 1),
(926, '272', 2),
(927, '218', 1),
(928, '153', 2),
(929, '48', 2),
(930, '145', 1),
(931, '190', 2),
(932, '136', 3),
(933, '13', 2),
(934, '94', 1),
(935, '254', 4),
(936, '135', 2),
(937, '24', 2),
(938, '70', 2),
(939, '104', 4),
(940, '41', 6),
(941, '273', 3),
(942, '223', 2),
(943, '227', 1),
(944, '297', 6),
(945, '214', 4),
(946, '191', 3),
(947, '211', 4),
(948, '105', 2),
(949, '246', 2),
(950, '270', 6),
(951, '202', 1),
(952, '189', 1),
(953, '136', 6),
(954, '96', 5),
(955, '247', 6),
(956, '19', 6),
(957, '133', 6),
(958, '33', 5),
(959, '163', 1),
(960, '291', 5),
(961, '285', 3),
(962, '172', 1),
(963, '208', 3),
(964, '96', 6),
(965, '87', 1),
(966, '248', 3),
(967, '20', 4),
(968, '64', 2),
(969, '29', 3),
(970, '240', 6),
(971, '286', 2),
(972, '64', 5),
(973, '58', 2),
(974, '159', 2),
(975, '257', 5),
(976, '240', 4),
(977, '79', 6),
(978, '7', 5),
(979, '261', 4),
(980, '258', 4),
(981, '236', 6),
(982, '168', 4),
(983, '207', 3),
(984, '245', 3),
(985, '140', 2),
(986, '105', 2),
(987, '16', 4),
(988, '166', 6),
(989, '101', 6),
(990, '249', 5),
(991, '156', 2),
(992, '237', 3),
(993, '11', 4),
(994, '40', 1),
(995, '128', 4),
(996, '188', 4),
(997, '235', 6),
(998, '109', 6),
(999, '105', 5),
(1000, '42', 3);

-- --------------------------------------------------------

--
-- Table structure for table `item_season_tbl`
--

CREATE TABLE `item_season_tbl` (
  `ItemSeasonID` int(11) NOT NULL,
  `ItemID` varchar(50) NOT NULL,
  `SeasonID` int(11) NOT NULL
) ENGINE=InnoDB DEFAULT CHARSET=utf8;

--
-- Dumping data for table `item_season_tbl`
--

INSERT INTO `item_season_tbl` (`ItemSeasonID`, `ItemID`, `SeasonID`) VALUES
(1, '478', 1),
(2, '187', 3),
(3, '461', 3),
(4, '53', 3),
(5, '428', 4),
(6, '203', 4),
(7, '445', 1),
(8, '88', 3),
(9, '64', 2),
(10, '348', 3),
(11, '163', 4),
(12, '396', 1),
(13, '444', 1),
(14, '207', 4),
(15, '172', 4),
(16, '343', 3),
(17, '198', 4),
(18, '304', 2),
(19, '386', 1),
(20, '128', 3),
(21, '76', 3),
(22, '309', 1),
(23, '248', 2),
(24, '78', 4),
(25, '81', 4),
(26, '190', 4),
(27, '467', 1),
(28, '13', 4),
(29, '225', 4),
(30, '365', 3),
(31, '262', 2),
(32, '199', 4),
(33, '106', 1),
(34, '181', 1),
(35, '18', 4),
(36, '323', 3),
(37, '193', 4),
(38, '250', 2),
(39, '234', 1),
(40, '406', 1),
(41, '207', 3),
(42, '494', 1),
(43, '499', 3),
(44, '446', 3),
(45, '176', 2),
(46, '73', 3),
(47, '234', 1),
(48, '307', 2),
(49, '387', 1),
(50, '304', 3),
(51, '214', 4),
(52, '209', 2),
(53, '247', 3),
(54, '417', 1),
(55, '295', 1),
(56, '353', 2),
(57, '374', 1),
(58, '385', 4),
(59, '176', 2),
(60, '267', 1),
(61, '485', 3),
(62, '465', 2),
(63, '129', 1),
(64, '132', 4),
(65, '90', 2),
(66, '463', 4),
(67, '467', 1),
(68, '262', 3),
(69, '216', 2),
(70, '456', 1),
(71, '376', 4),
(72, '65', 4),
(73, '269', 2),
(74, '435', 1),
(75, '395', 3),
(76, '356', 2),
(77, '174', 1),
(78, '347', 1),
(79, '377', 4),
(80, '74', 4),
(81, '75', 2),
(82, '118', 4),
(83, '328', 3),
(84, '59', 4),
(85, '32', 1),
(86, '72', 1),
(87, '360', 1),
(88, '280', 4),
(89, '243', 4),
(90, '179', 4),
(91, '464', 3),
(92, '435', 4),
(93, '462', 2),
(94, '247', 4),
(95, '411', 4),
(96, '4', 2),
(97, '276', 3),
(98, '92', 4),
(99, '335', 3),
(100, '179', 1),
(101, '358', 2),
(102, '288', 4),
(103, '408', 3),
(104, '212', 3),
(105, '404', 3),
(106, '57', 4),
(107, '429', 1),
(108, '131', 3),
(109, '359', 1),
(110, '396', 4),
(111, '478', 3),
(112, '453', 4),
(113, '400', 2),
(114, '22', 4),
(115, '87', 1),
(116, '143', 4),
(117, '490', 3),
(118, '36', 3),
(119, '180', 4),
(120, '173', 1),
(121, '342', 1),
(122, '173', 4),
(123, '306', 4),
(124, '115', 4),
(125, '317', 1),
(126, '498', 1),
(127, '106', 3),
(128, '191', 1),
(129, '400', 1),
(130, '92', 4),
(131, '81', 1),
(132, '90', 1),
(133, '484', 2),
(134, '321', 2),
(135, '36', 4),
(136, '389', 2),
(137, '155', 2),
(138, '454', 1),
(139, '334', 2),
(140, '490', 1),
(141, '358', 1),
(142, '211', 2),
(143, '352', 4),
(144, '24', 4),
(145, '138', 4),
(146, '70', 2),
(147, '294', 4),
(148, '498', 3),
(149, '395', 2),
(150, '284', 3),
(151, '133', 4),
(152, '493', 4),
(153, '256', 1),
(154, '429', 1),
(155, '492', 4),
(156, '205', 1),
(157, '264', 2),
(158, '88', 4),
(159, '305', 1),
(160, '280', 1),
(161, '69', 3),
(162, '328', 3),
(163, '475', 2),
(164, '181', 2),
(165, '96', 2),
(166, '255', 4),
(167, '438', 2),
(168, '437', 2),
(169, '500', 1),
(170, '446', 4),
(171, '224', 1),
(172, '146', 4),
(173, '486', 1),
(174, '435', 4),
(175, '481', 3),
(176, '129', 4),
(177, '387', 1),
(178, '119', 3),
(179, '165', 4),
(180, '270', 1),
(181, '254', 1),
(182, '274', 4),
(183, '394', 2),
(184, '24', 3),
(185, '213', 2),
(186, '399', 2),
(187, '94', 3),
(188, '187', 3),
(189, '478', 3),
(190, '106', 2),
(191, '416', 4),
(192, '217', 3),
(193, '68', 1),
(194, '438', 1),
(195, '28', 3),
(196, '346', 3),
(197, '165', 4),
(198, '190', 2),
(199, '11', 1),
(200, '316', 3),
(201, '461', 3),
(202, '137', 4),
(203, '78', 4),
(204, '89', 4),
(205, '450', 1),
(206, '222', 3),
(207, '89', 1),
(208, '329', 1),
(209, '283', 1),
(210, '392', 1),
(211, '155', 1),
(212, '173', 3),
(213, '487', 4),
(214, '148', 2),
(215, '391', 1),
(216, '97', 4),
(217, '439', 2),
(218, '170', 2),
(219, '327', 1),
(220, '63', 1),
(221, '36', 4),
(222, '470', 1),
(223, '294', 3),
(224, '251', 1),
(225, '324', 4),
(226, '65', 4),
(227, '16', 4),
(228, '230', 2),
(229, '466', 1),
(230, '408', 2),
(231, '494', 3),
(232, '279', 2),
(233, '93', 2),
(234, '80', 3),
(235, '179', 2),
(236, '371', 1),
(237, '372', 1),
(238, '163', 1),
(239, '298', 2),
(240, '1', 2),
(241, '140', 4),
(242, '69', 4),
(243, '401', 1),
(244, '61', 4),
(245, '306', 1),
(246, '292', 3),
(247, '421', 4),
(248, '205', 3),
(249, '286', 3),
(250, '336', 4),
(251, '322', 4),
(252, '434', 2),
(253, '125', 4),
(254, '117', 4),
(255, '287', 4),
(256, '110', 4),
(257, '57', 2),
(258, '462', 4),
(259, '491', 4),
(260, '27', 4),
(261, '413', 4),
(262, '356', 4),
(263, '428', 2),
(264, '61', 4),
(265, '421', 1),
(266, '136', 1),
(267, '163', 2),
(268, '286', 2),
(269, '27', 4),
(270, '372', 4),
(271, '359', 3),
(272, '129', 3),
(273, '150', 3),
(274, '453', 4),
(275, '365', 2),
(276, '156', 4),
(277, '128', 2),
(278, '352', 3),
(279, '202', 3),
(280, '236', 3),
(281, '378', 4),
(282, '259', 2),
(283, '76', 4),
(284, '44', 2),
(285, '213', 3),
(286, '59', 4),
(287, '333', 3),
(288, '263', 4),
(289, '409', 4),
(290, '375', 3),
(291, '60', 4),
(292, '339', 4),
(293, '162', 3),
(294, '442', 3),
(295, '51', 3),
(296, '432', 3),
(297, '166', 4),
(298, '55', 1),
(299, '115', 2),
(300, '231', 4),
(301, '149', 3),
(302, '296', 1),
(303, '230', 4),
(304, '336', 2),
(305, '58', 4),
(306, '449', 3),
(307, '99', 1),
(308, '208', 4),
(309, '284', 3),
(310, '310', 2),
(311, '79', 2),
(312, '419', 1),
(313, '201', 4),
(314, '214', 1),
(315, '197', 1),
(316, '333', 1),
(317, '225', 1),
(318, '22', 2),
(319, '113', 2),
(320, '429', 2),
(321, '381', 4),
(322, '449', 4),
(323, '363', 3),
(324, '19', 2),
(325, '323', 4),
(326, '320', 4),
(327, '428', 4),
(328, '195', 4),
(329, '182', 1),
(330, '37', 3),
(331, '247', 3),
(332, '254', 2),
(333, '124', 4),
(334, '448', 2),
(335, '238', 2),
(336, '98', 3),
(337, '313', 2),
(338, '453', 2),
(339, '136', 4),
(340, '94', 3),
(341, '455', 4),
(342, '197', 2),
(343, '305', 2),
(344, '185', 1),
(345, '111', 4),
(346, '189', 3),
(347, '475', 4),
(348, '190', 2),
(349, '248', 3),
(350, '330', 2),
(351, '83', 1),
(352, '26', 3),
(353, '315', 2),
(354, '300', 2),
(355, '448', 1),
(356, '367', 2),
(357, '133', 4),
(358, '141', 1),
(359, '187', 1),
(360, '225', 4),
(361, '169', 1),
(362, '179', 1),
(363, '180', 1),
(364, '66', 1),
(365, '87', 4),
(366, '177', 3),
(367, '494', 1),
(368, '412', 1),
(369, '187', 4),
(370, '476', 1),
(371, '108', 1),
(372, '403', 1),
(373, '454', 2),
(374, '371', 2),
(375, '428', 4),
(376, '386', 2),
(377, '436', 1),
(378, '74', 4),
(379, '386', 2),
(380, '227', 4),
(381, '23', 1),
(382, '468', 2),
(383, '30', 4),
(384, '78', 4),
(385, '276', 3),
(386, '276', 1),
(387, '135', 4),
(388, '263', 3),
(389, '390', 1),
(390, '486', 4),
(391, '325', 2),
(392, '29', 4),
(393, '376', 2),
(394, '24', 4),
(395, '237', 4),
(396, '59', 4),
(397, '315', 3),
(398, '24', 2),
(399, '313', 1),
(400, '280', 2),
(401, '468', 2),
(402, '334', 4),
(403, '146', 1),
(404, '364', 1),
(405, '487', 2),
(406, '494', 3),
(407, '110', 3),
(408, '223', 2),
(409, '36', 2),
(410, '440', 3),
(411, '78', 3),
(412, '115', 1),
(413, '404', 2),
(414, '352', 4),
(415, '418', 3),
(416, '400', 2),
(417, '187', 1),
(418, '340', 1),
(419, '401', 2),
(420, '301', 1),
(421, '236', 3),
(422, '332', 1),
(423, '487', 1),
(424, '462', 2),
(425, '331', 2),
(426, '199', 3),
(427, '487', 3),
(428, '148', 1),
(429, '69', 1),
(430, '478', 4),
(431, '240', 1),
(432, '289', 1),
(433, '156', 1),
(434, '271', 3),
(435, '176', 3),
(436, '76', 1),
(437, '369', 3),
(438, '477', 4),
(439, '224', 4),
(440, '322', 1),
(441, '386', 2),
(442, '32', 2),
(443, '432', 1),
(444, '449', 1),
(445, '151', 2),
(446, '286', 2),
(447, '405', 4),
(448, '149', 1),
(449, '340', 2),
(450, '396', 4),
(451, '498', 4),
(452, '163', 4),
(453, '448', 4),
(454, '44', 1),
(455, '434', 2),
(456, '14', 1),
(457, '274', 1),
(458, '243', 3),
(459, '352', 4),
(460, '131', 3),
(461, '182', 4),
(462, '330', 1),
(463, '373', 2),
(464, '282', 2),
(465, '47', 2),
(466, '192', 4),
(467, '239', 3),
(468, '55', 2),
(469, '115', 2),
(470, '135', 2),
(471, '86', 1),
(472, '478', 2),
(473, '394', 4),
(474, '384', 2),
(475, '371', 2),
(476, '345', 4),
(477, '378', 1),
(478, '188', 1),
(479, '448', 1),
(480, '3', 2),
(481, '114', 3),
(482, '363', 1),
(483, '399', 1),
(484, '356', 2),
(485, '148', 2),
(486, '114', 2),
(487, '269', 2),
(488, '339', 4),
(489, '430', 3),
(490, '157', 3),
(491, '456', 3),
(492, '27', 1),
(493, '296', 2),
(494, '103', 2),
(495, '225', 4),
(496, '335', 2),
(497, '242', 2),
(498, '37', 4),
(499, '468', 1),
(500, '467', 4),
(501, '260', 3),
(502, '384', 1),
(503, '54', 2),
(504, '278', 1),
(505, '105', 3),
(506, '450', 4),
(507, '209', 3),
(508, '343', 4),
(509, '247', 1),
(510, '453', 4),
(511, '466', 2),
(512, '154', 4),
(513, '149', 3),
(514, '94', 3),
(515, '76', 3),
(516, '172', 2),
(517, '15', 2),
(518, '28', 2),
(519, '110', 2),
(520, '277', 4),
(521, '229', 3),
(522, '433', 3),
(523, '475', 1),
(524, '127', 3),
(525, '134', 4),
(526, '472', 2),
(527, '99', 1),
(528, '188', 2),
(529, '228', 3),
(530, '472', 3),
(531, '299', 4),
(532, '467', 3),
(533, '433', 4),
(534, '85', 2),
(535, '466', 4),
(536, '116', 4),
(537, '52', 3),
(538, '438', 1),
(539, '259', 3),
(540, '287', 2),
(541, '153', 1),
(542, '73', 1),
(543, '196', 1),
(544, '146', 3),
(545, '452', 1),
(546, '432', 2),
(547, '108', 2),
(548, '436', 3),
(549, '339', 3),
(550, '226', 1),
(551, '186', 1),
(552, '220', 1),
(553, '303', 2),
(554, '429', 4),
(555, '329', 3),
(556, '354', 1),
(557, '467', 1),
(558, '81', 1),
(559, '418', 1),
(560, '155', 3),
(561, '166', 1),
(562, '456', 2),
(563, '137', 4),
(564, '117', 3),
(565, '210', 1),
(566, '453', 4),
(567, '414', 4),
(568, '190', 4),
(569, '36', 1),
(570, '416', 4),
(571, '141', 1),
(572, '34', 2),
(573, '175', 2),
(574, '483', 3),
(575, '98', 3),
(576, '445', 1),
(577, '244', 4),
(578, '189', 3),
(579, '304', 4),
(580, '250', 4),
(581, '435', 1),
(582, '136', 2),
(583, '117', 3),
(584, '160', 2),
(585, '351', 3),
(586, '424', 4),
(587, '268', 3),
(588, '248', 4),
(589, '330', 1),
(590, '90', 2),
(591, '402', 4),
(592, '223', 1),
(593, '238', 1),
(594, '2', 1),
(595, '210', 1),
(596, '416', 1),
(597, '297', 2),
(598, '8', 3),
(599, '117', 4),
(600, '389', 1),
(601, '98', 3),
(602, '464', 2),
(603, '16', 2),
(604, '260', 4),
(605, '478', 2),
(606, '461', 4),
(607, '159', 3),
(608, '351', 1),
(609, '458', 1),
(610, '381', 4),
(611, '405', 4),
(612, '116', 2),
(613, '465', 1),
(614, '329', 3),
(615, '377', 4),
(616, '348', 2),
(617, '150', 1),
(618, '56', 4),
(619, '145', 4),
(620, '379', 1),
(621, '191', 2),
(622, '214', 3),
(623, '118', 3),
(624, '464', 4),
(625, '334', 2),
(626, '334', 1),
(627, '66', 2),
(628, '410', 4),
(629, '140', 4),
(630, '4', 1),
(631, '433', 2),
(632, '7', 4),
(633, '29', 1),
(634, '252', 4),
(635, '378', 3),
(636, '189', 3),
(637, '432', 4),
(638, '179', 2),
(639, '107', 1),
(640, '319', 1),
(641, '78', 1),
(642, '431', 2),
(643, '258', 4),
(644, '154', 3),
(645, '372', 1),
(646, '500', 2),
(647, '89', 3),
(648, '482', 1),
(649, '403', 4),
(650, '268', 4),
(651, '12', 2),
(652, '405', 4),
(653, '91', 2),
(654, '32', 2),
(655, '157', 1),
(656, '373', 1),
(657, '425', 1),
(658, '436', 2),
(659, '135', 4),
(660, '137', 2),
(661, '110', 4),
(662, '151', 2),
(663, '197', 4),
(664, '434', 2),
(665, '316', 2),
(666, '74', 1),
(667, '304', 3),
(668, '45', 4),
(669, '203', 1),
(670, '455', 1),
(671, '147', 2),
(672, '102', 2),
(673, '266', 3),
(674, '59', 1),
(675, '143', 3),
(676, '275', 2),
(677, '488', 3),
(678, '310', 3),
(679, '367', 1),
(680, '307', 3),
(681, '418', 4),
(682, '143', 4),
(683, '354', 4),
(684, '253', 2),
(685, '292', 2),
(686, '351', 4),
(687, '494', 4),
(688, '291', 1),
(689, '222', 3),
(690, '127', 2),
(691, '65', 4),
(692, '201', 2),
(693, '98', 4),
(694, '221', 4),
(695, '150', 2),
(696, '441', 1),
(697, '372', 1),
(698, '25', 1),
(699, '260', 1),
(700, '46', 2),
(701, '157', 1),
(702, '342', 4),
(703, '95', 1),
(704, '311', 3),
(705, '31', 2),
(706, '87', 2),
(707, '428', 1),
(708, '331', 3),
(709, '345', 3),
(710, '44', 2),
(711, '47', 2),
(712, '325', 3),
(713, '335', 4),
(714, '6', 3),
(715, '429', 4),
(716, '332', 4),
(717, '77', 3),
(718, '149', 4),
(719, '415', 1),
(720, '9', 1),
(721, '364', 1),
(722, '24', 4),
(723, '62', 1),
(724, '460', 1),
(725, '174', 3),
(726, '286', 3),
(727, '143', 4),
(728, '429', 1),
(729, '202', 2),
(730, '141', 1),
(731, '396', 2),
(732, '385', 4),
(733, '378', 1),
(734, '360', 1),
(735, '194', 2),
(736, '247', 3),
(737, '214', 3),
(738, '300', 4),
(739, '52', 4),
(740, '79', 4),
(741, '351', 3),
(742, '250', 1),
(743, '375', 2),
(744, '342', 4),
(745, '389', 2),
(746, '264', 1),
(747, '237', 1),
(748, '475', 4),
(749, '385', 1),
(750, '499', 2),
(751, '155', 4),
(752, '294', 1),
(753, '78', 2),
(754, '113', 3),
(755, '19', 2),
(756, '400', 2),
(757, '13', 1),
(758, '276', 3),
(759, '500', 4),
(760, '500', 2),
(761, '496', 3),
(762, '414', 3),
(763, '483', 2),
(764, '75', 2),
(765, '484', 1),
(766, '344', 3),
(767, '491', 2),
(768, '208', 1),
(769, '383', 2),
(770, '408', 3),
(771, '409', 2),
(772, '386', 4),
(773, '93', 2),
(774, '24', 2),
(775, '187', 2),
(776, '391', 2),
(777, '89', 3),
(778, '334', 4),
(779, '244', 1),
(780, '170', 4),
(781, '294', 2),
(782, '406', 2),
(783, '140', 3),
(784, '107', 2),
(785, '316', 2),
(786, '388', 4),
(787, '46', 4),
(788, '196', 2),
(789, '299', 3),
(790, '51', 2),
(791, '494', 1),
(792, '315', 4),
(793, '207', 3),
(794, '170', 2),
(795, '460', 2),
(796, '29', 3),
(797, '107', 2),
(798, '433', 4),
(799, '475', 2),
(800, '3', 2),
(801, '388', 4),
(802, '301', 3),
(803, '408', 1),
(804, '327', 2),
(805, '73', 1),
(806, '57', 3),
(807, '469', 4),
(808, '32', 4),
(809, '477', 2),
(810, '106', 1),
(811, '67', 1),
(812, '68', 4),
(813, '324', 4),
(814, '128', 4),
(815, '131', 2),
(816, '158', 4),
(817, '310', 1),
(818, '265', 4),
(819, '35', 2),
(820, '302', 1),
(821, '24', 3),
(822, '109', 2),
(823, '294', 3),
(824, '150', 1),
(825, '46', 1),
(826, '41', 3),
(827, '33', 1),
(828, '480', 3),
(829, '235', 4),
(830, '35', 1),
(831, '207', 3),
(832, '150', 4),
(833, '461', 2),
(834, '156', 1),
(835, '324', 4),
(836, '63', 1),
(837, '11', 4),
(838, '13', 2),
(839, '101', 4),
(840, '228', 3),
(841, '475', 4),
(842, '324', 1),
(843, '366', 2),
(844, '68', 3),
(845, '206', 3),
(846, '264', 2),
(847, '421', 3),
(848, '459', 1),
(849, '444', 2),
(850, '492', 1),
(851, '253', 2),
(852, '42', 4),
(853, '450', 3),
(854, '273', 3),
(855, '62', 4),
(856, '361', 4),
(857, '238', 1),
(858, '258', 3),
(859, '223', 1),
(860, '178', 4),
(861, '274', 2),
(862, '286', 1),
(863, '445', 4),
(864, '70', 1),
(865, '151', 2),
(866, '100', 3),
(867, '141', 3),
(868, '275', 3),
(869, '483', 2),
(870, '472', 4),
(871, '404', 4),
(872, '112', 3),
(873, '127', 4),
(874, '474', 4),
(875, '131', 4),
(876, '177', 1),
(877, '473', 1),
(878, '236', 2),
(879, '102', 1),
(880, '462', 2),
(881, '197', 1),
(882, '496', 4),
(883, '226', 2),
(884, '368', 3),
(885, '309', 1),
(886, '102', 3),
(887, '68', 3),
(888, '305', 1),
(889, '192', 3),
(890, '473', 4),
(891, '70', 4),
(892, '4', 1),
(893, '179', 4),
(894, '293', 2),
(895, '337', 4),
(896, '38', 2),
(897, '80', 4),
(898, '372', 4),
(899, '141', 2),
(900, '362', 2),
(901, '332', 1),
(902, '420', 3),
(903, '328', 4),
(904, '316', 1),
(905, '60', 1),
(906, '398', 1),
(907, '198', 3),
(908, '41', 3),
(909, '184', 2),
(910, '265', 2),
(911, '16', 4),
(912, '329', 2),
(913, '115', 2),
(914, '32', 4),
(915, '272', 2),
(916, '153', 4),
(917, '221', 1),
(918, '167', 4),
(919, '226', 4),
(920, '128', 4),
(921, '52', 4),
(922, '385', 1),
(923, '181', 1),
(924, '7', 3),
(925, '339', 2),
(926, '90', 4),
(927, '43', 2),
(928, '489', 4),
(929, '412', 2),
(930, '334', 2),
(931, '452', 1),
(932, '97', 2),
(933, '427', 1),
(934, '64', 3),
(935, '447', 3),
(936, '455', 3),
(937, '58', 2),
(938, '163', 1),
(939, '267', 1),
(940, '259', 3),
(941, '483', 4),
(942, '435', 2),
(943, '157', 4),
(944, '408', 1),
(945, '413', 4),
(946, '23', 1),
(947, '398', 4),
(948, '120', 4),
(949, '199', 4),
(950, '101', 2),
(951, '122', 3),
(952, '60', 4),
(953, '192', 1),
(954, '307', 4),
(955, '424', 4),
(956, '244', 2),
(957, '64', 4),
(958, '188', 2),
(959, '417', 3),
(960, '459', 3),
(961, '304', 2),
(962, '408', 3),
(963, '490', 1),
(964, '61', 3),
(965, '100', 2),
(966, '32', 1),
(967, '313', 4),
(968, '153', 3),
(969, '81', 2),
(970, '415', 2),
(971, '420', 2),
(972, '453', 1),
(973, '457', 2),
(974, '372', 1),
(975, '172', 4),
(976, '327', 3),
(977, '403', 1),
(978, '444', 2),
(979, '299', 1),
(980, '417', 3),
(981, '386', 3),
(982, '199', 3),
(983, '216', 3),
(984, '383', 1),
(985, '123', 3),
(986, '471', 2),
(987, '200', 2),
(988, '122', 1),
(989, '404', 2),
(990, '343', 1),
(991, '378', 1),
(992, '263', 4),
(993, '198', 2),
(994, '479', 4),
(995, '46', 4),
(996, '56', 2),
(997, '66', 4),
(998, '211', 1),
(999, '434', 2),
(1000, '256', 4);

-- --------------------------------------------------------

--
-- Table structure for table `item_size_tbl`
--

CREATE TABLE `item_size_tbl` (
  `ItemSizeID` int(11) NOT NULL,
  `ItemID` varchar(50) CHARACTER SET utf8 NOT NULL,
  `SizeID` int(11) NOT NULL
) ENGINE=InnoDB DEFAULT CHARSET=latin1;

--
-- Dumping data for table `item_size_tbl`
--

INSERT INTO `item_size_tbl` (`ItemSizeID`, `ItemID`, `SizeID`) VALUES
(1, '262', 28),
(2, '367', 32),
(3, '429', 22),
(4, '250', 11),
(5, '486', 29),
(6, '42', 10),
(7, '176', 25),
(8, '417', 43),
(9, '299', 40),
(10, '207', 40),
(11, '417', 29),
(12, '27', 19),
(13, '137', 12),
(14, '69', 21),
(15, '286', 29),
(16, '8', 14),
(17, '369', 39),
(18, '231', 1),
(19, '175', 3),
(20, '444', 15),
(21, '373', 22),
(22, '5', 3),
(23, '470', 33),
(24, '45', 21),
(25, '257', 25),
(26, '184', 19),
(27, '279', 11),
(28, '473', 24),
(29, '273', 39),
(30, '373', 10),
(31, '290', 21),
(32, '218', 12),
(33, '473', 13),
(34, '273', 35),
(35, '127', 27),
(36, '450', 29),
(37, '338', 31),
(38, '193', 7),
(39, '266', 17),
(40, '341', 4),
(41, '110', 5),
(42, '416', 28),
(43, '172', 8),
(44, '304', 5),
(45, '298', 15),
(46, '255', 16),
(47, '191', 41),
(48, '94', 21),
(49, '243', 16),
(50, '490', 32),
(51, '24', 42),
(52, '223', 26),
(53, '186', 21),
(54, '10', 35),
(55, '194', 26),
(56, '449', 36),
(57, '416', 31),
(58, '343', 2),
(59, '201', 7),
(60, '208', 5),
(61, '179', 7),
(62, '252', 10),
(63, '414', 34),
(64, '416', 4),
(65, '238', 11),
(66, '429', 3),
(67, '403', 25),
(68, '141', 42),
(69, '113', 16),
(70, '39', 29),
(71, '485', 7),
(72, '464', 25),
(73, '337', 4),
(74, '366', 38),
(75, '80', 35),
(76, '88', 16),
(77, '75', 8),
(78, '385', 18),
(79, '31', 14),
(80, '33', 32),
(81, '222', 38),
(82, '22', 28),
(83, '149', 25),
(84, '141', 39),
(85, '212', 31),
(86, '317', 1),
(87, '251', 27),
(88, '253', 21),
(89, '168', 20),
(90, '384', 33),
(91, '178', 2),
(92, '499', 35),
(93, '113', 28),
(94, '119', 42),
(95, '263', 8),
(96, '39', 7),
(97, '347', 4),
(98, '477', 14),
(99, '457', 11),
(100, '347', 43),
(101, '178', 36),
(102, '51', 1),
(103, '86', 29),
(104, '292', 26),
(105, '205', 1),
(106, '276', 21),
(107, '282', 11),
(108, '203', 18),
(109, '306', 13),
(110, '275', 18),
(111, '290', 18),
(112, '403', 39),
(113, '273', 35),
(114, '285', 42),
(115, '147', 29),
(116, '238', 9),
(117, '329', 10),
(118, '380', 24),
(119, '404', 36),
(120, '228', 24),
(121, '440', 25),
(122, '350', 32),
(123, '220', 30),
(124, '444', 25),
(125, '443', 22),
(126, '122', 13),
(127, '217', 22),
(128, '308', 17),
(129, '335', 26),
(130, '460', 6),
(131, '119', 7),
(132, '182', 34),
(133, '208', 40),
(134, '105', 18),
(135, '80', 31),
(136, '258', 33),
(137, '104', 23),
(138, '260', 35),
(139, '78', 21),
(140, '311', 7),
(141, '468', 18),
(142, '32', 9),
(143, '114', 16),
(144, '67', 5),
(145, '288', 2),
(146, '115', 11),
(147, '317', 8),
(148, '120', 1),
(149, '136', 34),
(150, '112', 2),
(151, '240', 5),
(152, '281', 21),
(153, '321', 1),
(154, '200', 19),
(155, '129', 38),
(156, '148', 23),
(157, '362', 42),
(158, '63', 23),
(159, '64', 21),
(160, '252', 26),
(161, '213', 43),
(162, '374', 33),
(163, '290', 13),
(164, '3', 39),
(165, '123', 9),
(166, '12', 21),
(167, '331', 30),
(168, '241', 3),
(169, '119', 27),
(170, '3', 39),
(171, '227', 23),
(172, '477', 13),
(173, '31', 13),
(174, '471', 28),
(175, '126', 43),
(176, '4', 34),
(177, '244', 38),
(178, '93', 26),
(179, '301', 5),
(180, '216', 19),
(181, '466', 20),
(182, '56', 41),
(183, '250', 1),
(184, '279', 9),
(185, '114', 22),
(186, '349', 39),
(187, '232', 34),
(188, '175', 28),
(189, '75', 15),
(190, '397', 33),
(191, '82', 5),
(192, '163', 32),
(193, '294', 39),
(194, '162', 41),
(195, '266', 39),
(196, '77', 31),
(197, '75', 20),
(198, '39', 34),
(199, '370', 35),
(200, '332', 14),
(201, '270', 13),
(202, '457', 13),
(203, '160', 17),
(204, '69', 26),
(205, '227', 17),
(206, '233', 39),
(207, '138', 35),
(208, '56', 16),
(209, '458', 14),
(210, '279', 10),
(211, '139', 29),
(212, '104', 21),
(213, '224', 34),
(214, '120', 27),
(215, '393', 41),
(216, '405', 36),
(217, '252', 20),
(218, '310', 3),
(219, '446', 8),
(220, '404', 6),
(221, '390', 2),
(222, '416', 20),
(223, '254', 37),
(224, '309', 37),
(225, '242', 31),
(226, '181', 21),
(227, '170', 3),
(228, '278', 36),
(229, '330', 2),
(230, '457', 32),
(231, '490', 7),
(232, '460', 23),
(233, '406', 6),
(234, '306', 43),
(235, '172', 7),
(236, '255', 40),
(237, '500', 6),
(238, '295', 31),
(239, '163', 18),
(240, '463', 34),
(241, '250', 19),
(242, '215', 12),
(243, '165', 31),
(244, '200', 40),
(245, '222', 28),
(246, '480', 12),
(247, '290', 10),
(248, '371', 20),
(249, '326', 14),
(250, '381', 14),
(251, '145', 39),
(252, '374', 1),
(253, '406', 15),
(254, '404', 22),
(255, '148', 14),
(256, '201', 39),
(257, '280', 39),
(258, '112', 36),
(259, '455', 14),
(260, '331', 30),
(261, '303', 37),
(262, '256', 15),
(263, '240', 35),
(264, '304', 27),
(265, '274', 16),
(266, '411', 29),
(267, '141', 39),
(268, '384', 41),
(269, '445', 20),
(270, '106', 32),
(271, '495', 20),
(272, '30', 38),
(273, '484', 18),
(274, '143', 15),
(275, '278', 19),
(276, '219', 19),
(277, '284', 5),
(278, '192', 39),
(279, '451', 33),
(280, '312', 1),
(281, '112', 10),
(282, '313', 13),
(283, '242', 5),
(284, '286', 10),
(285, '310', 32),
(286, '122', 13),
(287, '285', 25),
(288, '274', 13),
(289, '383', 29),
(290, '311', 11),
(291, '405', 11),
(292, '272', 31),
(293, '458', 10),
(294, '310', 5),
(295, '335', 1),
(296, '317', 6),
(297, '337', 1),
(298, '334', 17),
(299, '90', 5),
(300, '8', 24),
(301, '300', 29),
(302, '330', 29),
(303, '492', 7),
(304, '38', 37),
(305, '444', 43),
(306, '128', 15),
(307, '303', 7),
(308, '362', 26),
(309, '493', 13),
(310, '184', 26),
(311, '269', 6),
(312, '381', 5),
(313, '486', 29),
(314, '424', 15),
(315, '113', 32),
(316, '76', 39),
(317, '16', 35),
(318, '465', 10),
(319, '355', 17),
(320, '196', 24),
(321, '353', 16),
(322, '6', 7),
(323, '296', 34),
(324, '424', 13),
(325, '3', 22),
(326, '457', 1),
(327, '107', 33),
(328, '447', 31),
(329, '16', 6),
(330, '286', 26),
(331, '363', 25),
(332, '205', 15),
(333, '256', 28),
(334, '164', 7),
(335, '232', 30),
(336, '340', 11),
(337, '185', 6),
(338, '25', 24),
(339, '93', 20),
(340, '487', 2),
(341, '195', 13),
(342, '351', 29),
(343, '113', 10),
(344, '189', 18),
(345, '264', 27),
(346, '310', 6),
(347, '219', 26),
(348, '192', 13),
(349, '306', 35),
(350, '433', 15),
(351, '453', 11),
(352, '426', 24),
(353, '21', 23),
(354, '69', 13),
(355, '190', 17),
(356, '117', 23),
(357, '268', 30),
(358, '74', 28),
(359, '82', 43),
(360, '330', 28),
(361, '8', 36),
(362, '388', 18),
(363, '114', 3),
(364, '186', 17),
(365, '68', 8),
(366, '390', 19),
(367, '109', 5),
(368, '292', 14),
(369, '468', 21),
(370, '363', 1),
(371, '212', 33),
(372, '119', 38),
(373, '324', 24),
(374, '71', 12),
(375, '264', 22),
(376, '65', 22),
(377, '33', 15),
(378, '378', 6),
(379, '242', 26),
(380, '292', 2),
(381, '435', 6),
(382, '266', 6),
(383, '153', 43),
(384, '396', 30),
(385, '198', 22),
(386, '493', 1),
(387, '43', 18),
(388, '362', 21),
(389, '135', 7),
(390, '389', 34),
(391, '57', 34),
(392, '151', 27),
(393, '497', 4),
(394, '370', 18),
(395, '186', 22),
(396, '138', 15),
(397, '349', 13),
(398, '146', 22),
(399, '28', 30),
(400, '281', 2),
(401, '156', 1),
(402, '418', 23),
(403, '59', 17),
(404, '28', 42),
(405, '175', 3),
(406, '30', 2),
(407, '2', 15),
(408, '94', 33),
(409, '155', 25),
(410, '149', 31),
(411, '388', 39),
(412, '329', 32),
(413, '170', 12),
(414, '490', 39),
(415, '415', 43),
(416, '292', 6),
(417, '247', 39),
(418, '120', 41),
(419, '43', 29),
(420, '488', 30),
(421, '28', 24),
(422, '407', 14),
(423, '27', 43),
(424, '212', 18),
(425, '119', 3),
(426, '369', 10),
(427, '497', 8),
(428, '446', 25),
(429, '180', 20),
(430, '334', 25),
(431, '386', 7),
(432, '239', 18),
(433, '384', 42),
(434, '67', 36),
(435, '117', 28),
(436, '434', 31),
(437, '127', 27),
(438, '366', 1),
(439, '43', 5),
(440, '397', 13),
(441, '9', 38),
(442, '20', 6),
(443, '448', 42),
(444, '315', 41),
(445, '407', 6),
(446, '481', 31),
(447, '353', 31),
(448, '310', 16),
(449, '223', 19),
(450, '254', 11),
(451, '244', 26),
(452, '498', 10),
(453, '5', 21),
(454, '228', 21),
(455, '231', 9),
(456, '7', 38),
(457, '346', 9),
(458, '125', 25),
(459, '477', 15),
(460, '243', 36),
(461, '148', 25),
(462, '477', 16),
(463, '281', 16),
(464, '104', 31),
(465, '243', 19),
(466, '68', 37),
(467, '416', 43),
(468, '303', 18),
(469, '78', 40),
(470, '241', 12),
(471, '455', 25),
(472, '175', 16),
(473, '418', 16),
(474, '261', 13),
(475, '482', 30),
(476, '129', 38),
(477, '441', 16),
(478, '235', 29),
(479, '59', 16),
(480, '185', 42),
(481, '159', 33),
(482, '135', 39),
(483, '430', 26),
(484, '377', 6),
(485, '380', 10),
(486, '441', 5),
(487, '185', 31),
(488, '68', 25),
(489, '486', 17),
(490, '332', 13),
(491, '16', 27),
(492, '85', 8),
(493, '129', 34),
(494, '146', 35),
(495, '235', 10),
(496, '120', 42),
(497, '62', 19),
(498, '223', 5),
(499, '417', 25),
(500, '318', 38),
(501, '399', 6),
(502, '75', 12),
(503, '171', 14),
(504, '37', 3),
(505, '174', 15),
(506, '330', 38),
(507, '230', 31),
(508, '213', 41),
(509, '414', 26),
(510, '492', 8),
(511, '210', 5),
(512, '378', 30),
(513, '11', 19),
(514, '499', 36),
(515, '223', 36),
(516, '418', 23),
(517, '117', 13),
(518, '114', 6),
(519, '259', 15),
(520, '4', 31),
(521, '500', 12),
(522, '321', 2),
(523, '66', 37),
(524, '315', 23),
(525, '429', 43),
(526, '453', 19),
(527, '489', 7),
(528, '390', 24),
(529, '432', 36),
(530, '240', 37),
(531, '28', 31),
(532, '361', 22),
(533, '300', 27),
(534, '249', 2),
(535, '361', 28),
(536, '334', 21),
(537, '484', 16),
(538, '36', 15),
(539, '343', 2),
(540, '366', 36),
(541, '7', 29),
(542, '136', 37),
(543, '202', 34),
(544, '438', 20),
(545, '278', 1),
(546, '258', 25),
(547, '373', 5),
(548, '326', 34),
(549, '100', 42),
(550, '231', 36),
(551, '21', 25),
(552, '395', 4),
(553, '145', 13),
(554, '75', 32),
(555, '142', 16),
(556, '345', 18),
(557, '291', 19),
(558, '216', 42),
(559, '70', 35),
(560, '36', 1),
(561, '304', 11),
(562, '258', 21),
(563, '496', 27),
(564, '490', 14),
(565, '430', 1),
(566, '141', 12),
(567, '334', 32),
(568, '350', 38),
(569, '412', 40),
(570, '306', 28),
(571, '24', 25),
(572, '412', 10),
(573, '144', 15),
(574, '363', 27),
(575, '229', 40),
(576, '19', 2),
(577, '284', 13),
(578, '417', 20),
(579, '86', 29),
(580, '115', 30),
(581, '382', 40),
(582, '335', 23),
(583, '241', 6),
(584, '413', 32),
(585, '104', 6),
(586, '370', 13),
(587, '415', 16),
(588, '378', 27),
(589, '381', 31),
(590, '280', 2),
(591, '67', 6),
(592, '470', 1),
(593, '33', 14),
(594, '213', 26),
(595, '105', 22),
(596, '64', 30),
(597, '153', 40),
(598, '153', 4),
(599, '117', 41),
(600, '227', 42),
(601, '317', 41),
(602, '346', 9),
(603, '499', 7),
(604, '160', 29),
(605, '346', 10),
(606, '304', 3),
(607, '72', 5),
(608, '84', 6),
(609, '489', 35),
(610, '114', 16),
(611, '423', 20),
(612, '86', 39),
(613, '385', 23),
(614, '275', 14),
(615, '259', 31),
(616, '142', 34),
(617, '67', 17),
(618, '98', 43),
(619, '137', 26),
(620, '418', 39),
(621, '286', 23),
(622, '251', 22),
(623, '245', 43),
(624, '399', 39),
(625, '10', 43),
(626, '39', 25),
(627, '431', 37),
(628, '458', 41),
(629, '152', 18),
(630, '442', 18),
(631, '291', 13),
(632, '91', 43),
(633, '65', 43),
(634, '120', 7),
(635, '435', 30),
(636, '169', 3),
(637, '460', 1),
(638, '86', 14),
(639, '324', 13),
(640, '499', 16),
(641, '34', 26),
(642, '355', 38),
(643, '158', 2),
(644, '480', 12),
(645, '138', 14),
(646, '30', 31),
(647, '39', 17),
(648, '499', 4),
(649, '258', 27),
(650, '280', 43),
(651, '301', 5),
(652, '105', 9),
(653, '5', 1),
(654, '149', 40),
(655, '253', 29),
(656, '375', 1),
(657, '346', 31),
(658, '202', 35),
(659, '390', 8),
(660, '445', 33),
(661, '93', 31),
(662, '306', 15),
(663, '422', 17),
(664, '448', 40),
(665, '447', 21),
(666, '152', 2),
(667, '471', 40),
(668, '55', 43),
(669, '323', 29),
(670, '398', 24),
(671, '485', 10),
(672, '382', 23),
(673, '440', 29),
(674, '351', 19),
(675, '394', 10),
(676, '293', 14),
(677, '347', 13),
(678, '216', 14),
(679, '465', 4),
(680, '252', 40),
(681, '96', 3),
(682, '112', 7),
(683, '491', 17),
(684, '383', 4),
(685, '308', 14),
(686, '419', 41),
(687, '30', 41),
(688, '328', 27),
(689, '435', 5),
(690, '271', 32),
(691, '496', 21),
(692, '455', 29),
(693, '233', 16),
(694, '301', 32),
(695, '107', 37),
(696, '28', 16),
(697, '216', 12),
(698, '2', 39),
(699, '190', 38),
(700, '142', 22),
(701, '65', 38),
(702, '278', 41),
(703, '183', 29),
(704, '445', 17),
(705, '295', 24),
(706, '146', 41),
(707, '388', 24),
(708, '205', 30),
(709, '459', 34),
(710, '337', 17),
(711, '6', 21),
(712, '256', 30),
(713, '125', 14),
(714, '414', 42),
(715, '5', 21),
(716, '489', 30),
(717, '310', 11),
(718, '89', 37),
(719, '228', 2),
(720, '388', 43),
(721, '417', 3),
(722, '15', 42),
(723, '194', 18),
(724, '255', 36),
(725, '473', 20),
(726, '359', 5),
(727, '59', 36),
(728, '189', 17),
(729, '191', 39),
(730, '129', 30),
(731, '350', 4),
(732, '70', 43),
(733, '459', 40),
(734, '445', 1),
(735, '498', 40),
(736, '87', 40),
(737, '390', 40),
(738, '234', 17),
(739, '88', 23),
(740, '289', 18),
(741, '72', 28),
(742, '413', 11),
(743, '147', 40),
(744, '421', 16),
(745, '209', 38),
(746, '318', 43),
(747, '30', 11),
(748, '98', 21),
(749, '290', 28),
(750, '141', 4),
(751, '274', 7),
(752, '42', 30),
(753, '176', 37),
(754, '195', 2),
(755, '460', 21),
(756, '498', 18),
(757, '253', 43),
(758, '257', 39),
(759, '5', 19),
(760, '83', 6),
(761, '79', 24),
(762, '206', 6),
(763, '365', 41),
(764, '386', 43),
(765, '124', 19),
(766, '384', 10),
(767, '129', 16),
(768, '211', 8),
(769, '322', 8),
(770, '167', 27),
(771, '170', 28),
(772, '447', 19),
(773, '54', 41),
(774, '426', 24),
(775, '441', 31),
(776, '68', 27),
(777, '462', 17),
(778, '207', 5),
(779, '390', 13),
(780, '12', 6),
(781, '196', 13),
(782, '171', 16),
(783, '450', 41),
(784, '444', 20),
(785, '30', 11),
(786, '3', 14),
(787, '180', 24),
(788, '469', 30),
(789, '419', 12),
(790, '300', 24),
(791, '351', 18),
(792, '463', 2),
(793, '64', 2),
(794, '463', 22),
(795, '208', 29),
(796, '312', 24),
(797, '292', 25),
(798, '253', 31),
(799, '362', 1),
(800, '437', 41),
(801, '160', 8),
(802, '175', 8),
(803, '108', 13),
(804, '232', 43),
(805, '416', 8),
(806, '467', 32),
(807, '374', 30),
(808, '276', 7),
(809, '272', 13),
(810, '246', 41),
(811, '266', 38),
(812, '76', 42),
(813, '84', 34),
(814, '477', 25),
(815, '330', 39),
(816, '361', 20),
(817, '390', 40),
(818, '224', 18),
(819, '382', 3),
(820, '182', 16),
(821, '318', 8),
(822, '479', 34),
(823, '25', 3),
(824, '379', 28),
(825, '306', 38),
(826, '253', 33),
(827, '104', 22),
(828, '115', 3),
(829, '274', 12),
(830, '395', 2),
(831, '424', 15),
(832, '409', 3),
(833, '358', 13),
(834, '333', 8),
(835, '205', 24),
(836, '64', 7),
(837, '356', 26),
(838, '103', 19),
(839, '299', 42),
(840, '456', 11),
(841, '343', 41),
(842, '100', 35),
(843, '30', 15),
(844, '48', 21),
(845, '369', 40),
(846, '435', 20),
(847, '378', 13),
(848, '285', 15),
(849, '142', 2),
(850, '455', 37),
(851, '43', 5),
(852, '236', 19),
(853, '381', 18),
(854, '199', 31),
(855, '304', 19),
(856, '360', 6),
(857, '122', 31),
(858, '473', 2),
(859, '318', 12),
(860, '447', 2),
(861, '414', 10),
(862, '326', 29),
(863, '118', 21),
(864, '54', 12),
(865, '336', 42),
(866, '387', 16),
(867, '155', 22),
(868, '441', 22),
(869, '289', 33),
(870, '484', 25),
(871, '227', 11),
(872, '351', 37),
(873, '399', 1),
(874, '446', 19),
(875, '51', 24),
(876, '213', 27),
(877, '174', 11),
(878, '110', 41),
(879, '291', 9),
(880, '375', 41),
(881, '415', 34),
(882, '490', 28),
(883, '15', 2),
(884, '269', 34),
(885, '467', 31),
(886, '390', 38),
(887, '455', 6),
(888, '97', 14),
(889, '324', 22),
(890, '205', 32),
(891, '416', 21),
(892, '375', 39),
(893, '303', 4),
(894, '415', 29),
(895, '137', 6),
(896, '478', 30),
(897, '332', 3),
(898, '379', 18),
(899, '465', 39),
(900, '408', 6),
(901, '380', 35),
(902, '287', 11),
(903, '290', 32),
(904, '209', 9),
(905, '387', 23),
(906, '192', 42),
(907, '478', 23),
(908, '200', 8),
(909, '36', 36),
(910, '383', 1),
(911, '314', 43),
(912, '313', 43),
(913, '177', 28),
(914, '266', 19),
(915, '14', 6),
(916, '80', 19),
(917, '365', 22),
(918, '215', 33),
(919, '31', 26),
(920, '3', 43),
(921, '3', 22),
(922, '137', 16),
(923, '417', 38),
(924, '119', 27),
(925, '458', 9),
(926, '392', 21),
(927, '467', 24),
(928, '326', 41),
(929, '83', 3),
(930, '39', 15),
(931, '197', 22),
(932, '174', 29),
(933, '259', 28),
(934, '26', 33),
(935, '154', 27),
(936, '111', 16),
(937, '317', 5),
(938, '208', 34),
(939, '387', 2),
(940, '497', 42),
(941, '326', 8),
(942, '418', 9),
(943, '491', 21),
(944, '400', 5),
(945, '490', 12),
(946, '92', 32),
(947, '474', 39),
(948, '189', 8),
(949, '353', 40),
(950, '277', 21),
(951, '357', 3),
(952, '169', 37),
(953, '133', 31),
(954, '218', 28),
(955, '233', 17),
(956, '257', 17),
(957, '409', 17),
(958, '305', 20),
(959, '160', 10),
(960, '254', 35),
(961, '267', 21),
(962, '165', 15),
(963, '165', 10),
(964, '269', 9),
(965, '84', 39),
(966, '410', 28),
(967, '304', 9),
(968, '253', 17),
(969, '98', 8),
(970, '396', 12),
(971, '190', 6),
(972, '432', 30),
(973, '155', 16),
(974, '297', 35),
(975, '124', 30),
(976, '18', 25),
(977, '240', 1),
(978, '185', 4),
(979, '278', 42),
(980, '243', 33),
(981, '297', 43),
(982, '312', 28),
(983, '316', 38),
(984, '171', 24),
(985, '31', 7),
(986, '399', 38),
(987, '232', 24),
(988, '270', 25),
(989, '3', 39),
(990, '116', 42),
(991, '156', 3),
(992, '30', 8),
(993, '255', 18),
(994, '405', 35),
(995, '123', 13),
(996, '106', 20),
(997, '346', 4),
(998, '415', 6),
(999, '118', 38),
(1000, '256', 33);

-- --------------------------------------------------------

--
-- Table structure for table `item_species_tbl`
--

CREATE TABLE `item_species_tbl` (
  `ItemSpeciesID` int(11) NOT NULL,
  `ItemID` varchar(50) CHARACTER SET utf8 NOT NULL,
  `SpeciesID` int(11) NOT NULL
) ENGINE=InnoDB DEFAULT CHARSET=latin1;

--
-- Dumping data for table `item_species_tbl`
--

INSERT INTO `item_species_tbl` (`ItemSpeciesID`, `ItemID`, `SpeciesID`) VALUES
(1, '328', 175),
(2, '186', 49),
(3, '421', 278),
(4, '367', 48),
(5, '247', 50),
(6, '174', 94),
(7, '325', 31),
(8, '31', 14),
(9, '176', 129),
(10, '471', 50),
(11, '181', 182),
(12, '443', 62),
(13, '319', 195),
(14, '494', 264),
(15, '131', 181),
(16, '24', 243),
(17, '455', 172),
(18, '234', 71),
(19, '381', 202),
(20, '225', 16),
(21, '309', 268),
(22, '75', 81),
(23, '160', 58),
(24, '108', 8),
(25, '139', 81),
(26, '235', 241),
(27, '400', 241),
(28, '478', 166),
(29, '479', 23),
(30, '290', 43),
(31, '308', 279),
(32, '175', 11),
(33, '198', 260),
(34, '324', 208),
(35, '125', 198),
(36, '208', 47),
(37, '314', 285),
(38, '288', 266),
(39, '69', 121),
(40, '452', 133),
(41, '215', 223),
(42, '382', 70),
(43, '181', 190),
(44, '6', 142),
(45, '272', 97),
(46, '268', 84),
(47, '329', 53),
(48, '375', 8),
(49, '291', 55),
(50, '432', 202),
(51, '323', 189),
(52, '276', 39),
(53, '472', 149),
(54, '50', 112),
(55, '374', 37),
(56, '264', 272),
(57, '143', 22),
(58, '340', 142),
(59, '220', 5),
(60, '323', 209),
(61, '368', 70),
(62, '450', 142),
(63, '139', 230),
(64, '188', 198),
(65, '488', 249),
(66, '256', 125),
(67, '489', 300),
(68, '259', 184),
(69, '350', 135),
(70, '391', 133),
(71, '339', 186),
(72, '216', 82),
(73, '447', 100),
(74, '494', 222),
(75, '53', 48),
(76, '80', 117),
(77, '218', 299),
(78, '197', 299),
(79, '180', 101),
(80, '156', 21),
(81, '147', 96),
(82, '319', 176),
(83, '197', 110),
(84, '334', 145),
(85, '479', 128),
(86, '150', 234),
(87, '63', 245),
(88, '201', 20),
(89, '371', 260),
(90, '360', 138),
(91, '425', 275),
(92, '412', 158),
(93, '399', 63),
(94, '411', 253),
(95, '315', 149),
(96, '460', 32),
(97, '338', 210),
(98, '56', 96),
(99, '322', 243),
(100, '328', 24),
(101, '238', 278),
(102, '431', 87),
(103, '335', 285),
(104, '401', 160),
(105, '459', 188),
(106, '395', 31),
(107, '54', 64),
(108, '1', 95),
(109, '231', 217),
(110, '173', 268),
(111, '435', 156),
(112, '1', 245),
(113, '202', 3),
(114, '41', 242),
(115, '159', 187),
(116, '181', 12),
(117, '271', 242),
(118, '499', 126),
(119, '74', 63),
(120, '143', 236),
(121, '270', 137),
(122, '144', 163),
(123, '94', 170),
(124, '392', 161),
(125, '267', 47),
(126, '66', 226),
(127, '59', 97),
(128, '77', 23),
(129, '220', 84),
(130, '160', 292),
(131, '431', 17),
(132, '324', 135),
(133, '291', 229),
(134, '306', 197),
(135, '234', 99),
(136, '235', 54),
(137, '272', 36),
(138, '95', 132),
(139, '59', 261),
(140, '26', 259),
(141, '452', 39),
(142, '260', 141),
(143, '437', 203),
(144, '97', 144),
(145, '330', 73),
(146, '428', 117),
(147, '335', 194),
(148, '177', 229),
(149, '438', 199),
(150, '288', 125),
(151, '78', 156),
(152, '268', 29),
(153, '29', 180),
(154, '455', 61),
(155, '353', 108),
(156, '95', 300),
(157, '418', 249),
(158, '221', 59),
(159, '58', 215),
(160, '390', 195),
(161, '442', 104),
(162, '246', 20),
(163, '257', 14),
(164, '147', 216),
(165, '201', 70),
(166, '497', 25),
(167, '440', 219),
(168, '69', 209),
(169, '162', 159),
(170, '476', 280),
(171, '377', 126),
(172, '428', 105),
(173, '485', 6),
(174, '351', 28),
(175, '482', 166),
(176, '332', 146),
(177, '330', 92),
(178, '235', 66),
(179, '360', 19),
(180, '110', 174),
(181, '431', 270),
(182, '272', 152),
(183, '453', 111),
(184, '19', 183),
(185, '475', 34),
(186, '312', 5),
(187, '130', 39),
(188, '184', 50),
(189, '266', 200),
(190, '165', 104),
(191, '178', 58),
(192, '412', 51),
(193, '369', 91),
(194, '59', 263),
(195, '184', 243),
(196, '315', 84),
(197, '20', 135),
(198, '31', 151),
(199, '277', 167),
(200, '140', 271),
(201, '148', 111),
(202, '483', 89),
(203, '165', 32),
(204, '300', 33),
(205, '179', 209),
(206, '349', 10),
(207, '263', 102),
(208, '198', 126),
(209, '114', 240),
(210, '168', 186),
(211, '337', 182),
(212, '41', 213),
(213, '344', 155),
(214, '135', 222),
(215, '302', 63),
(216, '259', 178),
(217, '450', 163),
(218, '440', 138),
(219, '290', 123),
(220, '148', 195),
(221, '449', 1),
(222, '233', 91),
(223, '16', 125),
(224, '137', 192),
(225, '108', 1),
(226, '387', 283),
(227, '255', 70),
(228, '175', 178),
(229, '65', 101),
(230, '91', 40),
(231, '455', 298),
(232, '163', 273),
(233, '105', 95),
(234, '91', 187),
(235, '37', 4),
(236, '323', 220),
(237, '136', 266),
(238, '291', 207),
(239, '281', 222),
(240, '103', 78),
(241, '83', 154),
(242, '307', 159),
(243, '366', 256),
(244, '65', 223),
(245, '482', 83),
(246, '209', 101),
(247, '369', 88),
(248, '414', 247),
(249, '42', 113),
(250, '416', 233),
(251, '382', 232),
(252, '333', 253),
(253, '83', 223),
(254, '257', 33),
(255, '164', 90),
(256, '4', 282),
(257, '150', 67),
(258, '160', 120),
(259, '263', 226),
(260, '355', 299),
(261, '250', 179),
(262, '363', 104),
(263, '324', 167),
(264, '61', 95),
(265, '305', 258),
(266, '86', 101),
(267, '410', 118),
(268, '341', 277),
(269, '201', 190),
(270, '327', 233),
(271, '26', 236),
(272, '88', 294),
(273, '459', 77),
(274, '32', 83),
(275, '398', 87),
(276, '439', 52),
(277, '436', 122),
(278, '66', 169),
(279, '466', 133),
(280, '434', 217),
(281, '342', 188),
(282, '78', 40),
(283, '61', 233),
(284, '108', 54),
(285, '388', 37),
(286, '28', 181),
(287, '117', 24),
(288, '58', 39),
(289, '135', 22),
(290, '330', 145),
(291, '458', 9),
(292, '331', 4),
(293, '388', 254),
(294, '340', 272),
(295, '332', 165),
(296, '327', 15),
(297, '126', 102),
(298, '211', 128),
(299, '303', 28),
(300, '77', 254),
(301, '307', 66),
(302, '439', 41),
(303, '195', 296),
(304, '338', 212),
(305, '352', 173),
(306, '119', 85),
(307, '173', 203),
(308, '329', 231),
(309, '401', 233),
(310, '51', 276),
(311, '136', 158),
(312, '290', 148),
(313, '159', 118),
(314, '46', 53),
(315, '305', 217),
(316, '118', 174),
(317, '167', 44),
(318, '198', 269),
(319, '100', 182),
(320, '177', 223),
(321, '353', 80),
(322, '283', 171),
(323, '24', 87),
(324, '11', 149),
(325, '214', 28),
(326, '185', 89),
(327, '137', 121),
(328, '468', 266),
(329, '487', 205),
(330, '436', 225),
(331, '425', 148),
(332, '206', 100),
(333, '250', 37),
(334, '32', 280),
(335, '227', 8),
(336, '258', 290),
(337, '199', 208),
(338, '61', 11),
(339, '240', 60),
(340, '285', 57),
(341, '109', 156),
(342, '247', 80),
(343, '291', 113),
(344, '171', 299),
(345, '427', 270),
(346, '3', 50),
(347, '477', 31),
(348, '199', 278),
(349, '297', 265),
(350, '285', 134),
(351, '302', 158),
(352, '87', 209),
(353, '241', 13),
(354, '252', 247),
(355, '50', 60),
(356, '415', 22),
(357, '499', 168),
(358, '122', 129),
(359, '92', 86),
(360, '208', 242),
(361, '384', 43),
(362, '62', 50),
(363, '254', 269),
(364, '381', 83),
(365, '260', 253),
(366, '463', 104),
(367, '408', 89),
(368, '182', 127),
(369, '418', 124),
(370, '317', 111),
(371, '51', 37),
(372, '427', 39),
(373, '214', 218),
(374, '112', 95),
(375, '457', 254),
(376, '79', 73),
(377, '408', 166),
(378, '230', 36),
(379, '171', 122),
(380, '220', 65),
(381, '174', 167),
(382, '341', 145),
(383, '153', 52),
(384, '34', 285),
(385, '193', 256),
(386, '335', 113),
(387, '200', 157),
(388, '52', 288),
(389, '313', 49),
(390, '116', 221),
(391, '187', 74),
(392, '383', 174),
(393, '6', 172),
(394, '114', 101),
(395, '143', 187),
(396, '186', 231),
(397, '153', 119),
(398, '235', 122),
(399, '21', 7),
(400, '274', 78),
(401, '138', 80),
(402, '247', 93),
(403, '139', 57),
(404, '150', 252),
(405, '311', 172),
(406, '152', 264),
(407, '391', 287),
(408, '370', 118),
(409, '417', 100),
(410, '109', 6),
(411, '156', 232),
(412, '213', 139),
(413, '139', 225),
(414, '288', 108),
(415, '173', 227),
(416, '438', 71),
(417, '452', 285),
(418, '156', 282),
(419, '92', 12),
(420, '365', 262),
(421, '12', 98),
(422, '335', 262),
(423, '164', 261),
(424, '209', 281),
(425, '222', 87),
(426, '384', 276),
(427, '425', 183),
(428, '218', 78),
(429, '462', 120),
(430, '314', 120),
(431, '155', 34),
(432, '239', 158),
(433, '101', 277),
(434, '254', 75),
(435, '141', 299),
(436, '217', 277),
(437, '360', 202),
(438, '310', 135),
(439, '481', 100),
(440, '454', 149),
(441, '221', 207),
(442, '231', 262),
(443, '119', 262),
(444, '209', 87),
(445, '95', 167),
(446, '196', 114),
(447, '375', 158),
(448, '79', 67),
(449, '493', 284),
(450, '297', 250),
(451, '405', 6),
(452, '461', 196),
(453, '45', 149),
(454, '442', 28),
(455, '470', 263),
(456, '401', 194),
(457, '383', 199),
(458, '168', 270),
(459, '389', 297),
(460, '431', 114),
(461, '194', 47),
(462, '451', 180),
(463, '456', 14),
(464, '491', 18),
(465, '336', 174),
(466, '365', 63),
(467, '90', 268),
(468, '225', 132),
(469, '287', 177),
(470, '438', 136),
(471, '442', 27),
(472, '352', 116),
(473, '463', 27),
(474, '41', 208),
(475, '97', 222),
(476, '260', 262),
(477, '419', 241),
(478, '219', 68),
(479, '85', 30),
(480, '134', 171),
(481, '225', 230),
(482, '471', 109),
(483, '323', 58),
(484, '398', 48),
(485, '448', 297),
(486, '1', 100),
(487, '493', 121),
(488, '174', 158),
(489, '69', 274),
(490, '232', 173),
(491, '343', 133),
(492, '405', 228),
(493, '69', 34),
(494, '120', 278),
(495, '199', 173),
(496, '25', 201),
(497, '429', 246),
(498, '241', 111),
(499, '367', 85),
(500, '97', 251),
(501, '335', 69),
(502, '295', 251),
(503, '66', 240),
(504, '452', 109),
(505, '419', 142),
(506, '339', 105),
(507, '425', 105),
(508, '191', 172),
(509, '1', 200),
(510, '228', 11),
(511, '278', 3),
(512, '85', 141),
(513, '458', 193),
(514, '452', 153),
(515, '146', 163),
(516, '25', 105),
(517, '328', 244),
(518, '413', 281),
(519, '386', 215),
(520, '357', 125),
(521, '39', 164),
(522, '299', 290),
(523, '140', 20),
(524, '55', 138),
(525, '374', 110),
(526, '13', 288),
(527, '266', 47),
(528, '11', 215),
(529, '106', 211),
(530, '14', 243),
(531, '195', 248),
(532, '303', 37),
(533, '232', 47),
(534, '254', 163),
(535, '134', 260),
(536, '414', 170),
(537, '146', 205),
(538, '477', 228),
(539, '397', 281),
(540, '80', 236),
(541, '352', 22),
(542, '384', 210),
(543, '383', 73),
(544, '207', 112),
(545, '485', 30),
(546, '351', 122),
(547, '378', 143),
(548, '262', 171),
(549, '466', 245),
(550, '386', 252),
(551, '141', 137),
(552, '226', 62),
(553, '277', 262),
(554, '252', 270),
(555, '369', 258),
(556, '251', 79),
(557, '456', 192),
(558, '48', 82),
(559, '400', 293),
(560, '105', 28),
(561, '115', 296),
(562, '328', 190),
(563, '385', 213),
(564, '155', 41),
(565, '343', 89),
(566, '239', 197),
(567, '416', 226),
(568, '276', 120),
(569, '170', 262),
(570, '345', 249),
(571, '149', 194),
(572, '313', 181),
(573, '279', 36),
(574, '480', 91),
(575, '225', 131),
(576, '11', 157),
(577, '431', 123),
(578, '109', 169),
(579, '484', 57),
(580, '271', 233),
(581, '458', 222),
(582, '365', 211),
(583, '415', 54),
(584, '14', 124),
(585, '467', 28),
(586, '470', 41),
(587, '398', 258),
(588, '161', 181),
(589, '394', 107),
(590, '425', 247),
(591, '124', 24),
(592, '291', 142),
(593, '179', 180),
(594, '131', 299),
(595, '438', 115),
(596, '349', 139),
(597, '488', 268),
(598, '14', 64),
(599, '484', 253),
(600, '101', 6),
(601, '145', 152),
(602, '416', 216),
(603, '217', 103),
(604, '59', 199),
(605, '237', 273),
(606, '131', 65),
(607, '68', 272),
(608, '463', 13),
(609, '313', 70),
(610, '221', 273),
(611, '231', 56),
(612, '445', 227),
(613, '289', 11),
(614, '322', 260),
(615, '134', 198),
(616, '17', 272),
(617, '324', 159),
(618, '316', 59),
(619, '141', 6),
(620, '105', 34),
(621, '35', 200),
(622, '160', 273),
(623, '474', 81),
(624, '74', 298),
(625, '103', 61),
(626, '67', 260),
(627, '30', 226),
(628, '40', 210),
(629, '109', 107),
(630, '149', 11),
(631, '151', 247),
(632, '250', 183),
(633, '205', 237),
(634, '382', 31),
(635, '203', 49),
(636, '205', 72),
(637, '448', 165),
(638, '370', 286),
(639, '146', 183),
(640, '265', 115),
(641, '301', 284),
(642, '71', 10),
(643, '54', 164),
(644, '477', 266),
(645, '476', 73),
(646, '11', 59),
(647, '338', 291),
(648, '139', 215),
(649, '89', 261),
(650, '29', 84),
(651, '374', 293),
(652, '89', 195),
(653, '448', 13),
(654, '438', 41),
(655, '475', 179),
(656, '453', 239),
(657, '212', 191),
(658, '109', 141),
(659, '248', 103),
(660, '157', 154),
(661, '102', 159),
(662, '309', 290),
(663, '218', 99),
(664, '123', 206),
(665, '294', 259),
(666, '35', 60),
(667, '278', 174),
(668, '153', 169),
(669, '268', 105),
(670, '460', 136),
(671, '426', 7),
(672, '399', 53),
(673, '204', 127),
(674, '417', 211),
(675, '334', 265),
(676, '64', 167),
(677, '252', 128),
(678, '57', 195),
(679, '220', 47),
(680, '479', 191),
(681, '201', 217),
(682, '17', 261),
(683, '299', 215),
(684, '427', 6),
(685, '246', 122),
(686, '416', 225),
(687, '125', 202),
(688, '256', 17),
(689, '92', 105),
(690, '30', 46),
(691, '344', 241),
(692, '105', 169),
(693, '239', 86),
(694, '375', 253),
(695, '68', 141),
(696, '448', 168),
(697, '137', 53),
(698, '58', 204),
(699, '78', 217),
(700, '68', 206),
(701, '182', 261),
(702, '339', 163),
(703, '367', 142),
(704, '319', 81),
(705, '69', 295),
(706, '232', 154),
(707, '358', 179),
(708, '462', 270),
(709, '170', 263),
(710, '323', 153),
(711, '288', 62),
(712, '374', 123),
(713, '33', 219),
(714, '149', 296),
(715, '211', 211),
(716, '240', 43),
(717, '81', 174),
(718, '346', 272),
(719, '68', 209),
(720, '275', 233),
(721, '192', 235),
(722, '265', 243),
(723, '3', 124),
(724, '498', 215),
(725, '339', 286),
(726, '198', 42),
(727, '171', 265),
(728, '476', 154),
(729, '401', 272),
(730, '243', 214),
(731, '2', 78),
(732, '127', 114),
(733, '46', 62),
(734, '119', 268),
(735, '206', 159),
(736, '486', 131),
(737, '103', 55),
(738, '217', 196),
(739, '87', 134),
(740, '344', 271),
(741, '472', 12),
(742, '350', 117),
(743, '247', 79),
(744, '358', 114),
(745, '144', 124),
(746, '183', 19),
(747, '434', 179),
(748, '108', 298),
(749, '131', 24),
(750, '324', 28),
(751, '18', 141),
(752, '250', 12),
(753, '310', 61),
(754, '3', 112),
(755, '95', 13),
(756, '149', 71),
(757, '260', 211),
(758, '100', 69),
(759, '395', 231),
(760, '134', 188),
(761, '129', 163),
(762, '306', 10),
(763, '66', 280),
(764, '330', 73),
(765, '305', 237),
(766, '236', 171),
(767, '484', 170),
(768, '72', 75),
(769, '329', 167),
(770, '204', 64),
(771, '180', 124),
(772, '62', 70),
(773, '47', 198),
(774, '165', 278),
(775, '145', 172),
(776, '95', 158),
(777, '8', 23),
(778, '248', 100),
(779, '241', 115),
(780, '131', 177),
(781, '6', 191),
(782, '112', 87),
(783, '304', 276),
(784, '279', 296),
(785, '483', 151),
(786, '416', 83),
(787, '434', 35),
(788, '387', 96),
(789, '52', 179),
(790, '193', 112),
(791, '331', 25),
(792, '26', 56),
(793, '198', 82),
(794, '8', 176),
(795, '249', 190),
(796, '242', 38),
(797, '28', 158),
(798, '358', 67),
(799, '100', 50),
(800, '205', 193),
(801, '234', 93),
(802, '140', 261),
(803, '359', 65),
(804, '272', 197),
(805, '76', 132),
(806, '301', 231),
(807, '167', 185),
(808, '497', 66),
(809, '106', 69),
(810, '224', 127),
(811, '433', 217),
(812, '167', 19),
(813, '21', 182),
(814, '128', 42),
(815, '395', 125),
(816, '365', 65),
(817, '145', 21),
(818, '152', 282),
(819, '448', 58),
(820, '9', 32),
(821, '471', 256),
(822, '202', 217),
(823, '400', 112),
(824, '296', 125),
(825, '404', 155),
(826, '391', 221),
(827, '14', 245),
(828, '347', 222),
(829, '286', 140),
(830, '139', 198),
(831, '311', 179),
(832, '24', 97),
(833, '189', 250),
(834, '345', 10),
(835, '297', 139),
(836, '417', 154),
(837, '17', 92),
(838, '192', 124),
(839, '473', 28),
(840, '163', 66),
(841, '371', 190),
(842, '403', 10),
(843, '332', 139),
(844, '101', 104),
(845, '60', 60),
(846, '314', 283),
(847, '231', 120),
(848, '374', 146),
(849, '432', 58),
(850, '466', 280),
(851, '217', 18),
(852, '106', 290),
(853, '133', 23),
(854, '53', 250),
(855, '247', 124),
(856, '152', 5),
(857, '317', 23),
(858, '351', 143),
(859, '172', 40),
(860, '325', 62),
(861, '490', 18),
(862, '230', 34),
(863, '342', 139),
(864, '347', 11),
(865, '133', 190),
(866, '91', 251),
(867, '273', 155),
(868, '477', 253),
(869, '330', 35),
(870, '103', 186),
(871, '488', 21),
(872, '441', 121),
(873, '386', 3),
(874, '115', 251),
(875, '84', 290),
(876, '14', 227),
(877, '115', 260),
(878, '133', 152),
(879, '307', 150),
(880, '156', 10),
(881, '166', 68),
(882, '317', 134),
(883, '51', 30),
(884, '191', 21),
(885, '129', 141),
(886, '395', 42),
(887, '270', 256),
(888, '5', 184),
(889, '422', 120),
(890, '371', 216),
(891, '425', 178),
(892, '204', 287),
(893, '175', 123),
(894, '130', 130),
(895, '462', 82),
(896, '7', 157),
(897, '233', 235),
(898, '119', 121),
(899, '382', 10),
(900, '278', 118),
(901, '486', 52),
(902, '460', 58),
(903, '120', 91),
(904, '500', 284),
(905, '325', 169),
(906, '238', 33),
(907, '58', 236),
(908, '147', 62),
(909, '496', 45),
(910, '388', 61),
(911, '278', 17),
(912, '269', 67),
(913, '224', 167),
(914, '210', 66),
(915, '128', 124),
(916, '318', 204),
(917, '269', 98),
(918, '227', 248),
(919, '99', 66),
(920, '409', 191),
(921, '424', 243),
(922, '447', 267),
(923, '272', 20),
(924, '88', 269),
(925, '347', 168),
(926, '446', 127),
(927, '62', 216),
(928, '121', 55),
(929, '196', 52),
(930, '447', 177),
(931, '492', 227),
(932, '167', 3),
(933, '433', 235),
(934, '341', 228),
(935, '29', 91),
(936, '452', 97),
(937, '216', 272),
(938, '364', 285),
(939, '265', 102),
(940, '375', 42),
(941, '266', 34),
(942, '114', 198),
(943, '55', 40),
(944, '252', 272),
(945, '80', 112),
(946, '334', 82),
(947, '210', 6),
(948, '125', 15),
(949, '56', 130),
(950, '279', 214),
(951, '258', 86),
(952, '112', 189),
(953, '491', 176),
(954, '127', 231),
(955, '255', 165),
(956, '46', 76),
(957, '81', 252),
(958, '149', 155),
(959, '281', 116),
(960, '353', 74),
(961, '468', 123),
(962, '139', 259),
(963, '80', 83),
(964, '79', 129),
(965, '299', 267),
(966, '387', 250),
(967, '497', 200),
(968, '263', 14),
(969, '264', 246),
(970, '58', 33),
(971, '339', 260),
(972, '139', 127),
(973, '478', 14),
(974, '310', 17),
(975, '238', 137),
(976, '267', 133),
(977, '426', 258),
(978, '308', 9),
(979, '44', 173),
(980, '80', 103),
(981, '96', 259),
(982, '490', 68),
(983, '266', 233),
(984, '250', 150),
(985, '371', 234),
(986, '277', 15),
(987, '101', 220),
(988, '187', 206),
(989, '195', 184),
(990, '228', 266),
(991, '264', 28),
(992, '126', 291),
(993, '234', 165),
(994, '336', 119),
(995, '458', 169),
(996, '384', 6),
(997, '349', 133),
(998, '92', 178),
(999, '191', 146),
(1000, '143', 197);

-- --------------------------------------------------------

--
-- Table structure for table `item_tbl`
--

CREATE TABLE `item_tbl` (
  `ItemID` varchar(50) NOT NULL,
  `BrandID` int(11) DEFAULT NULL,
  `GenderID` int(11) DEFAULT NULL,
  `MaterialID` int(11) DEFAULT NULL,
  `CountOrigID` int(11) DEFAULT NULL,
  `PatternID` int(11) DEFAULT NULL,
  `MSRP` varchar(11) DEFAULT NULL,
  `Image` varchar(200) DEFAULT NULL
) ENGINE=InnoDB DEFAULT CHARSET=utf8;

--
-- Dumping data for table `item_tbl`
--

INSERT INTO `item_tbl` (`ItemID`, `BrandID`, `GenderID`, `MaterialID`, `CountOrigID`, `PatternID`, `MSRP`, `Image`) VALUES
('1', 1, 1, 59, 11, 70, '$2.72 ', 'http://dummyimage.com/110x197.png/ff4444/ffffff'),
('10', 37, 3, 26, 16, 37, '$8.03 ', 'http://dummyimage.com/193x198.jpg/cc0000/ffffff'),
('100', 30, 3, 17, 6, 32, '$0.56 ', 'http://dummyimage.com/122x216.jpg/dddddd/000000'),
('101', 2, 3, 39, 11, 71, '$8.96 ', 'http://dummyimage.com/108x152.bmp/cc0000/ffffff'),
('102', 27, 3, 19, 15, 1, '$0.98 ', 'http://dummyimage.com/100x144.bmp/ff4444/ffffff'),
('103', 6, 2, 7, 12, 1, '$0.13 ', 'http://dummyimage.com/205x109.png/ff4444/ffffff'),
('104', 29, 2, 18, 14, 80, '$6.68 ', 'http://dummyimage.com/102x125.bmp/cc0000/ffffff'),
('105', 15, 1, 14, 9, 47, '$1.72 ', 'http://dummyimage.com/163x216.jpg/dddddd/000000'),
('106', 17, 1, 7, 18, 28, '$7.33 ', 'http://dummyimage.com/105x168.png/ff4444/ffffff'),
('107', 41, 2, 36, 14, 34, '$5.76 ', 'http://dummyimage.com/124x164.png/cc0000/ffffff'),
('108', 24, 2, 39, 10, 91, '$3.38 ', 'http://dummyimage.com/165x112.jpg/dddddd/000000'),
('109', 32, 3, 33, 15, 21, '$9.36 ', 'http://dummyimage.com/158x121.jpg/dddddd/000000'),
('11', 33, 2, 44, 3, 11, '$8.66 ', 'http://dummyimage.com/222x194.bmp/dddddd/000000'),
('110', 20, 3, 16, 17, 64, '$7.76 ', 'http://dummyimage.com/184x181.png/ff4444/ffffff'),
('111', 35, 1, 36, 17, 3, '$6.71 ', 'http://dummyimage.com/144x160.png/5fa2dd/ffffff'),
('112', 15, 2, 38, 17, 15, '$0.14 ', 'http://dummyimage.com/127x234.png/5fa2dd/ffffff'),
('113', 4, 2, 7, 8, 54, '$1.14 ', 'http://dummyimage.com/239x198.bmp/dddddd/000000'),
('114', 44, 3, 40, 16, 31, '$7.35 ', 'http://dummyimage.com/148x117.bmp/5fa2dd/ffffff'),
('115', 10, 1, 57, 3, 88, '$3.22 ', 'http://dummyimage.com/105x213.jpg/ff4444/ffffff'),
('116', 13, 2, 66, 1, 8, '$6.07 ', 'http://dummyimage.com/115x164.bmp/5fa2dd/ffffff'),
('117', 1, 3, 49, 14, 88, '$9.99 ', 'http://dummyimage.com/151x197.bmp/ff4444/ffffff'),
('118', 40, 3, 48, 1, 25, '$9.49 ', 'http://dummyimage.com/114x198.png/ff4444/ffffff'),
('119', 10, 3, 13, 1, 73, '$9.49 ', 'http://dummyimage.com/145x179.jpg/cc0000/ffffff'),
('12', 27, 3, 52, 7, 17, '$1.39 ', 'http://dummyimage.com/137x153.bmp/5fa2dd/ffffff'),
('120', 8, 3, 21, 13, 76, '$6.09 ', 'http://dummyimage.com/188x212.png/dddddd/000000'),
('121', 28, 2, 46, 3, 53, '$3.70 ', 'http://dummyimage.com/117x195.jpg/cc0000/ffffff'),
('122', 34, 2, 2, 13, 60, '$0.80 ', 'http://dummyimage.com/140x111.jpg/dddddd/000000'),
('123', 9, 2, 36, 7, 21, '$9.69 ', 'http://dummyimage.com/195x106.bmp/dddddd/000000'),
('124', 10, 1, 1, 8, 66, '$6.04 ', 'http://dummyimage.com/222x205.bmp/ff4444/ffffff'),
('125', 17, 3, 55, 4, 22, '$4.60 ', 'http://dummyimage.com/218x236.png/cc0000/ffffff'),
('126', 34, 3, 36, 3, 8, '$7.55 ', 'http://dummyimage.com/223x131.bmp/dddddd/000000'),
('127', 28, 2, 58, 10, 72, '$1.78 ', 'http://dummyimage.com/141x215.jpg/cc0000/ffffff'),
('128', 45, 1, 51, 12, 41, '$5.68 ', 'http://dummyimage.com/171x174.png/dddddd/000000'),
('129', 32, 1, 13, 18, 64, '$2.79 ', 'http://dummyimage.com/104x216.jpg/5fa2dd/ffffff'),
('13', 31, 1, 42, 1, 52, '$6.49 ', 'http://dummyimage.com/218x179.jpg/dddddd/000000'),
('130', 14, 2, 18, 1, 25, '$3.32 ', 'http://dummyimage.com/216x160.png/cc0000/ffffff'),
('131', 5, 1, 10, 13, 34, '$8.09 ', 'http://dummyimage.com/226x125.jpg/dddddd/000000'),
('132', 4, 1, 29, 13, 67, '$8.64 ', 'http://dummyimage.com/158x182.jpg/cc0000/ffffff'),
('133', 12, 3, 65, 6, 50, '$7.58 ', 'http://dummyimage.com/150x196.png/5fa2dd/ffffff'),
('134', 7, 2, 13, 3, 2, '$9.09 ', 'http://dummyimage.com/164x210.png/ff4444/ffffff'),
('135', 44, 2, 57, 5, 94, '$5.94 ', 'http://dummyimage.com/194x140.bmp/ff4444/ffffff'),
('136', 12, 3, 4, 8, 78, '$7.81 ', 'http://dummyimage.com/237x128.png/5fa2dd/ffffff'),
('137', 26, 2, 38, 13, 32, '$9.57 ', 'http://dummyimage.com/140x102.bmp/cc0000/ffffff'),
('138', 44, 1, 38, 10, 60, '$2.84 ', 'http://dummyimage.com/181x210.bmp/ff4444/ffffff'),
('139', 28, 1, 48, 4, 10, '$7.04 ', 'http://dummyimage.com/160x133.bmp/5fa2dd/ffffff'),
('14', 22, 3, 16, 8, 16, '$9.27 ', 'http://dummyimage.com/120x144.jpg/ff4444/ffffff'),
('140', 36, 3, 1, 10, 83, '$7.69 ', 'http://dummyimage.com/230x102.png/dddddd/000000'),
('141', 18, 2, 67, 8, 55, '$4.80 ', 'http://dummyimage.com/209x172.bmp/dddddd/000000'),
('142', 7, 2, 56, 10, 85, '$6.91 ', 'http://dummyimage.com/237x163.jpg/dddddd/000000'),
('143', 1, 2, 2, 9, 52, '$8.76 ', 'http://dummyimage.com/120x107.png/dddddd/000000'),
('144', 24, 1, 6, 12, 90, '$8.59 ', 'http://dummyimage.com/228x233.jpg/dddddd/000000'),
('145', 23, 1, 53, 4, 52, '$2.72 ', 'http://dummyimage.com/141x136.jpg/5fa2dd/ffffff'),
('146', 27, 2, 14, 8, 51, '$1.22 ', 'http://dummyimage.com/107x167.jpg/dddddd/000000'),
('147', 15, 1, 51, 1, 1, '$5.42 ', 'http://dummyimage.com/247x166.png/ff4444/ffffff'),
('148', 37, 3, 67, 10, 22, '$2.67 ', 'http://dummyimage.com/184x165.jpg/5fa2dd/ffffff'),
('149', 24, 2, 4, 17, 69, '$0.51 ', 'http://dummyimage.com/158x205.bmp/5fa2dd/ffffff'),
('15', 6, 3, 15, 10, 57, '$6.95 ', 'http://dummyimage.com/173x121.bmp/cc0000/ffffff'),
('150', 1, 2, 3, 7, 21, '$8.30 ', 'http://dummyimage.com/117x244.png/ff4444/ffffff'),
('151', 26, 2, 38, 12, 85, '$8.80 ', 'http://dummyimage.com/103x153.bmp/ff4444/ffffff'),
('152', 42, 1, 33, 3, 4, '$3.67 ', 'http://dummyimage.com/199x126.jpg/cc0000/ffffff'),
('153', 2, 1, 27, 15, 62, '$2.55 ', 'http://dummyimage.com/144x116.jpg/ff4444/ffffff'),
('154', 13, 3, 53, 3, 33, '$9.96 ', 'http://dummyimage.com/210x116.png/cc0000/ffffff'),
('155', 4, 1, 27, 12, 25, '$7.93 ', 'http://dummyimage.com/181x104.bmp/dddddd/000000'),
('156', 11, 3, 2, 18, 14, '$1.49 ', 'http://dummyimage.com/163x150.png/5fa2dd/ffffff'),
('157', 10, 1, 66, 14, 24, '$4.40 ', 'http://dummyimage.com/166x220.jpg/ff4444/ffffff'),
('158', 2, 2, 48, 7, 10, '$7.39 ', 'http://dummyimage.com/202x127.jpg/cc0000/ffffff'),
('159', 37, 1, 67, 18, 60, '$7.02 ', 'http://dummyimage.com/155x202.png/ff4444/ffffff'),
('16', 19, 2, 2, 15, 12, '$4.31 ', 'http://dummyimage.com/209x154.png/dddddd/000000'),
('160', 40, 1, 56, 6, 17, '$3.70 ', 'http://dummyimage.com/157x136.png/5fa2dd/ffffff'),
('161', 33, 1, 14, 5, 44, '$9.90 ', 'http://dummyimage.com/131x139.png/ff4444/ffffff'),
('162', 39, 2, 65, 11, 6, '$5.71 ', 'http://dummyimage.com/142x160.png/dddddd/000000'),
('163', 30, 1, 22, 6, 39, '$4.19 ', 'http://dummyimage.com/138x132.bmp/5fa2dd/ffffff'),
('164', 25, 2, 62, 2, 35, '$3.70 ', 'http://dummyimage.com/138x249.jpg/ff4444/ffffff'),
('165', 18, 2, 25, 8, 86, '$9.99 ', 'http://dummyimage.com/131x229.jpg/5fa2dd/ffffff'),
('166', 14, 3, 47, 5, 78, '$6.88 ', 'http://dummyimage.com/161x154.bmp/5fa2dd/ffffff'),
('167', 21, 2, 44, 10, 31, '$8.78 ', 'http://dummyimage.com/198x190.bmp/ff4444/ffffff'),
('168', 9, 3, 61, 12, 83, '$3.78 ', 'http://dummyimage.com/111x167.jpg/cc0000/ffffff'),
('169', 23, 3, 55, 1, 76, '$9.09 ', 'http://dummyimage.com/121x113.bmp/ff4444/ffffff'),
('17', 32, 2, 50, 3, 96, '$9.44 ', 'http://dummyimage.com/150x120.bmp/ff4444/ffffff'),
('170', 20, 2, 40, 15, 50, '$6.37 ', 'http://dummyimage.com/217x240.bmp/ff4444/ffffff'),
('171', 5, 1, 56, 18, 8, '$7.93 ', 'http://dummyimage.com/168x186.bmp/ff4444/ffffff'),
('172', 44, 2, 1, 17, 74, '$9.74 ', 'http://dummyimage.com/223x196.bmp/dddddd/000000'),
('173', 9, 2, 70, 9, 4, '$1.85 ', 'http://dummyimage.com/191x155.bmp/cc0000/ffffff'),
('174', 36, 1, 1, 17, 29, '$5.24 ', 'http://dummyimage.com/200x132.bmp/dddddd/000000'),
('175', 29, 1, 41, 11, 27, '$8.94 ', 'http://dummyimage.com/173x164.bmp/5fa2dd/ffffff'),
('176', 1, 2, 19, 4, 21, '$4.11 ', 'http://dummyimage.com/139x135.png/cc0000/ffffff'),
('177', 44, 3, 62, 14, 64, '$6.63 ', 'http://dummyimage.com/163x128.jpg/ff4444/ffffff'),
('178', 38, 3, 59, 15, 29, '$7.66 ', 'http://dummyimage.com/184x120.jpg/ff4444/ffffff'),
('179', 8, 3, 46, 14, 52, '$5.20 ', 'http://dummyimage.com/233x101.jpg/5fa2dd/ffffff'),
('18', 25, 3, 38, 3, 76, '$7.35 ', 'http://dummyimage.com/231x172.png/dddddd/000000'),
('180', 32, 3, 33, 3, 84, '$9.87 ', 'http://dummyimage.com/108x139.jpg/dddddd/000000'),
('181', 18, 2, 65, 4, 50, '$2.15 ', 'http://dummyimage.com/179x220.png/5fa2dd/ffffff'),
('182', 33, 1, 59, 18, 31, '$5.82 ', 'http://dummyimage.com/146x221.jpg/dddddd/000000'),
('183', 45, 1, 66, 10, 86, '$4.59 ', 'http://dummyimage.com/189x115.png/5fa2dd/ffffff'),
('184', 36, 3, 1, 12, 73, '$7.28 ', 'http://dummyimage.com/199x243.jpg/dddddd/000000'),
('185', 35, 1, 45, 12, 27, '$8.96 ', 'http://dummyimage.com/157x163.png/ff4444/ffffff'),
('186', 29, 2, 26, 6, 32, '$2.25 ', 'http://dummyimage.com/132x190.png/cc0000/ffffff'),
('187', 40, 2, 4, 1, 31, '$8.64 ', 'http://dummyimage.com/108x109.bmp/cc0000/ffffff'),
('188', 28, 2, 40, 1, 77, '$1.72 ', 'http://dummyimage.com/228x242.png/5fa2dd/ffffff'),
('189', 37, 2, 45, 11, 11, '$2.04 ', 'http://dummyimage.com/129x229.bmp/ff4444/ffffff'),
('19', 36, 1, 37, 1, 16, '$8.12 ', 'http://dummyimage.com/139x207.png/dddddd/000000'),
('190', 9, 2, 13, 9, 73, '$0.00 ', 'http://dummyimage.com/111x237.png/cc0000/ffffff'),
('191', 38, 2, 50, 6, 57, '$6.39 ', 'http://dummyimage.com/100x111.bmp/5fa2dd/ffffff'),
('192', 32, 2, 53, 18, 78, '$3.15 ', 'http://dummyimage.com/226x116.bmp/dddddd/000000'),
('193', 28, 2, 26, 1, 96, '$0.85 ', 'http://dummyimage.com/220x122.bmp/ff4444/ffffff'),
('194', 9, 1, 38, 3, 62, '$5.82 ', 'http://dummyimage.com/198x158.png/dddddd/000000'),
('195', 1, 1, 29, 5, 59, '$2.17 ', 'http://dummyimage.com/210x164.bmp/dddddd/000000'),
('196', 25, 1, 30, 15, 28, '$6.98 ', 'http://dummyimage.com/104x204.jpg/5fa2dd/ffffff'),
('197', 37, 1, 28, 13, 23, '$7.21 ', 'http://dummyimage.com/160x233.jpg/dddddd/000000'),
('198', 31, 3, 36, 10, 94, '$6.03 ', 'http://dummyimage.com/122x146.bmp/5fa2dd/ffffff'),
('199', 39, 2, 26, 11, 40, '$6.63 ', 'http://dummyimage.com/246x175.bmp/cc0000/ffffff'),
('2', 33, 3, 6, 17, 44, '$5.94 ', 'http://dummyimage.com/237x101.png/cc0000/ffffff'),
('20', 20, 2, 29, 6, 48, '$7.18 ', 'http://dummyimage.com/183x209.png/dddddd/000000'),
('200', 45, 3, 46, 6, 66, '$6.49 ', 'http://dummyimage.com/187x143.png/cc0000/ffffff'),
('201', 46, 3, 70, 8, 5, '$3.39 ', 'http://dummyimage.com/192x248.jpg/cc0000/ffffff'),
('202', 45, 3, 27, 10, 19, '$6.54 ', 'http://dummyimage.com/196x226.jpg/cc0000/ffffff'),
('203', 20, 3, 10, 17, 53, '$5.73 ', 'http://dummyimage.com/249x240.bmp/dddddd/000000'),
('204', 28, 1, 5, 13, 41, '$2.70 ', 'http://dummyimage.com/183x217.bmp/5fa2dd/ffffff'),
('205', 19, 3, 59, 16, 8, '$1.51 ', 'http://dummyimage.com/246x227.png/cc0000/ffffff'),
('206', 11, 1, 32, 13, 83, '$7.19 ', 'http://dummyimage.com/199x213.jpg/cc0000/ffffff'),
('207', 17, 2, 64, 5, 6, '$0.75 ', 'http://dummyimage.com/203x205.jpg/ff4444/ffffff'),
('208', 11, 2, 33, 9, 35, '$5.03 ', 'http://dummyimage.com/243x176.jpg/cc0000/ffffff'),
('209', 20, 2, 44, 2, 17, '$1.02 ', 'http://dummyimage.com/205x102.png/5fa2dd/ffffff'),
('21', 36, 1, 63, 10, 78, '$2.78 ', 'http://dummyimage.com/224x186.bmp/5fa2dd/ffffff'),
('210', 2, 2, 40, 8, 2, '$6.39 ', 'http://dummyimage.com/112x201.jpg/cc0000/ffffff'),
('211', 24, 2, 10, 12, 22, '$3.44 ', 'http://dummyimage.com/209x159.bmp/5fa2dd/ffffff'),
('212', 44, 1, 8, 17, 46, '$8.79 ', 'http://dummyimage.com/101x247.bmp/ff4444/ffffff'),
('213', 34, 3, 10, 14, 18, '$1.99 ', 'http://dummyimage.com/196x158.jpg/cc0000/ffffff'),
('214', 38, 1, 27, 9, 17, '$0.29 ', 'http://dummyimage.com/160x195.png/ff4444/ffffff'),
('215', 16, 1, 5, 6, 8, '$5.75 ', 'http://dummyimage.com/226x236.jpg/dddddd/000000'),
('216', 10, 2, 23, 8, 19, '$6.12 ', 'http://dummyimage.com/182x184.jpg/5fa2dd/ffffff'),
('217', 7, 2, 6, 17, 60, '$1.85 ', 'http://dummyimage.com/199x194.png/cc0000/ffffff'),
('218', 3, 1, 37, 2, 16, '$9.31 ', 'http://dummyimage.com/102x156.png/dddddd/000000'),
('219', 23, 3, 41, 16, 81, '$1.32 ', 'http://dummyimage.com/167x132.bmp/cc0000/ffffff'),
('22', 20, 3, 15, 12, 53, '$7.81 ', 'http://dummyimage.com/108x166.png/dddddd/000000'),
('220', 6, 1, 67, 1, 27, '$5.13 ', 'http://dummyimage.com/203x197.bmp/dddddd/000000'),
('221', 3, 1, 57, 1, 74, '$5.10 ', 'http://dummyimage.com/156x108.png/5fa2dd/ffffff'),
('222', 13, 1, 13, 4, 2, '$9.50 ', 'http://dummyimage.com/126x183.bmp/5fa2dd/ffffff'),
('223', 29, 3, 1, 15, 61, '$2.62 ', 'http://dummyimage.com/182x151.png/5fa2dd/ffffff'),
('224', 16, 3, 64, 18, 52, '$4.94 ', 'http://dummyimage.com/121x207.png/dddddd/000000'),
('225', 16, 1, 14, 9, 43, '$1.82 ', 'http://dummyimage.com/229x151.bmp/cc0000/ffffff'),
('226', 39, 3, 7, 9, 37, '$3.90 ', 'http://dummyimage.com/213x160.bmp/cc0000/ffffff'),
('227', 37, 1, 32, 10, 83, '$1.35 ', 'http://dummyimage.com/208x162.bmp/5fa2dd/ffffff'),
('228', 9, 3, 4, 4, 12, '$4.91 ', 'http://dummyimage.com/231x178.jpg/5fa2dd/ffffff'),
('229', 33, 2, 20, 1, 6, '$0.62 ', 'http://dummyimage.com/110x202.jpg/5fa2dd/ffffff'),
('23', 39, 1, 34, 16, 44, '$3.73 ', 'http://dummyimage.com/219x223.jpg/dddddd/000000'),
('230', 1, 2, 9, 9, 86, '$4.11 ', 'http://dummyimage.com/214x242.png/dddddd/000000'),
('231', 20, 2, 64, 3, 67, '$4.64 ', 'http://dummyimage.com/166x155.bmp/dddddd/000000'),
('232', 45, 2, 48, 9, 47, '$2.37 ', 'http://dummyimage.com/227x178.png/dddddd/000000'),
('233', 18, 3, 51, 13, 41, '$9.94 ', 'http://dummyimage.com/109x100.bmp/dddddd/000000'),
('234', 28, 1, 31, 13, 29, '$10.00 ', 'http://dummyimage.com/150x231.jpg/ff4444/ffffff'),
('235', 46, 1, 5, 14, 26, '$9.47 ', 'http://dummyimage.com/232x214.bmp/ff4444/ffffff'),
('236', 45, 3, 58, 18, 84, '$5.24 ', 'http://dummyimage.com/214x153.jpg/cc0000/ffffff'),
('237', 40, 2, 44, 9, 30, '$4.11 ', 'http://dummyimage.com/135x172.bmp/ff4444/ffffff'),
('238', 4, 2, 58, 11, 56, '$9.96 ', 'http://dummyimage.com/155x180.jpg/ff4444/ffffff'),
('239', 5, 2, 30, 5, 95, '$4.04 ', 'http://dummyimage.com/164x139.bmp/5fa2dd/ffffff'),
('24', 46, 2, 56, 8, 77, '$9.16 ', 'http://dummyimage.com/232x145.bmp/ff4444/ffffff'),
('240', 28, 2, 58, 4, 3, '$6.16 ', 'http://dummyimage.com/240x147.bmp/dddddd/000000'),
('241', 35, 3, 8, 18, 38, '$1.57 ', 'http://dummyimage.com/154x235.bmp/cc0000/ffffff'),
('242', 7, 2, 11, 18, 63, '$3.31 ', 'http://dummyimage.com/109x225.png/dddddd/000000'),
('243', 21, 2, 29, 1, 93, '$4.16 ', 'http://dummyimage.com/232x250.png/cc0000/ffffff'),
('244', 35, 2, 13, 6, 2, '$5.34 ', 'http://dummyimage.com/198x151.bmp/5fa2dd/ffffff'),
('245', 46, 3, 13, 1, 70, '$2.67 ', 'http://dummyimage.com/118x223.bmp/ff4444/ffffff'),
('246', 8, 2, 26, 8, 77, '$5.69 ', 'http://dummyimage.com/134x249.png/ff4444/ffffff'),
('247', 22, 3, 25, 6, 7, '$7.71 ', 'http://dummyimage.com/166x238.bmp/cc0000/ffffff'),
('248', 6, 1, 27, 17, 94, '$2.44 ', 'http://dummyimage.com/115x225.jpg/cc0000/ffffff'),
('249', 16, 1, 61, 6, 76, '$3.08 ', 'http://dummyimage.com/140x211.jpg/ff4444/ffffff'),
('25', 24, 1, 6, 17, 15, '$4.56 ', 'http://dummyimage.com/236x150.jpg/cc0000/ffffff'),
('250', 32, 2, 70, 15, 95, '$0.92 ', 'http://dummyimage.com/131x237.png/ff4444/ffffff'),
('251', 9, 3, 18, 3, 93, '$5.84 ', 'http://dummyimage.com/137x170.bmp/ff4444/ffffff'),
('252', 43, 1, 1, 6, 48, '$4.42 ', 'http://dummyimage.com/157x136.png/cc0000/ffffff'),
('253', 15, 3, 41, 5, 53, '$5.04 ', 'http://dummyimage.com/234x134.jpg/dddddd/000000'),
('254', 11, 2, 4, 11, 7, '$0.10 ', 'http://dummyimage.com/101x143.jpg/ff4444/ffffff'),
('255', 35, 2, 39, 1, 56, '$0.77 ', 'http://dummyimage.com/248x232.png/ff4444/ffffff'),
('256', 42, 2, 51, 16, 7, '$1.61 ', 'http://dummyimage.com/141x183.jpg/dddddd/000000'),
('257', 46, 1, 60, 12, 92, '$2.68 ', 'http://dummyimage.com/199x102.jpg/dddddd/000000'),
('258', 34, 2, 47, 1, 80, '$4.31 ', 'http://dummyimage.com/121x179.png/cc0000/ffffff'),
('259', 38, 3, 58, 7, 29, '$3.23 ', 'http://dummyimage.com/247x101.png/5fa2dd/ffffff'),
('26', 46, 1, 1, 13, 47, '$5.29 ', 'http://dummyimage.com/105x232.jpg/5fa2dd/ffffff'),
('260', 8, 3, 22, 13, 63, '$8.95 ', 'http://dummyimage.com/126x204.bmp/5fa2dd/ffffff'),
('261', 46, 1, 61, 10, 77, '$4.68 ', 'http://dummyimage.com/219x147.png/dddddd/000000'),
('262', 1, 3, 42, 12, 82, '$8.76 ', 'http://dummyimage.com/107x125.jpg/dddddd/000000'),
('263', 21, 1, 44, 14, 79, '$3.17 ', 'http://dummyimage.com/222x196.jpg/5fa2dd/ffffff'),
('264', 12, 3, 25, 2, 50, '$0.18 ', 'http://dummyimage.com/138x137.bmp/cc0000/ffffff'),
('265', 46, 2, 34, 7, 80, '$7.16 ', 'http://dummyimage.com/207x206.bmp/5fa2dd/ffffff'),
('266', 2, 3, 34, 16, 40, '$2.41 ', 'http://dummyimage.com/229x176.jpg/cc0000/ffffff'),
('267', 20, 3, 22, 2, 62, '$5.38 ', 'http://dummyimage.com/177x171.png/5fa2dd/ffffff'),
('268', 22, 2, 38, 1, 81, '$4.55 ', 'http://dummyimage.com/107x235.bmp/5fa2dd/ffffff'),
('269', 18, 1, 55, 15, 47, '$9.30 ', 'http://dummyimage.com/221x247.jpg/cc0000/ffffff'),
('27', 12, 2, 31, 5, 85, '$6.64 ', 'http://dummyimage.com/146x137.jpg/ff4444/ffffff'),
('270', 45, 1, 50, 3, 67, '$9.19 ', 'http://dummyimage.com/217x175.bmp/dddddd/000000'),
('271', 44, 2, 1, 12, 22, '$6.71 ', 'http://dummyimage.com/141x175.jpg/cc0000/ffffff'),
('272', 42, 3, 59, 6, 26, '$6.05 ', 'http://dummyimage.com/163x206.png/cc0000/ffffff'),
('273', 41, 3, 10, 12, 62, '$1.68 ', 'http://dummyimage.com/152x122.png/ff4444/ffffff'),
('274', 25, 1, 40, 4, 85, '$3.12 ', 'http://dummyimage.com/182x234.bmp/ff4444/ffffff'),
('275', 11, 1, 66, 17, 30, '$3.57 ', 'http://dummyimage.com/146x175.bmp/5fa2dd/ffffff'),
('276', 7, 1, 37, 9, 37, '$6.32 ', 'http://dummyimage.com/154x107.png/cc0000/ffffff'),
('277', 36, 1, 42, 5, 39, '$0.37 ', 'http://dummyimage.com/118x120.bmp/ff4444/ffffff'),
('278', 32, 3, 62, 12, 51, '$8.82 ', 'http://dummyimage.com/139x112.jpg/ff4444/ffffff'),
('279', 13, 1, 2, 3, 87, '$1.89 ', 'http://dummyimage.com/200x130.jpg/dddddd/000000'),
('28', 5, 1, 51, 13, 26, '$9.96 ', 'http://dummyimage.com/236x117.png/5fa2dd/ffffff'),
('280', 3, 1, 20, 8, 24, '$7.31 ', 'http://dummyimage.com/193x226.png/ff4444/ffffff'),
('281', 11, 2, 46, 12, 4, '$4.29 ', 'http://dummyimage.com/143x103.jpg/ff4444/ffffff'),
('282', 6, 2, 25, 14, 81, '$0.23 ', 'http://dummyimage.com/104x176.bmp/ff4444/ffffff'),
('283', 6, 3, 2, 4, 65, '$0.32 ', 'http://dummyimage.com/141x220.bmp/5fa2dd/ffffff'),
('284', 34, 2, 43, 4, 48, '$8.74 ', 'http://dummyimage.com/157x103.png/cc0000/ffffff'),
('285', 36, 1, 65, 6, 48, '$0.17 ', 'http://dummyimage.com/160x212.jpg/dddddd/000000'),
('286', 37, 3, 3, 9, 3, '$5.87 ', 'http://dummyimage.com/101x249.bmp/ff4444/ffffff'),
('287', 30, 2, 17, 10, 83, '$0.26 ', 'http://dummyimage.com/152x110.jpg/ff4444/ffffff'),
('288', 41, 2, 48, 4, 43, '$0.76 ', 'http://dummyimage.com/125x114.bmp/ff4444/ffffff'),
('289', 34, 1, 70, 1, 47, '$9.54 ', 'http://dummyimage.com/211x112.jpg/5fa2dd/ffffff'),
('29', 18, 3, 66, 12, 36, '$8.08 ', 'http://dummyimage.com/149x115.bmp/cc0000/ffffff'),
('290', 34, 2, 18, 4, 53, '$6.57 ', 'http://dummyimage.com/194x114.bmp/5fa2dd/ffffff'),
('291', 15, 3, 27, 1, 90, '$6.90 ', 'http://dummyimage.com/179x172.jpg/5fa2dd/ffffff'),
('292', 28, 3, 19, 12, 53, '$2.77 ', 'http://dummyimage.com/222x208.jpg/dddddd/000000'),
('293', 28, 2, 52, 14, 59, '$5.63 ', 'http://dummyimage.com/115x143.bmp/dddddd/000000'),
('294', 46, 3, 42, 2, 60, '$2.81 ', 'http://dummyimage.com/228x174.bmp/cc0000/ffffff'),
('295', 42, 1, 1, 10, 45, '$9.44 ', 'http://dummyimage.com/131x158.png/cc0000/ffffff'),
('296', 26, 1, 14, 15, 30, '$1.21 ', 'http://dummyimage.com/196x163.bmp/5fa2dd/ffffff'),
('297', 5, 2, 59, 14, 9, '$2.41 ', 'http://dummyimage.com/183x107.jpg/5fa2dd/ffffff'),
('298', 30, 3, 9, 10, 51, '$7.96 ', 'http://dummyimage.com/159x216.bmp/5fa2dd/ffffff'),
('299', 39, 2, 58, 2, 38, '$9.37 ', 'http://dummyimage.com/220x103.png/cc0000/ffffff'),
('3', 45, 3, 33, 5, 82, '$2.51 ', 'http://dummyimage.com/239x227.jpg/ff4444/ffffff'),
('30', 39, 1, 9, 6, 71, '$2.57 ', 'http://dummyimage.com/216x205.jpg/5fa2dd/ffffff'),
('300', 39, 1, 8, 18, 43, '$3.81 ', 'http://dummyimage.com/248x109.bmp/5fa2dd/ffffff'),
('301', 37, 1, 47, 14, 29, '$4.00 ', 'http://dummyimage.com/103x144.bmp/5fa2dd/ffffff'),
('302', 23, 1, 6, 17, 45, '$8.86 ', 'http://dummyimage.com/230x163.bmp/5fa2dd/ffffff'),
('303', 37, 1, 18, 2, 39, '$5.50 ', 'http://dummyimage.com/132x234.bmp/cc0000/ffffff'),
('304', 32, 2, 5, 4, 74, '$4.58 ', 'http://dummyimage.com/209x202.jpg/ff4444/ffffff'),
('305', 26, 3, 7, 4, 82, '$8.60 ', 'http://dummyimage.com/179x227.png/dddddd/000000'),
('306', 42, 1, 22, 7, 8, '$5.00 ', 'http://dummyimage.com/161x188.jpg/ff4444/ffffff'),
('307', 3, 1, 40, 8, 85, '$4.98 ', 'http://dummyimage.com/229x136.bmp/dddddd/000000'),
('308', 25, 2, 61, 18, 64, '$0.47 ', 'http://dummyimage.com/186x100.png/cc0000/ffffff'),
('309', 5, 2, 8, 1, 36, '$4.08 ', 'http://dummyimage.com/164x181.bmp/cc0000/ffffff'),
('31', 35, 3, 60, 3, 86, '$9.72 ', 'http://dummyimage.com/211x233.jpg/cc0000/ffffff'),
('310', 7, 1, 53, 11, 41, '$1.17 ', 'http://dummyimage.com/117x195.jpg/ff4444/ffffff'),
('311', 25, 1, 26, 9, 87, '$9.35 ', 'http://dummyimage.com/231x104.png/cc0000/ffffff'),
('312', 45, 2, 6, 12, 75, '$6.30 ', 'http://dummyimage.com/242x229.bmp/ff4444/ffffff'),
('313', 39, 3, 51, 6, 31, '$2.52 ', 'http://dummyimage.com/144x112.bmp/cc0000/ffffff'),
('314', 26, 2, 5, 3, 90, '$5.74 ', 'http://dummyimage.com/100x109.png/5fa2dd/ffffff'),
('315', 20, 2, 42, 5, 2, '$8.47 ', 'http://dummyimage.com/128x129.bmp/dddddd/000000'),
('316', 43, 3, 47, 15, 69, '$6.05 ', 'http://dummyimage.com/127x245.jpg/dddddd/000000'),
('317', 37, 3, 32, 14, 14, '$1.70 ', 'http://dummyimage.com/178x221.jpg/dddddd/000000'),
('318', 26, 2, 49, 4, 80, '$0.12 ', 'http://dummyimage.com/100x139.png/dddddd/000000'),
('319', 44, 2, 4, 5, 49, '$8.06 ', 'http://dummyimage.com/140x114.png/5fa2dd/ffffff'),
('32', 5, 3, 33, 16, 45, '$1.13 ', 'http://dummyimage.com/109x202.jpg/cc0000/ffffff'),
('320', 44, 2, 50, 17, 79, '$5.66 ', 'http://dummyimage.com/237x218.bmp/ff4444/ffffff'),
('321', 38, 3, 20, 4, 74, '$8.84 ', 'http://dummyimage.com/197x170.jpg/dddddd/000000'),
('322', 25, 3, 3, 12, 69, '$8.18 ', 'http://dummyimage.com/247x229.jpg/cc0000/ffffff'),
('323', 33, 1, 51, 4, 77, '$9.12 ', 'http://dummyimage.com/196x162.png/5fa2dd/ffffff'),
('324', 14, 1, 30, 1, 19, '$8.44 ', 'http://dummyimage.com/129x170.jpg/cc0000/ffffff'),
('325', 40, 2, 21, 2, 63, '$9.91 ', 'http://dummyimage.com/174x127.png/ff4444/ffffff'),
('326', 5, 3, 58, 10, 95, '$4.00 ', 'http://dummyimage.com/182x122.png/cc0000/ffffff'),
('327', 12, 2, 61, 9, 73, '$4.16 ', 'http://dummyimage.com/245x110.jpg/5fa2dd/ffffff'),
('328', 2, 2, 34, 9, 88, '$1.17 ', 'http://dummyimage.com/179x228.png/cc0000/ffffff'),
('329', 7, 3, 29, 17, 50, '$7.38 ', 'http://dummyimage.com/116x154.jpg/dddddd/000000'),
('33', 25, 1, 18, 2, 29, '$0.95 ', 'http://dummyimage.com/181x204.jpg/cc0000/ffffff'),
('330', 46, 1, 42, 14, 13, '$3.42 ', 'http://dummyimage.com/183x113.jpg/5fa2dd/ffffff'),
('331', 17, 2, 70, 5, 22, '$7.20 ', 'http://dummyimage.com/196x115.png/5fa2dd/ffffff'),
('332', 30, 1, 36, 4, 24, '$0.75 ', 'http://dummyimage.com/193x132.bmp/dddddd/000000'),
('333', 36, 2, 42, 10, 49, '$7.33 ', 'http://dummyimage.com/158x122.png/dddddd/000000'),
('334', 6, 3, 50, 18, 3, '$1.34 ', 'http://dummyimage.com/193x164.png/5fa2dd/ffffff'),
('335', 35, 3, 34, 9, 93, '$1.26 ', 'http://dummyimage.com/146x167.png/cc0000/ffffff'),
('336', 32, 2, 70, 3, 6, '$5.04 ', 'http://dummyimage.com/206x248.png/5fa2dd/ffffff'),
('337', 3, 2, 51, 2, 66, '$6.26 ', 'http://dummyimage.com/235x249.bmp/ff4444/ffffff'),
('338', 24, 1, 46, 3, 40, '$0.84 ', 'http://dummyimage.com/110x182.jpg/ff4444/ffffff'),
('339', 26, 3, 2, 6, 66, '$4.62 ', 'http://dummyimage.com/249x171.jpg/cc0000/ffffff'),
('34', 32, 3, 36, 5, 63, '$3.08 ', 'http://dummyimage.com/176x177.bmp/ff4444/ffffff'),
('340', 29, 2, 67, 4, 73, '$6.45 ', 'http://dummyimage.com/144x249.png/cc0000/ffffff'),
('341', 42, 1, 9, 6, 87, '$5.28 ', 'http://dummyimage.com/221x223.png/dddddd/000000'),
('342', 1, 1, 33, 8, 10, '$6.30 ', 'http://dummyimage.com/213x225.png/cc0000/ffffff'),
('343', 43, 3, 39, 14, 68, '$2.82 ', 'http://dummyimage.com/214x223.png/dddddd/000000'),
('344', 5, 2, 29, 6, 61, '$4.23 ', 'http://dummyimage.com/247x181.jpg/5fa2dd/ffffff'),
('345', 31, 2, 67, 1, 41, '$3.91 ', 'http://dummyimage.com/130x134.jpg/cc0000/ffffff'),
('346', 24, 3, 49, 14, 37, '$7.53 ', 'http://dummyimage.com/221x194.png/ff4444/ffffff'),
('347', 42, 2, 1, 8, 92, '$4.74 ', 'http://dummyimage.com/230x128.png/ff4444/ffffff'),
('348', 9, 2, 55, 16, 70, '$1.01 ', 'http://dummyimage.com/221x148.png/dddddd/000000'),
('349', 12, 1, 16, 5, 38, '$2.90 ', 'http://dummyimage.com/236x167.jpg/5fa2dd/ffffff'),
('35', 9, 3, 6, 18, 42, '$7.37 ', 'http://dummyimage.com/247x113.png/ff4444/ffffff'),
('350', 5, 3, 11, 13, 82, '$6.93 ', 'http://dummyimage.com/217x131.png/5fa2dd/ffffff'),
('351', 45, 1, 63, 2, 48, '$3.28 ', 'http://dummyimage.com/238x199.bmp/cc0000/ffffff'),
('352', 9, 3, 31, 18, 5, '$8.23 ', 'http://dummyimage.com/133x179.bmp/dddddd/000000'),
('353', 24, 2, 47, 9, 39, '$4.75 ', 'http://dummyimage.com/114x102.jpg/5fa2dd/ffffff'),
('354', 29, 3, 10, 18, 38, '$8.64 ', 'http://dummyimage.com/247x202.jpg/5fa2dd/ffffff'),
('355', 20, 1, 10, 11, 48, '$6.64 ', 'http://dummyimage.com/153x239.jpg/ff4444/ffffff'),
('356', 25, 2, 29, 11, 95, '$3.63 ', 'http://dummyimage.com/202x114.png/ff4444/ffffff'),
('357', 21, 1, 32, 4, 11, '$2.04 ', 'http://dummyimage.com/146x120.bmp/ff4444/ffffff'),
('358', 2, 3, 63, 18, 29, '$6.89 ', 'http://dummyimage.com/197x236.jpg/5fa2dd/ffffff'),
('359', 38, 2, 37, 15, 12, '$0.41 ', 'http://dummyimage.com/135x192.png/dddddd/000000'),
('36', 12, 2, 33, 13, 29, '$8.45 ', 'http://dummyimage.com/132x100.jpg/5fa2dd/ffffff'),
('360', 44, 3, 33, 8, 90, '$1.14 ', 'http://dummyimage.com/193x166.bmp/5fa2dd/ffffff'),
('361', 4, 1, 15, 1, 22, '$5.09 ', 'http://dummyimage.com/118x141.png/dddddd/000000'),
('362', 19, 2, 56, 16, 10, '$9.31 ', 'http://dummyimage.com/107x202.jpg/5fa2dd/ffffff'),
('363', 6, 2, 28, 14, 1, '$8.90 ', 'http://dummyimage.com/248x197.bmp/dddddd/000000'),
('364', 6, 2, 23, 1, 40, '$3.23 ', 'http://dummyimage.com/117x116.png/5fa2dd/ffffff'),
('365', 17, 2, 25, 8, 38, '$1.09 ', 'http://dummyimage.com/249x106.jpg/cc0000/ffffff'),
('366', 7, 1, 24, 5, 85, '$3.56 ', 'http://dummyimage.com/129x236.jpg/5fa2dd/ffffff'),
('367', 17, 2, 13, 15, 41, '$5.95 ', 'http://dummyimage.com/198x227.jpg/5fa2dd/ffffff'),
('368', 34, 2, 39, 16, 68, '$7.89 ', 'http://dummyimage.com/173x215.png/cc0000/ffffff'),
('369', 30, 2, 21, 14, 69, '$2.38 ', 'http://dummyimage.com/221x232.jpg/dddddd/000000'),
('37', 21, 1, 56, 3, 9, '$0.93 ', 'http://dummyimage.com/187x158.png/ff4444/ffffff'),
('370', 40, 1, 23, 10, 44, '$0.87 ', 'http://dummyimage.com/157x193.png/ff4444/ffffff'),
('371', 12, 3, 24, 11, 80, '$9.97 ', 'http://dummyimage.com/167x209.bmp/cc0000/ffffff'),
('372', 29, 1, 61, 6, 37, '$8.56 ', 'http://dummyimage.com/169x169.jpg/dddddd/000000'),
('373', 18, 2, 10, 7, 7, '$0.02 ', 'http://dummyimage.com/184x145.png/dddddd/000000'),
('374', 7, 1, 46, 3, 12, '$7.83 ', 'http://dummyimage.com/196x124.bmp/dddddd/000000'),
('375', 15, 2, 3, 10, 27, '$6.78 ', 'http://dummyimage.com/160x231.jpg/dddddd/000000'),
('376', 9, 3, 40, 5, 6, '$0.15 ', 'http://dummyimage.com/140x138.png/5fa2dd/ffffff'),
('377', 9, 2, 70, 11, 47, '$7.76 ', 'http://dummyimage.com/230x195.png/cc0000/ffffff'),
('378', 26, 3, 63, 8, 79, '$7.08 ', 'http://dummyimage.com/162x167.bmp/dddddd/000000'),
('379', 10, 3, 1, 16, 25, '$3.09 ', 'http://dummyimage.com/226x233.png/ff4444/ffffff'),
('38', 10, 2, 43, 15, 13, '$0.41 ', 'http://dummyimage.com/155x164.png/ff4444/ffffff'),
('380', 27, 2, 45, 6, 73, '$6.85 ', 'http://dummyimage.com/245x188.bmp/ff4444/ffffff'),
('381', 34, 2, 19, 9, 87, '$0.80 ', 'http://dummyimage.com/250x247.jpg/5fa2dd/ffffff'),
('382', 14, 3, 1, 4, 95, '$2.70 ', 'http://dummyimage.com/138x172.jpg/ff4444/ffffff'),
('383', 22, 2, 33, 4, 92, '$2.12 ', 'http://dummyimage.com/232x209.bmp/ff4444/ffffff'),
('384', 24, 3, 14, 18, 67, '$0.45 ', 'http://dummyimage.com/233x112.png/5fa2dd/ffffff'),
('385', 3, 3, 29, 12, 84, '$3.94 ', 'http://dummyimage.com/197x136.bmp/ff4444/ffffff'),
('386', 28, 3, 20, 11, 56, '$3.89 ', 'http://dummyimage.com/120x202.png/cc0000/ffffff'),
('387', 46, 1, 49, 17, 69, '$6.95 ', 'http://dummyimage.com/108x248.png/cc0000/ffffff'),
('388', 2, 2, 43, 14, 73, '$5.34 ', 'http://dummyimage.com/161x182.png/ff4444/ffffff'),
('389', 5, 3, 13, 3, 10, '$0.31 ', 'http://dummyimage.com/205x227.bmp/dddddd/000000'),
('39', 26, 3, 9, 6, 85, '$3.40 ', 'http://dummyimage.com/165x165.bmp/5fa2dd/ffffff'),
('390', 14, 1, 39, 8, 71, '$2.78 ', 'http://dummyimage.com/135x165.png/cc0000/ffffff'),
('391', 35, 3, 65, 15, 48, '$9.88 ', 'http://dummyimage.com/141x139.png/ff4444/ffffff'),
('392', 23, 1, 28, 13, 82, '$3.98 ', 'http://dummyimage.com/128x119.bmp/5fa2dd/ffffff'),
('393', 39, 3, 39, 1, 61, '$9.67 ', 'http://dummyimage.com/211x143.jpg/dddddd/000000'),
('394', 3, 2, 60, 12, 15, '$9.83 ', 'http://dummyimage.com/123x190.png/cc0000/ffffff'),
('395', 43, 1, 64, 11, 10, '$5.41 ', 'http://dummyimage.com/223x159.png/dddddd/000000'),
('396', 10, 3, 13, 3, 8, '$0.02 ', 'http://dummyimage.com/160x108.png/cc0000/ffffff'),
('397', 39, 1, 24, 4, 21, '$1.95 ', 'http://dummyimage.com/158x109.bmp/ff4444/ffffff'),
('398', 22, 2, 20, 14, 18, '$9.75 ', 'http://dummyimage.com/189x136.png/ff4444/ffffff'),
('399', 29, 1, 29, 17, 54, '$6.45 ', 'http://dummyimage.com/209x143.bmp/dddddd/000000'),
('4', 28, 3, 6, 3, 50, '$5.85 ', 'http://dummyimage.com/207x177.jpg/5fa2dd/ffffff'),
('40', 19, 3, 20, 7, 30, '$8.27 ', 'http://dummyimage.com/234x238.png/ff4444/ffffff'),
('400', 45, 2, 4, 8, 43, '$3.46 ', 'http://dummyimage.com/157x153.png/ff4444/ffffff'),
('401', 15, 3, 7, 3, 59, '$5.26 ', 'http://dummyimage.com/162x202.png/5fa2dd/ffffff'),
('402', 10, 1, 44, 6, 65, '$6.83 ', 'http://dummyimage.com/120x112.jpg/5fa2dd/ffffff'),
('403', 40, 1, 5, 4, 22, '$0.11 ', 'http://dummyimage.com/124x189.jpg/cc0000/ffffff'),
('404', 36, 1, 16, 7, 19, '$1.90 ', 'http://dummyimage.com/250x216.bmp/5fa2dd/ffffff'),
('405', 35, 3, 44, 3, 6, '$3.64 ', 'http://dummyimage.com/159x134.bmp/cc0000/ffffff'),
('406', 32, 1, 28, 2, 34, '$6.32 ', 'http://dummyimage.com/136x249.bmp/cc0000/ffffff'),
('407', 5, 2, 38, 14, 88, '$3.93 ', 'http://dummyimage.com/115x147.jpg/ff4444/ffffff'),
('408', 26, 1, 40, 18, 44, '$0.70 ', 'http://dummyimage.com/124x185.jpg/5fa2dd/ffffff'),
('409', 15, 3, 13, 12, 52, '$7.13 ', 'http://dummyimage.com/135x176.png/5fa2dd/ffffff'),
('41', 39, 2, 25, 1, 57, '$8.41 ', 'http://dummyimage.com/229x228.bmp/ff4444/ffffff'),
('410', 25, 2, 15, 18, 59, '$6.17 ', 'http://dummyimage.com/142x176.png/cc0000/ffffff'),
('411', 45, 3, 43, 17, 40, '$8.99 ', 'http://dummyimage.com/167x133.png/dddddd/000000'),
('412', 36, 1, 39, 16, 67, '$8.76 ', 'http://dummyimage.com/104x162.jpg/cc0000/ffffff'),
('413', 9, 2, 56, 14, 52, '$6.89 ', 'http://dummyimage.com/153x126.png/dddddd/000000'),
('414', 42, 1, 66, 18, 42, '$8.99 ', 'http://dummyimage.com/108x188.jpg/5fa2dd/ffffff'),
('415', 15, 1, 34, 16, 12, '$6.35 ', 'http://dummyimage.com/150x113.jpg/dddddd/000000'),
('416', 36, 3, 19, 7, 7, '$4.68 ', 'http://dummyimage.com/176x209.jpg/ff4444/ffffff'),
('417', 28, 2, 25, 8, 44, '$0.85 ', 'http://dummyimage.com/131x123.bmp/cc0000/ffffff'),
('418', 36, 2, 39, 8, 93, '$0.53 ', 'http://dummyimage.com/171x209.png/ff4444/ffffff'),
('419', 11, 1, 22, 10, 65, '$8.10 ', 'http://dummyimage.com/122x155.jpg/dddddd/000000'),
('42', 45, 3, 27, 15, 88, '$9.07 ', 'http://dummyimage.com/120x234.bmp/cc0000/ffffff'),
('420', 13, 3, 13, 5, 18, '$1.82 ', 'http://dummyimage.com/113x205.bmp/ff4444/ffffff'),
('421', 42, 3, 20, 7, 32, '$0.60 ', 'http://dummyimage.com/170x209.png/ff4444/ffffff'),
('422', 41, 2, 14, 10, 15, '$2.85 ', 'http://dummyimage.com/238x180.jpg/cc0000/ffffff'),
('423', 10, 2, 18, 1, 69, '$9.33 ', 'http://dummyimage.com/161x202.jpg/ff4444/ffffff'),
('424', 2, 2, 29, 18, 94, '$8.83 ', 'http://dummyimage.com/147x137.png/cc0000/ffffff'),
('425', 31, 1, 63, 12, 66, '$4.84 ', 'http://dummyimage.com/200x247.bmp/ff4444/ffffff'),
('426', 16, 1, 32, 15, 48, '$9.46 ', 'http://dummyimage.com/198x131.bmp/ff4444/ffffff'),
('427', 18, 3, 33, 11, 46, '$8.04 ', 'http://dummyimage.com/166x247.jpg/dddddd/000000'),
('428', 29, 1, 60, 3, 9, '$4.69 ', 'http://dummyimage.com/120x184.png/5fa2dd/ffffff'),
('429', 35, 3, 46, 5, 69, '$4.43 ', 'http://dummyimage.com/122x209.bmp/dddddd/000000'),
('43', 8, 2, 22, 15, 24, '$5.09 ', 'http://dummyimage.com/210x113.bmp/cc0000/ffffff'),
('430', 42, 1, 53, 8, 63, '$4.06 ', 'http://dummyimage.com/162x174.png/ff4444/ffffff'),
('431', 11, 1, 1, 15, 22, '$6.87 ', 'http://dummyimage.com/107x209.jpg/ff4444/ffffff'),
('432', 8, 1, 59, 15, 93, '$7.54 ', 'http://dummyimage.com/189x197.png/cc0000/ffffff'),
('433', 12, 1, 8, 3, 46, '$0.32 ', 'http://dummyimage.com/199x233.jpg/ff4444/ffffff'),
('434', 17, 2, 29, 4, 40, '$7.90 ', 'http://dummyimage.com/174x108.png/dddddd/000000'),
('435', 34, 3, 60, 12, 70, '$0.92 ', 'http://dummyimage.com/207x110.png/cc0000/ffffff'),
('436', 27, 1, 10, 12, 17, '$0.67 ', 'http://dummyimage.com/216x199.jpg/cc0000/ffffff'),
('437', 43, 3, 37, 15, 64, '$6.04 ', 'http://dummyimage.com/207x130.jpg/ff4444/ffffff'),
('438', 9, 3, 30, 17, 31, '$5.86 ', 'http://dummyimage.com/112x205.bmp/dddddd/000000'),
('439', 21, 1, 46, 16, 30, '$5.71 ', 'http://dummyimage.com/146x243.png/cc0000/ffffff'),
('44', 1, 1, 63, 6, 50, '$0.03 ', 'http://dummyimage.com/226x103.jpg/cc0000/ffffff'),
('440', 41, 1, 21, 10, 95, '$6.50 ', 'http://dummyimage.com/147x147.bmp/cc0000/ffffff'),
('441', 14, 2, 49, 16, 32, '$9.99 ', 'http://dummyimage.com/223x244.png/cc0000/ffffff'),
('442', 44, 1, 11, 5, 15, '$3.57 ', 'http://dummyimage.com/245x170.png/5fa2dd/ffffff'),
('443', 18, 3, 20, 13, 40, '$9.01 ', 'http://dummyimage.com/139x222.jpg/cc0000/ffffff'),
('444', 18, 2, 32, 9, 42, '$6.56 ', 'http://dummyimage.com/169x115.png/cc0000/ffffff'),
('445', 12, 2, 53, 4, 67, '$5.56 ', 'http://dummyimage.com/110x172.bmp/5fa2dd/ffffff'),
('446', 11, 3, 34, 9, 91, '$9.13 ', 'http://dummyimage.com/123x114.bmp/ff4444/ffffff'),
('447', 13, 2, 42, 10, 51, '$0.42 ', 'http://dummyimage.com/158x197.jpg/cc0000/ffffff'),
('448', 27, 1, 42, 7, 57, '$3.44 ', 'http://dummyimage.com/112x201.png/ff4444/ffffff'),
('449', 45, 1, 22, 12, 35, '$1.65 ', 'http://dummyimage.com/164x207.jpg/cc0000/ffffff'),
('45', 45, 3, 33, 10, 13, '$9.76 ', 'http://dummyimage.com/218x211.bmp/dddddd/000000'),
('450', 44, 2, 27, 5, 52, '$2.52 ', 'http://dummyimage.com/187x133.bmp/ff4444/ffffff'),
('451', 25, 1, 47, 6, 12, '$9.66 ', 'http://dummyimage.com/219x119.png/dddddd/000000'),
('452', 13, 3, 61, 16, 20, '$7.50 ', 'http://dummyimage.com/180x122.png/cc0000/ffffff'),
('453', 35, 2, 32, 6, 60, '$9.61 ', 'http://dummyimage.com/170x155.bmp/cc0000/ffffff'),
('454', 24, 3, 22, 7, 44, '$8.40 ', 'http://dummyimage.com/176x211.bmp/cc0000/ffffff'),
('455', 17, 3, 63, 10, 60, '$9.92 ', 'http://dummyimage.com/136x161.png/dddddd/000000'),
('456', 3, 1, 3, 9, 23, '$6.19 ', 'http://dummyimage.com/250x171.jpg/5fa2dd/ffffff'),
('457', 42, 1, 1, 7, 21, '$6.50 ', 'http://dummyimage.com/185x102.jpg/ff4444/ffffff'),
('458', 23, 1, 59, 11, 62, '$7.37 ', 'http://dummyimage.com/217x195.png/dddddd/000000'),
('459', 1, 3, 10, 18, 63, '$8.68 ', 'http://dummyimage.com/159x133.jpg/dddddd/000000'),
('46', 12, 1, 70, 15, 11, '$0.20 ', 'http://dummyimage.com/190x156.jpg/ff4444/ffffff'),
('460', 46, 3, 18, 3, 80, '$0.95 ', 'http://dummyimage.com/101x155.jpg/dddddd/000000'),
('461', 12, 2, 43, 17, 19, '$3.05 ', 'http://dummyimage.com/155x164.jpg/cc0000/ffffff'),
('462', 41, 1, 13, 13, 38, '$5.64 ', 'http://dummyimage.com/222x201.bmp/dddddd/000000'),
('463', 42, 3, 64, 18, 11, '$1.62 ', 'http://dummyimage.com/170x163.bmp/5fa2dd/ffffff'),
('464', 2, 3, 6, 9, 65, '$9.18 ', 'http://dummyimage.com/135x154.jpg/ff4444/ffffff'),
('465', 23, 1, 67, 6, 61, '$9.24 ', 'http://dummyimage.com/202x100.jpg/5fa2dd/ffffff'),
('466', 9, 2, 30, 15, 25, '$5.98 ', 'http://dummyimage.com/102x205.bmp/5fa2dd/ffffff'),
('467', 6, 3, 30, 4, 79, '$8.38 ', 'http://dummyimage.com/164x179.bmp/ff4444/ffffff'),
('468', 4, 3, 39, 3, 90, '$2.23 ', 'http://dummyimage.com/144x248.png/cc0000/ffffff'),
('469', 18, 3, 31, 18, 79, '$4.68 ', 'http://dummyimage.com/222x230.bmp/cc0000/ffffff'),
('47', 21, 1, 42, 11, 37, '$6.87 ', 'http://dummyimage.com/125x127.bmp/ff4444/ffffff'),
('470', 34, 1, 61, 9, 18, '$4.40 ', 'http://dummyimage.com/140x239.jpg/cc0000/ffffff'),
('471', 10, 3, 30, 5, 74, '$7.82 ', 'http://dummyimage.com/231x126.jpg/dddddd/000000'),
('472', 5, 1, 70, 15, 91, '$3.00 ', 'http://dummyimage.com/214x229.jpg/5fa2dd/ffffff'),
('473', 40, 2, 23, 10, 21, '$1.63 ', 'http://dummyimage.com/177x138.jpg/cc0000/ffffff'),
('474', 2, 3, 49, 3, 52, '$7.30 ', 'http://dummyimage.com/190x180.png/5fa2dd/ffffff'),
('475', 22, 2, 7, 4, 74, '$9.01 ', 'http://dummyimage.com/169x226.jpg/5fa2dd/ffffff'),
('476', 22, 3, 48, 17, 46, '$7.77 ', 'http://dummyimage.com/249x226.bmp/cc0000/ffffff'),
('477', 21, 1, 15, 14, 82, '$5.61 ', 'http://dummyimage.com/136x228.jpg/ff4444/ffffff'),
('478', 35, 2, 39, 12, 21, '$6.86 ', 'http://dummyimage.com/250x243.bmp/5fa2dd/ffffff'),
('479', 24, 3, 22, 18, 31, '$4.55 ', 'http://dummyimage.com/245x235.png/ff4444/ffffff'),
('48', 11, 3, 55, 13, 44, '$1.22 ', 'http://dummyimage.com/140x226.jpg/5fa2dd/ffffff'),
('480', 35, 3, 4, 13, 92, '$2.98 ', 'http://dummyimage.com/179x161.bmp/5fa2dd/ffffff'),
('481', 16, 1, 65, 8, 70, '$1.33 ', 'http://dummyimage.com/158x245.bmp/ff4444/ffffff'),
('482', 44, 2, 7, 18, 67, '$9.94 ', 'http://dummyimage.com/239x144.bmp/ff4444/ffffff'),
('483', 7, 3, 28, 6, 15, '$6.96 ', 'http://dummyimage.com/117x164.png/ff4444/ffffff'),
('484', 3, 2, 14, 13, 95, '$2.04 ', 'http://dummyimage.com/206x175.png/5fa2dd/ffffff'),
('485', 12, 2, 55, 2, 10, '$9.95 ', 'http://dummyimage.com/179x132.jpg/cc0000/ffffff'),
('486', 31, 1, 13, 15, 46, '$6.61 ', 'http://dummyimage.com/156x109.jpg/dddddd/000000'),
('487', 35, 2, 59, 2, 50, '$1.86 ', 'http://dummyimage.com/198x124.png/ff4444/ffffff'),
('488', 13, 3, 15, 1, 10, '$8.52 ', 'http://dummyimage.com/163x146.jpg/ff4444/ffffff'),
('489', 34, 1, 5, 4, 2, '$5.53 ', 'http://dummyimage.com/221x220.jpg/dddddd/000000'),
('49', 25, 3, 15, 12, 90, '$6.40 ', 'http://dummyimage.com/184x165.bmp/5fa2dd/ffffff'),
('490', 6, 3, 65, 7, 46, '$3.22 ', 'http://dummyimage.com/217x190.jpg/ff4444/ffffff'),
('491', 42, 3, 4, 1, 83, '$2.58 ', 'http://dummyimage.com/153x154.png/cc0000/ffffff'),
('492', 5, 2, 33, 6, 22, '$9.71 ', 'http://dummyimage.com/225x100.jpg/dddddd/000000'),
('493', 34, 3, 55, 2, 93, '$1.97 ', 'http://dummyimage.com/162x200.png/ff4444/ffffff'),
('494', 29, 3, 60, 9, 32, '$9.37 ', 'http://dummyimage.com/175x160.bmp/cc0000/ffffff'),
('495', 38, 1, 23, 1, 12, '$0.29 ', 'http://dummyimage.com/153x142.bmp/ff4444/ffffff'),
('496', 2, 2, 42, 4, 90, '$3.64 ', 'http://dummyimage.com/234x101.png/ff4444/ffffff'),
('497', 2, 1, 26, 3, 70, '$2.46 ', 'http://dummyimage.com/234x136.png/ff4444/ffffff'),
('498', 43, 1, 39, 7, 85, '$1.83 ', 'http://dummyimage.com/246x120.jpg/ff4444/ffffff'),
('499', 31, 1, 61, 3, 44, '$1.48 ', 'http://dummyimage.com/248x103.bmp/dddddd/000000'),
('5', 13, 1, 33, 10, 91, '$4.72 ', 'http://dummyimage.com/175x120.png/cc0000/ffffff'),
('50', 40, 2, 13, 10, 89, '$6.97 ', 'http://dummyimage.com/124x203.bmp/cc0000/ffffff'),
('500', 18, 1, 36, 4, 16, '$7.51 ', 'http://dummyimage.com/207x158.png/ff4444/ffffff'),
('501', 40, 1, 10, 16, 82, '$9.53 ', 'http://dummyimage.com/192x194.bmp/dddddd/000000'),
('502', 43, 3, 61, 15, 16, '$9.73 ', 'http://dummyimage.com/180x143.jpg/ff4444/ffffff'),
('503', 15, 1, 51, 17, 54, '$9.38 ', 'http://dummyimage.com/166x177.png/dddddd/000000'),
('504', 23, 2, 19, 14, 85, '$8.26 ', 'http://dummyimage.com/164x140.jpg/ff4444/ffffff'),
('505', 17, 1, 58, 4, 4, '$9.64 ', 'http://dummyimage.com/221x108.jpg/cc0000/ffffff'),
('506', 26, 3, 51, 18, 33, '$2.26 ', 'http://dummyimage.com/199x173.jpg/cc0000/ffffff'),
('507', 32, 1, 20, 8, 11, '$2.82 ', 'http://dummyimage.com/125x118.jpg/cc0000/ffffff'),
('508', 16, 3, 4, 18, 74, '$4.55 ', 'http://dummyimage.com/204x232.png/5fa2dd/ffffff'),
('509', 10, 2, 53, 15, 20, '$3.74 ', 'http://dummyimage.com/237x131.jpg/dddddd/000000'),
('51', 18, 2, 45, 10, 69, '$9.84 ', 'http://dummyimage.com/191x183.bmp/5fa2dd/ffffff'),
('510', 13, 3, 67, 14, 13, '$6.46 ', 'http://dummyimage.com/152x101.jpg/cc0000/ffffff'),
('511', 31, 2, 13, 9, 77, '$4.55 ', 'http://dummyimage.com/237x169.png/5fa2dd/ffffff'),
('512', 3, 2, 44, 5, 92, '$3.83 ', 'http://dummyimage.com/110x240.png/5fa2dd/ffffff'),
('513', 26, 3, 2, 15, 3, '$1.22 ', 'http://dummyimage.com/126x110.bmp/dddddd/000000'),
('514', 39, 1, 11, 1, 59, '$9.40 ', 'http://dummyimage.com/109x174.bmp/cc0000/ffffff'),
('515', 17, 2, 2, 15, 86, '$8.68 ', 'http://dummyimage.com/214x188.bmp/cc0000/ffffff'),
('516', 25, 1, 49, 1, 25, '$5.81 ', 'http://dummyimage.com/222x205.bmp/ff4444/ffffff'),
('517', 43, 2, 5, 1, 83, '$0.04 ', 'http://dummyimage.com/115x195.png/cc0000/ffffff'),
('518', 35, 3, 6, 1, 17, '$6.37 ', 'http://dummyimage.com/236x210.jpg/cc0000/ffffff'),
('519', 1, 3, 50, 16, 14, '$3.31 ', 'http://dummyimage.com/185x136.png/dddddd/000000'),
('52', 1, 2, 48, 16, 17, '$9.14 ', 'http://dummyimage.com/237x102.bmp/ff4444/ffffff'),
('520', 1, 1, 15, 4, 89, '$5.12 ', 'http://dummyimage.com/146x134.jpg/cc0000/ffffff'),
('521', 44, 3, 49, 12, 85, '$7.61 ', 'http://dummyimage.com/196x204.png/ff4444/ffffff'),
('522', 30, 3, 28, 14, 50, '$0.26 ', 'http://dummyimage.com/126x184.bmp/dddddd/000000'),
('523', 38, 2, 11, 16, 95, '$4.22 ', 'http://dummyimage.com/231x142.bmp/5fa2dd/ffffff'),
('524', 13, 1, 33, 8, 86, '$2.78 ', 'http://dummyimage.com/115x150.jpg/cc0000/ffffff'),
('525', 43, 1, 6, 8, 15, '$9.49 ', 'http://dummyimage.com/212x193.png/ff4444/ffffff'),
('526', 44, 2, 70, 13, 5, '$7.16 ', 'http://dummyimage.com/195x193.jpg/ff4444/ffffff'),
('527', 44, 2, 26, 7, 15, '$6.61 ', 'http://dummyimage.com/177x168.jpg/5fa2dd/ffffff'),
('528', 18, 3, 29, 10, 45, '$6.30 ', 'http://dummyimage.com/154x232.bmp/dddddd/000000'),
('529', 15, 3, 6, 3, 33, '$8.07 ', 'http://dummyimage.com/213x189.jpg/dddddd/000000'),
('53', 42, 1, 19, 1, 28, '$5.72 ', 'http://dummyimage.com/149x230.png/dddddd/000000'),
('530', 25, 2, 31, 7, 61, '$8.01 ', 'http://dummyimage.com/189x161.png/5fa2dd/ffffff'),
('531', 24, 3, 9, 9, 27, '$6.82 ', 'http://dummyimage.com/141x239.bmp/5fa2dd/ffffff'),
('532', 5, 3, 2, 17, 65, '$3.10 ', 'http://dummyimage.com/223x197.png/ff4444/ffffff'),
('533', 43, 1, 21, 7, 23, '$5.55 ', 'http://dummyimage.com/211x138.png/cc0000/ffffff'),
('534', 5, 2, 13, 14, 72, '$8.36 ', 'http://dummyimage.com/107x154.jpg/cc0000/ffffff'),
('535', 9, 2, 38, 18, 38, '$6.83 ', 'http://dummyimage.com/111x219.jpg/cc0000/ffffff'),
('536', 1, 1, 15, 17, 17, '$0.38 ', 'http://dummyimage.com/233x141.png/ff4444/ffffff'),
('537', 3, 1, 28, 15, 40, '$4.71 ', 'http://dummyimage.com/230x140.bmp/dddddd/000000'),
('538', 28, 3, 21, 11, 84, '$3.39 ', 'http://dummyimage.com/185x100.png/5fa2dd/ffffff'),
('539', 44, 1, 50, 1, 67, '$1.47 ', 'http://dummyimage.com/186x113.png/5fa2dd/ffffff'),
('54', 41, 3, 1, 2, 55, '$7.10 ', 'http://dummyimage.com/174x248.bmp/5fa2dd/ffffff'),
('540', 42, 2, 19, 10, 82, '$5.47 ', 'http://dummyimage.com/169x116.jpg/ff4444/ffffff'),
('541', 13, 2, 32, 8, 33, '$8.82 ', 'http://dummyimage.com/239x160.jpg/5fa2dd/ffffff'),
('542', 11, 3, 23, 11, 16, '$3.62 ', 'http://dummyimage.com/108x195.bmp/cc0000/ffffff'),
('543', 4, 1, 49, 12, 51, '$3.90 ', 'http://dummyimage.com/198x196.png/dddddd/000000'),
('544', 13, 3, 14, 12, 27, '$3.77 ', 'http://dummyimage.com/155x225.bmp/dddddd/000000'),
('545', 32, 2, 66, 9, 35, '$3.13 ', 'http://dummyimage.com/241x155.bmp/cc0000/ffffff'),
('546', 27, 2, 43, 16, 40, '$8.02 ', 'http://dummyimage.com/150x166.png/ff4444/ffffff'),
('547', 38, 2, 5, 5, 50, '$10.00 ', 'http://dummyimage.com/225x162.bmp/ff4444/ffffff'),
('548', 33, 2, 50, 15, 17, '$6.48 ', 'http://dummyimage.com/142x171.bmp/cc0000/ffffff'),
('549', 8, 1, 57, 6, 62, '$8.17 ', 'http://dummyimage.com/246x236.bmp/dddddd/000000'),
('55', 39, 3, 3, 2, 33, '$9.72 ', 'http://dummyimage.com/204x211.jpg/cc0000/ffffff'),
('550', 26, 2, 48, 10, 95, '$7.08 ', 'http://dummyimage.com/200x184.bmp/5fa2dd/ffffff'),
('551', 11, 1, 11, 1, 69, '$9.23 ', 'http://dummyimage.com/125x121.bmp/5fa2dd/ffffff'),
('552', 13, 2, 63, 12, 72, '$7.56 ', 'http://dummyimage.com/107x220.bmp/ff4444/ffffff'),
('553', 37, 2, 70, 14, 20, '$2.68 ', 'http://dummyimage.com/214x186.bmp/cc0000/ffffff'),
('554', 25, 2, 42, 6, 51, '$7.60 ', 'http://dummyimage.com/129x221.jpg/cc0000/ffffff'),
('555', 4, 3, 67, 18, 86, '$9.13 ', 'http://dummyimage.com/144x162.jpg/cc0000/ffffff'),
('556', 8, 2, 1, 9, 29, '$8.83 ', 'http://dummyimage.com/248x115.jpg/dddddd/000000'),
('557', 38, 3, 36, 12, 48, '$3.96 ', 'http://dummyimage.com/101x228.png/5fa2dd/ffffff'),
('558', 43, 3, 61, 18, 8, '$0.41 ', 'http://dummyimage.com/248x247.bmp/ff4444/ffffff'),
('559', 44, 1, 2, 15, 62, '$5.23 ', 'http://dummyimage.com/242x159.png/ff4444/ffffff'),
('56', 6, 2, 3, 10, 92, '$1.84 ', 'http://dummyimage.com/151x130.jpg/ff4444/ffffff'),
('560', 24, 2, 65, 5, 16, '$5.24 ', 'http://dummyimage.com/176x186.bmp/ff4444/ffffff'),
('561', 6, 3, 45, 10, 65, '$9.68 ', 'http://dummyimage.com/212x105.png/ff4444/ffffff'),
('562', 25, 1, 17, 4, 15, '$2.58 ', 'http://dummyimage.com/161x209.jpg/5fa2dd/ffffff'),
('563', 3, 3, 6, 7, 77, '$3.05 ', 'http://dummyimage.com/201x195.bmp/ff4444/ffffff'),
('564', 19, 3, 44, 12, 22, '$3.75 ', 'http://dummyimage.com/157x104.png/ff4444/ffffff'),
('565', 22, 3, 48, 9, 70, '$5.10 ', 'http://dummyimage.com/182x231.bmp/dddddd/000000'),
('566', 42, 2, 29, 10, 17, '$7.32 ', 'http://dummyimage.com/108x205.png/cc0000/ffffff'),
('567', 13, 3, 14, 5, 76, '$9.56 ', 'http://dummyimage.com/224x167.png/dddddd/000000'),
('568', 12, 3, 28, 11, 48, '$4.79 ', 'http://dummyimage.com/244x227.bmp/ff4444/ffffff'),
('569', 24, 2, 67, 9, 32, '$3.36 ', 'http://dummyimage.com/176x240.bmp/ff4444/ffffff'),
('57', 1, 2, 58, 13, 84, '$6.53 ', 'http://dummyimage.com/108x223.bmp/dddddd/000000'),
('570', 37, 1, 65, 18, 46, '$9.38 ', 'http://dummyimage.com/161x104.png/cc0000/ffffff'),
('571', 19, 3, 51, 14, 29, '$5.86 ', 'http://dummyimage.com/169x189.jpg/5fa2dd/ffffff'),
('572', 37, 1, 29, 13, 73, '$4.66 ', 'http://dummyimage.com/225x123.jpg/ff4444/ffffff'),
('573', 35, 1, 30, 7, 40, '$8.94 ', 'http://dummyimage.com/158x127.jpg/5fa2dd/ffffff'),
('574', 38, 2, 31, 6, 67, '$9.64 ', 'http://dummyimage.com/105x139.jpg/dddddd/000000'),
('575', 43, 3, 48, 18, 5, '$2.29 ', 'http://dummyimage.com/180x208.png/ff4444/ffffff'),
('576', 2, 1, 32, 4, 37, '$9.65 ', 'http://dummyimage.com/158x141.png/5fa2dd/ffffff'),
('577', 36, 1, 22, 2, 22, '$0.85 ', 'http://dummyimage.com/138x102.bmp/cc0000/ffffff'),
('578', 36, 1, 39, 11, 11, '$8.42 ', 'http://dummyimage.com/182x226.png/ff4444/ffffff'),
('579', 44, 3, 20, 15, 33, '$6.56 ', 'http://dummyimage.com/151x201.bmp/ff4444/ffffff'),
('58', 44, 1, 30, 13, 54, '$3.30 ', 'http://dummyimage.com/241x121.bmp/dddddd/000000'),
('580', 16, 1, 3, 12, 5, '$9.60 ', 'http://dummyimage.com/204x155.jpg/cc0000/ffffff'),
('581', 17, 2, 2, 3, 55, '$0.77 ', 'http://dummyimage.com/181x212.png/5fa2dd/ffffff'),
('582', 36, 2, 30, 5, 58, '$4.90 ', 'http://dummyimage.com/117x174.png/5fa2dd/ffffff'),
('583', 31, 2, 61, 15, 42, '$4.27 ', 'http://dummyimage.com/233x137.jpg/cc0000/ffffff'),
('584', 46, 2, 42, 2, 36, '$0.58 ', 'http://dummyimage.com/168x120.bmp/ff4444/ffffff'),
('585', 42, 3, 11, 11, 70, '$9.28 ', 'http://dummyimage.com/247x225.jpg/5fa2dd/ffffff'),
('586', 8, 3, 62, 4, 76, '$1.73 ', 'http://dummyimage.com/116x220.png/cc0000/ffffff'),
('587', 8, 2, 19, 15, 28, '$4.70 ', 'http://dummyimage.com/169x152.bmp/dddddd/000000'),
('588', 8, 3, 67, 15, 18, '$4.04 ', 'http://dummyimage.com/141x209.jpg/cc0000/ffffff'),
('589', 27, 1, 3, 6, 9, '$6.83 ', 'http://dummyimage.com/163x107.bmp/cc0000/ffffff'),
('59', 27, 1, 20, 16, 2, '$1.02 ', 'http://dummyimage.com/116x117.png/dddddd/000000'),
('590', 20, 2, 8, 15, 54, '$2.12 ', 'http://dummyimage.com/131x113.png/dddddd/000000'),
('591', 39, 2, 16, 15, 40, '$5.65 ', 'http://dummyimage.com/149x206.bmp/ff4444/ffffff'),
('592', 43, 2, 18, 1, 15, '$8.42 ', 'http://dummyimage.com/187x215.png/5fa2dd/ffffff'),
('593', 35, 1, 58, 2, 78, '$1.90 ', 'http://dummyimage.com/102x234.png/dddddd/000000'),
('594', 40, 1, 34, 17, 19, '$8.05 ', 'http://dummyimage.com/232x222.jpg/ff4444/ffffff'),
('595', 27, 3, 58, 4, 44, '$3.94 ', 'http://dummyimage.com/166x237.bmp/ff4444/ffffff'),
('596', 17, 1, 41, 5, 32, '$6.93 ', 'http://dummyimage.com/140x246.bmp/ff4444/ffffff'),
('597', 40, 2, 8, 14, 1, '$7.12 ', 'http://dummyimage.com/152x108.bmp/cc0000/ffffff'),
('598', 9, 2, 55, 4, 26, '$6.79 ', 'http://dummyimage.com/182x226.bmp/5fa2dd/ffffff'),
('599', 25, 1, 41, 6, 1, '$8.01 ', 'http://dummyimage.com/219x155.jpg/cc0000/ffffff'),
('6', 9, 1, 1, 17, 71, '$9.57 ', 'http://dummyimage.com/138x247.png/dddddd/000000'),
('60', 5, 3, 10, 12, 53, '$6.07 ', 'http://dummyimage.com/176x237.jpg/5fa2dd/ffffff'),
('600', 34, 3, 32, 3, 90, '$7.96 ', 'http://dummyimage.com/190x111.bmp/ff4444/ffffff'),
('601', 27, 1, 24, 5, 83, '$1.27 ', 'http://dummyimage.com/219x224.png/ff4444/ffffff'),
('602', 10, 3, 21, 12, 62, '$6.04 ', 'http://dummyimage.com/218x108.bmp/ff4444/ffffff'),
('603', 38, 2, 13, 17, 94, '$1.26 ', 'http://dummyimage.com/199x238.png/ff4444/ffffff'),
('604', 46, 1, 46, 12, 1, '$3.71 ', 'http://dummyimage.com/220x146.jpg/cc0000/ffffff'),
('605', 37, 1, 28, 9, 54, '$4.21 ', 'http://dummyimage.com/211x238.bmp/cc0000/ffffff'),
('606', 32, 3, 57, 12, 14, '$3.83 ', 'http://dummyimage.com/219x182.bmp/ff4444/ffffff'),
('607', 10, 3, 29, 12, 21, '$5.19 ', 'http://dummyimage.com/168x165.bmp/5fa2dd/ffffff'),
('608', 43, 2, 47, 8, 18, '$5.08 ', 'http://dummyimage.com/208x200.bmp/dddddd/000000'),
('609', 19, 3, 15, 10, 5, '$2.43 ', 'http://dummyimage.com/169x241.jpg/5fa2dd/ffffff'),
('61', 5, 2, 4, 16, 28, '$7.09 ', 'http://dummyimage.com/235x139.png/dddddd/000000'),
('610', 1, 1, 55, 18, 26, '$5.27 ', 'http://dummyimage.com/103x112.png/dddddd/000000'),
('611', 41, 2, 31, 4, 63, '$6.61 ', 'http://dummyimage.com/189x209.bmp/cc0000/ffffff'),
('612', 19, 3, 14, 15, 74, '$0.71 ', 'http://dummyimage.com/155x205.png/ff4444/ffffff'),
('613', 17, 1, 16, 16, 7, '$8.42 ', 'http://dummyimage.com/129x197.png/ff4444/ffffff'),
('614', 29, 3, 21, 5, 18, '$8.25 ', 'http://dummyimage.com/154x124.bmp/5fa2dd/ffffff'),
('615', 28, 3, 28, 11, 85, '$2.98 ', 'http://dummyimage.com/197x139.jpg/dddddd/000000'),
('616', 27, 1, 3, 14, 8, '$4.83 ', 'http://dummyimage.com/200x247.jpg/cc0000/ffffff'),
('617', 38, 1, 32, 1, 18, '$8.65 ', 'http://dummyimage.com/118x234.bmp/dddddd/000000'),
('618', 15, 1, 2, 4, 81, '$2.38 ', 'http://dummyimage.com/154x211.bmp/5fa2dd/ffffff'),
('619', 31, 2, 13, 17, 29, '$6.14 ', 'http://dummyimage.com/208x136.jpg/cc0000/ffffff'),
('62', 1, 2, 22, 4, 13, '$9.26 ', 'http://dummyimage.com/215x106.jpg/ff4444/ffffff'),
('620', 9, 2, 1, 6, 11, '$2.19 ', 'http://dummyimage.com/115x153.bmp/5fa2dd/ffffff');
INSERT INTO `item_tbl` (`ItemID`, `BrandID`, `GenderID`, `MaterialID`, `CountOrigID`, `PatternID`, `MSRP`, `Image`) VALUES
('621', 15, 2, 33, 18, 62, '$3.58 ', 'http://dummyimage.com/199x212.png/cc0000/ffffff'),
('622', 13, 1, 9, 15, 65, '$2.83 ', 'http://dummyimage.com/206x177.jpg/5fa2dd/ffffff'),
('623', 19, 1, 46, 18, 8, '$5.73 ', 'http://dummyimage.com/165x237.png/dddddd/000000'),
('624', 4, 3, 43, 8, 59, '$3.67 ', 'http://dummyimage.com/108x236.jpg/cc0000/ffffff'),
('625', 14, 3, 56, 12, 15, '$6.56 ', 'http://dummyimage.com/249x102.jpg/ff4444/ffffff'),
('626', 9, 2, 41, 9, 21, '$5.43 ', 'http://dummyimage.com/108x229.jpg/dddddd/000000'),
('627', 33, 3, 70, 10, 17, '$4.77 ', 'http://dummyimage.com/164x195.jpg/cc0000/ffffff'),
('628', 36, 1, 60, 17, 34, '$8.99 ', 'http://dummyimage.com/213x161.bmp/5fa2dd/ffffff'),
('629', 8, 3, 39, 6, 65, '$0.93 ', 'http://dummyimage.com/234x109.bmp/cc0000/ffffff'),
('63', 46, 3, 21, 8, 75, '$7.82 ', 'http://dummyimage.com/159x216.jpg/cc0000/ffffff'),
('630', 32, 1, 67, 8, 22, '$6.78 ', 'http://dummyimage.com/243x159.jpg/ff4444/ffffff'),
('631', 21, 2, 55, 8, 79, '$0.74 ', 'http://dummyimage.com/176x146.png/ff4444/ffffff'),
('632', 42, 2, 4, 11, 87, '$5.04 ', 'http://dummyimage.com/162x101.bmp/dddddd/000000'),
('633', 7, 1, 48, 2, 8, '$8.39 ', 'http://dummyimage.com/224x168.bmp/ff4444/ffffff'),
('634', 28, 1, 2, 4, 76, '$7.27 ', 'http://dummyimage.com/197x168.jpg/5fa2dd/ffffff'),
('635', 9, 2, 16, 1, 74, '$9.29 ', 'http://dummyimage.com/192x122.bmp/cc0000/ffffff'),
('636', 40, 1, 1, 5, 33, '$5.08 ', 'http://dummyimage.com/121x172.jpg/cc0000/ffffff'),
('637', 6, 3, 59, 18, 66, '$7.71 ', 'http://dummyimage.com/114x134.jpg/dddddd/000000'),
('638', 13, 1, 36, 5, 80, '$7.98 ', 'http://dummyimage.com/180x128.bmp/ff4444/ffffff'),
('639', 22, 3, 32, 8, 89, '$2.49 ', 'http://dummyimage.com/235x174.png/ff4444/ffffff'),
('64', 30, 2, 2, 4, 63, '$2.91 ', 'http://dummyimage.com/131x208.bmp/5fa2dd/ffffff'),
('640', 11, 1, 48, 17, 85, '$8.31 ', 'http://dummyimage.com/154x250.png/cc0000/ffffff'),
('641', 22, 1, 25, 18, 65, '$7.95 ', 'http://dummyimage.com/109x178.bmp/dddddd/000000'),
('642', 16, 2, 32, 11, 29, '$3.92 ', 'http://dummyimage.com/213x199.jpg/cc0000/ffffff'),
('643', 13, 2, 4, 5, 90, '$8.93 ', 'http://dummyimage.com/179x246.jpg/ff4444/ffffff'),
('644', 32, 3, 16, 8, 72, '$1.03 ', 'http://dummyimage.com/173x230.bmp/5fa2dd/ffffff'),
('645', 30, 2, 37, 6, 69, '$5.38 ', 'http://dummyimage.com/116x144.png/dddddd/000000'),
('646', 2, 3, 43, 1, 21, '$3.30 ', 'http://dummyimage.com/235x170.png/cc0000/ffffff'),
('647', 29, 1, 8, 4, 1, '$7.90 ', 'http://dummyimage.com/152x194.jpg/cc0000/ffffff'),
('648', 13, 2, 15, 15, 38, '$4.91 ', 'http://dummyimage.com/213x164.bmp/ff4444/ffffff'),
('649', 5, 1, 9, 6, 72, '$7.24 ', 'http://dummyimage.com/113x213.png/cc0000/ffffff'),
('65', 20, 2, 2, 3, 93, '$9.49 ', 'http://dummyimage.com/110x248.jpg/dddddd/000000'),
('650', 37, 3, 22, 16, 3, '$4.49 ', 'http://dummyimage.com/135x133.png/ff4444/ffffff'),
('651', 23, 3, 15, 3, 95, '$3.85 ', 'http://dummyimage.com/146x106.bmp/ff4444/ffffff'),
('652', 16, 3, 18, 12, 88, '$6.51 ', 'http://dummyimage.com/120x110.bmp/ff4444/ffffff'),
('653', 11, 1, 34, 1, 64, '$5.71 ', 'http://dummyimage.com/137x201.jpg/ff4444/ffffff'),
('654', 44, 2, 44, 7, 85, '$3.45 ', 'http://dummyimage.com/181x228.png/dddddd/000000'),
('655', 40, 2, 61, 9, 42, '$3.00 ', 'http://dummyimage.com/183x205.bmp/5fa2dd/ffffff'),
('656', 11, 3, 25, 16, 38, '$3.96 ', 'http://dummyimage.com/241x108.png/5fa2dd/ffffff'),
('657', 40, 2, 2, 12, 70, '$8.99 ', 'http://dummyimage.com/133x180.png/5fa2dd/ffffff'),
('658', 34, 2, 57, 17, 80, '$6.22 ', 'http://dummyimage.com/185x249.bmp/5fa2dd/ffffff'),
('659', 35, 3, 34, 10, 27, '$8.83 ', 'http://dummyimage.com/120x243.png/ff4444/ffffff'),
('66', 44, 1, 64, 17, 49, '$9.51 ', 'http://dummyimage.com/194x177.bmp/5fa2dd/ffffff'),
('660', 29, 1, 53, 16, 66, '$1.75 ', 'http://dummyimage.com/152x119.bmp/dddddd/000000'),
('661', 30, 1, 7, 7, 83, '$2.16 ', 'http://dummyimage.com/139x206.png/dddddd/000000'),
('662', 11, 1, 62, 3, 19, '$9.35 ', 'http://dummyimage.com/133x197.bmp/dddddd/000000'),
('663', 23, 2, 1, 10, 9, '$5.88 ', 'http://dummyimage.com/167x133.jpg/5fa2dd/ffffff'),
('664', 15, 2, 39, 6, 70, '$0.61 ', 'http://dummyimage.com/237x217.png/ff4444/ffffff'),
('665', 16, 1, 66, 7, 90, '$7.03 ', 'http://dummyimage.com/128x176.bmp/cc0000/ffffff'),
('666', 41, 1, 6, 11, 44, '$5.48 ', 'http://dummyimage.com/169x160.png/cc0000/ffffff'),
('667', 15, 2, 4, 13, 93, '$3.83 ', 'http://dummyimage.com/142x205.png/dddddd/000000'),
('668', 24, 1, 53, 15, 72, '$5.10 ', 'http://dummyimage.com/210x172.jpg/ff4444/ffffff'),
('669', 20, 1, 53, 18, 48, '$8.65 ', 'http://dummyimage.com/106x106.jpg/ff4444/ffffff'),
('67', 36, 1, 27, 14, 28, '$8.89 ', 'http://dummyimage.com/214x242.jpg/cc0000/ffffff'),
('670', 31, 3, 48, 18, 53, '$0.79 ', 'http://dummyimage.com/189x238.png/dddddd/000000'),
('671', 43, 3, 20, 5, 68, '$0.77 ', 'http://dummyimage.com/211x144.bmp/cc0000/ffffff'),
('672', 44, 1, 2, 4, 64, '$3.49 ', 'http://dummyimage.com/154x138.png/5fa2dd/ffffff'),
('673', 41, 1, 47, 16, 56, '$7.87 ', 'http://dummyimage.com/222x187.png/ff4444/ffffff'),
('674', 4, 1, 4, 8, 14, '$2.03 ', 'http://dummyimage.com/105x226.bmp/cc0000/ffffff'),
('675', 30, 1, 45, 10, 76, '$0.52 ', 'http://dummyimage.com/167x200.bmp/dddddd/000000'),
('676', 7, 2, 60, 18, 30, '$7.68 ', 'http://dummyimage.com/241x234.bmp/dddddd/000000'),
('677', 39, 1, 32, 4, 54, '$0.72 ', 'http://dummyimage.com/156x171.png/ff4444/ffffff'),
('678', 41, 3, 24, 12, 72, '$8.67 ', 'http://dummyimage.com/238x106.png/5fa2dd/ffffff'),
('679', 10, 3, 59, 6, 31, '$8.37 ', 'http://dummyimage.com/220x164.jpg/cc0000/ffffff'),
('68', 11, 1, 2, 11, 36, '$9.51 ', 'http://dummyimage.com/146x150.png/5fa2dd/ffffff'),
('680', 35, 1, 51, 13, 78, '$0.83 ', 'http://dummyimage.com/227x216.jpg/dddddd/000000'),
('681', 42, 2, 5, 15, 37, '$5.23 ', 'http://dummyimage.com/100x225.jpg/cc0000/ffffff'),
('682', 18, 1, 28, 16, 89, '$0.79 ', 'http://dummyimage.com/166x135.bmp/ff4444/ffffff'),
('683', 14, 2, 5, 12, 30, '$9.03 ', 'http://dummyimage.com/235x201.png/cc0000/ffffff'),
('684', 45, 2, 52, 12, 5, '$7.82 ', 'http://dummyimage.com/222x244.jpg/ff4444/ffffff'),
('685', 41, 1, 32, 4, 74, '$0.42 ', 'http://dummyimage.com/196x202.jpg/dddddd/000000'),
('686', 9, 1, 48, 8, 52, '$5.68 ', 'http://dummyimage.com/186x233.jpg/cc0000/ffffff'),
('687', 3, 1, 1, 9, 25, '$0.71 ', 'http://dummyimage.com/153x233.bmp/ff4444/ffffff'),
('688', 20, 2, 7, 17, 79, '$5.94 ', 'http://dummyimage.com/167x174.bmp/5fa2dd/ffffff'),
('689', 14, 2, 55, 17, 54, '$4.01 ', 'http://dummyimage.com/174x228.png/cc0000/ffffff'),
('69', 32, 1, 26, 18, 78, '$1.11 ', 'http://dummyimage.com/138x192.png/dddddd/000000'),
('690', 4, 3, 40, 4, 85, '$4.38 ', 'http://dummyimage.com/219x169.png/5fa2dd/ffffff'),
('691', 3, 3, 1, 18, 93, '$1.67 ', 'http://dummyimage.com/102x130.jpg/dddddd/000000'),
('692', 25, 3, 20, 16, 12, '$6.92 ', 'http://dummyimage.com/247x211.png/ff4444/ffffff'),
('693', 9, 2, 59, 1, 78, '$6.96 ', 'http://dummyimage.com/189x101.jpg/5fa2dd/ffffff'),
('694', 26, 2, 8, 10, 59, '$3.85 ', 'http://dummyimage.com/248x174.bmp/5fa2dd/ffffff'),
('695', 15, 2, 53, 7, 32, '$9.90 ', 'http://dummyimage.com/196x232.bmp/dddddd/000000'),
('696', 40, 2, 11, 18, 65, '$1.45 ', 'http://dummyimage.com/143x208.jpg/5fa2dd/ffffff'),
('697', 38, 2, 32, 16, 32, '$5.80 ', 'http://dummyimage.com/216x109.bmp/cc0000/ffffff'),
('698', 12, 2, 46, 4, 10, '$7.68 ', 'http://dummyimage.com/216x162.bmp/ff4444/ffffff'),
('699', 18, 2, 30, 11, 21, '$2.10 ', 'http://dummyimage.com/217x202.png/ff4444/ffffff'),
('7', 39, 1, 4, 14, 8, '$9.87 ', 'http://dummyimage.com/134x184.bmp/5fa2dd/ffffff'),
('70', 22, 3, 5, 7, 95, '$0.09 ', 'http://dummyimage.com/211x147.bmp/5fa2dd/ffffff'),
('700', 45, 3, 27, 3, 51, '$5.12 ', 'http://dummyimage.com/237x243.png/ff4444/ffffff'),
('701', 30, 3, 62, 4, 79, '$6.42 ', 'http://dummyimage.com/165x112.jpg/cc0000/ffffff'),
('702', 27, 2, 2, 15, 10, '$6.78 ', 'http://dummyimage.com/166x176.jpg/5fa2dd/ffffff'),
('703', 21, 2, 49, 7, 2, '$2.79 ', 'http://dummyimage.com/173x222.png/cc0000/ffffff'),
('704', 4, 1, 7, 8, 29, '$7.59 ', 'http://dummyimage.com/247x105.jpg/cc0000/ffffff'),
('705', 44, 3, 32, 13, 13, '$7.28 ', 'http://dummyimage.com/181x103.jpg/5fa2dd/ffffff'),
('706', 10, 3, 21, 3, 35, '$6.16 ', 'http://dummyimage.com/229x227.bmp/cc0000/ffffff'),
('707', 45, 1, 39, 11, 65, '$9.04 ', 'http://dummyimage.com/113x241.jpg/cc0000/ffffff'),
('708', 29, 1, 26, 14, 66, '$2.39 ', 'http://dummyimage.com/131x204.bmp/dddddd/000000'),
('709', 6, 2, 30, 14, 24, '$1.60 ', 'http://dummyimage.com/238x217.bmp/5fa2dd/ffffff'),
('71', 40, 3, 41, 13, 67, '$6.99 ', 'http://dummyimage.com/219x202.jpg/cc0000/ffffff'),
('710', 6, 3, 38, 14, 72, '$9.03 ', 'http://dummyimage.com/201x235.bmp/ff4444/ffffff'),
('711', 4, 2, 57, 7, 14, '$0.12 ', 'http://dummyimage.com/242x203.bmp/dddddd/000000'),
('712', 18, 2, 47, 17, 5, '$3.02 ', 'http://dummyimage.com/177x127.bmp/cc0000/ffffff'),
('713', 19, 2, 50, 2, 37, '$3.25 ', 'http://dummyimage.com/129x192.bmp/5fa2dd/ffffff'),
('714', 25, 3, 34, 3, 11, '$0.66 ', 'http://dummyimage.com/249x100.png/5fa2dd/ffffff'),
('715', 32, 3, 67, 5, 70, '$6.82 ', 'http://dummyimage.com/181x111.png/cc0000/ffffff'),
('716', 25, 1, 20, 2, 77, '$2.56 ', 'http://dummyimage.com/227x216.png/5fa2dd/ffffff'),
('717', 1, 1, 70, 5, 84, '$0.53 ', 'http://dummyimage.com/231x247.jpg/5fa2dd/ffffff'),
('718', 5, 3, 41, 9, 31, '$3.58 ', 'http://dummyimage.com/151x187.png/dddddd/000000'),
('719', 21, 3, 10, 17, 21, '$6.85 ', 'http://dummyimage.com/220x214.bmp/cc0000/ffffff'),
('72', 29, 3, 3, 8, 26, '$9.16 ', 'http://dummyimage.com/210x126.jpg/dddddd/000000'),
('720', 11, 3, 55, 2, 34, '$9.15 ', 'http://dummyimage.com/138x237.jpg/cc0000/ffffff'),
('721', 4, 1, 49, 16, 2, '$1.73 ', 'http://dummyimage.com/118x147.jpg/5fa2dd/ffffff'),
('722', 27, 3, 67, 8, 16, '$5.52 ', 'http://dummyimage.com/204x153.png/ff4444/ffffff'),
('723', 38, 1, 11, 3, 1, '$3.46 ', 'http://dummyimage.com/135x146.bmp/cc0000/ffffff'),
('724', 1, 3, 58, 18, 29, '$5.91 ', 'http://dummyimage.com/117x140.png/cc0000/ffffff'),
('725', 25, 1, 5, 15, 93, '$5.03 ', 'http://dummyimage.com/154x211.bmp/ff4444/ffffff'),
('726', 35, 3, 42, 14, 14, '$2.08 ', 'http://dummyimage.com/134x166.png/dddddd/000000'),
('727', 45, 2, 67, 18, 5, '$9.02 ', 'http://dummyimage.com/128x162.bmp/cc0000/ffffff'),
('728', 28, 1, 62, 3, 11, '$5.01 ', 'http://dummyimage.com/166x123.jpg/5fa2dd/ffffff'),
('729', 37, 3, 59, 3, 11, '$2.10 ', 'http://dummyimage.com/100x225.jpg/5fa2dd/ffffff'),
('73', 2, 1, 36, 3, 18, '$6.28 ', 'http://dummyimage.com/223x113.bmp/dddddd/000000'),
('730', 11, 1, 27, 8, 44, '$8.43 ', 'http://dummyimage.com/139x146.bmp/cc0000/ffffff'),
('731', 18, 2, 70, 10, 56, '$6.41 ', 'http://dummyimage.com/152x161.bmp/5fa2dd/ffffff'),
('732', 33, 2, 60, 11, 44, '$1.97 ', 'http://dummyimage.com/182x216.jpg/dddddd/000000'),
('733', 17, 2, 3, 9, 30, '$9.55 ', 'http://dummyimage.com/118x186.bmp/dddddd/000000'),
('734', 43, 2, 15, 10, 30, '$1.23 ', 'http://dummyimage.com/147x101.jpg/5fa2dd/ffffff'),
('735', 21, 1, 44, 11, 86, '$7.32 ', 'http://dummyimage.com/198x145.bmp/cc0000/ffffff'),
('736', 8, 1, 2, 13, 53, '$9.56 ', 'http://dummyimage.com/233x215.png/ff4444/ffffff'),
('737', 45, 1, 2, 14, 15, '$2.57 ', 'http://dummyimage.com/112x137.jpg/5fa2dd/ffffff'),
('738', 12, 1, 25, 15, 4, '$4.84 ', 'http://dummyimage.com/128x119.bmp/dddddd/000000'),
('739', 40, 2, 36, 13, 94, '$8.68 ', 'http://dummyimage.com/135x121.bmp/5fa2dd/ffffff'),
('74', 23, 3, 49, 4, 59, '$9.06 ', 'http://dummyimage.com/107x195.jpg/5fa2dd/ffffff'),
('740', 1, 1, 18, 8, 21, '$1.21 ', 'http://dummyimage.com/181x149.png/ff4444/ffffff'),
('741', 24, 1, 32, 18, 32, '$8.83 ', 'http://dummyimage.com/115x162.png/cc0000/ffffff'),
('742', 23, 3, 15, 10, 66, '$1.18 ', 'http://dummyimage.com/110x122.jpg/5fa2dd/ffffff'),
('743', 7, 3, 16, 18, 22, '$8.26 ', 'http://dummyimage.com/210x126.png/dddddd/000000'),
('744', 14, 3, 18, 11, 86, '$6.15 ', 'http://dummyimage.com/248x133.png/cc0000/ffffff'),
('745', 43, 2, 42, 12, 94, '$4.40 ', 'http://dummyimage.com/191x103.jpg/dddddd/000000'),
('746', 1, 3, 1, 6, 19, '$7.26 ', 'http://dummyimage.com/202x151.png/cc0000/ffffff'),
('747', 19, 3, 13, 15, 56, '$7.98 ', 'http://dummyimage.com/203x201.jpg/5fa2dd/ffffff'),
('748', 28, 2, 59, 8, 68, '$1.83 ', 'http://dummyimage.com/139x126.jpg/ff4444/ffffff'),
('749', 13, 2, 13, 1, 42, '$0.62 ', 'http://dummyimage.com/179x144.png/dddddd/000000'),
('75', 31, 3, 65, 17, 91, '$3.09 ', 'http://dummyimage.com/107x232.bmp/cc0000/ffffff'),
('750', 2, 1, 45, 16, 18, '$5.80 ', 'http://dummyimage.com/228x104.png/5fa2dd/ffffff'),
('751', 9, 3, 9, 5, 69, '$3.01 ', 'http://dummyimage.com/123x155.bmp/5fa2dd/ffffff'),
('752', 21, 2, 34, 3, 27, '$7.29 ', 'http://dummyimage.com/227x161.bmp/5fa2dd/ffffff'),
('753', 21, 2, 2, 17, 84, '$3.72 ', 'http://dummyimage.com/198x239.png/cc0000/ffffff'),
('754', 12, 1, 15, 11, 88, '$8.78 ', 'http://dummyimage.com/235x213.jpg/dddddd/000000'),
('755', 2, 2, 30, 6, 80, '$0.24 ', 'http://dummyimage.com/227x103.bmp/cc0000/ffffff'),
('756', 45, 1, 38, 13, 66, '$0.23 ', 'http://dummyimage.com/162x175.png/cc0000/ffffff'),
('757', 5, 3, 41, 5, 48, '$6.91 ', 'http://dummyimage.com/214x240.png/ff4444/ffffff'),
('758', 46, 2, 47, 13, 23, '$7.50 ', 'http://dummyimage.com/243x101.bmp/dddddd/000000'),
('759', 14, 3, 23, 10, 36, '$9.29 ', 'http://dummyimage.com/145x204.jpg/5fa2dd/ffffff'),
('76', 44, 2, 2, 3, 13, '$4.66 ', 'http://dummyimage.com/185x107.jpg/5fa2dd/ffffff'),
('760', 8, 3, 10, 7, 21, '$1.41 ', 'http://dummyimage.com/164x138.jpg/dddddd/000000'),
('761', 6, 3, 16, 18, 10, '$7.56 ', 'http://dummyimage.com/104x242.bmp/ff4444/ffffff'),
('762', 30, 2, 23, 6, 32, '$6.05 ', 'http://dummyimage.com/161x219.bmp/dddddd/000000'),
('763', 26, 2, 8, 4, 38, '$1.74 ', 'http://dummyimage.com/228x245.png/dddddd/000000'),
('764', 39, 3, 58, 13, 72, '$8.32 ', 'http://dummyimage.com/134x168.bmp/5fa2dd/ffffff'),
('765', 43, 1, 17, 14, 18, '$4.64 ', 'http://dummyimage.com/170x144.jpg/dddddd/000000'),
('766', 1, 2, 64, 18, 1, '$2.24 ', 'http://dummyimage.com/191x222.bmp/dddddd/000000'),
('767', 29, 1, 1, 11, 48, '$1.49 ', 'http://dummyimage.com/234x235.bmp/ff4444/ffffff'),
('768', 8, 3, 1, 11, 93, '$9.93 ', 'http://dummyimage.com/148x149.jpg/5fa2dd/ffffff'),
('769', 9, 3, 3, 5, 96, '$6.80 ', 'http://dummyimage.com/113x230.jpg/5fa2dd/ffffff'),
('77', 42, 1, 19, 9, 58, '$3.89 ', 'http://dummyimage.com/119x198.bmp/dddddd/000000'),
('770', 2, 1, 29, 1, 20, '$4.19 ', 'http://dummyimage.com/203x250.bmp/cc0000/ffffff'),
('771', 43, 3, 40, 14, 83, '$7.28 ', 'http://dummyimage.com/129x203.bmp/dddddd/000000'),
('772', 19, 1, 66, 15, 17, '$2.48 ', 'http://dummyimage.com/218x117.bmp/cc0000/ffffff'),
('773', 13, 3, 27, 13, 56, '$9.47 ', 'http://dummyimage.com/100x115.png/cc0000/ffffff'),
('774', 33, 3, 32, 8, 86, '$7.06 ', 'http://dummyimage.com/244x193.png/ff4444/ffffff'),
('775', 32, 3, 1, 5, 37, '$1.95 ', 'http://dummyimage.com/200x127.jpg/5fa2dd/ffffff'),
('776', 44, 3, 27, 7, 36, '$5.07 ', 'http://dummyimage.com/176x119.png/5fa2dd/ffffff'),
('777', 15, 2, 20, 8, 80, '$5.25 ', 'http://dummyimage.com/209x136.bmp/cc0000/ffffff'),
('778', 38, 2, 59, 2, 35, '$5.86 ', 'http://dummyimage.com/156x123.bmp/cc0000/ffffff'),
('779', 10, 2, 32, 7, 2, '$6.73 ', 'http://dummyimage.com/163x116.png/cc0000/ffffff'),
('78', 5, 3, 46, 3, 95, '$0.35 ', 'http://dummyimage.com/115x123.jpg/ff4444/ffffff'),
('780', 35, 3, 48, 11, 40, '$3.29 ', 'http://dummyimage.com/182x188.bmp/ff4444/ffffff'),
('781', 36, 1, 23, 18, 46, '$7.05 ', 'http://dummyimage.com/247x229.png/5fa2dd/ffffff'),
('782', 32, 1, 52, 15, 94, '$7.75 ', 'http://dummyimage.com/106x238.bmp/5fa2dd/ffffff'),
('783', 28, 2, 60, 10, 82, '$9.11 ', 'http://dummyimage.com/177x115.png/cc0000/ffffff'),
('784', 11, 1, 14, 17, 13, '$8.05 ', 'http://dummyimage.com/172x205.jpg/ff4444/ffffff'),
('785', 39, 2, 46, 18, 20, '$4.20 ', 'http://dummyimage.com/228x205.jpg/cc0000/ffffff'),
('786', 2, 1, 13, 18, 78, '$6.05 ', 'http://dummyimage.com/198x181.jpg/5fa2dd/ffffff'),
('787', 24, 1, 40, 14, 73, '$8.95 ', 'http://dummyimage.com/183x208.jpg/5fa2dd/ffffff'),
('788', 10, 2, 64, 3, 89, '$3.38 ', 'http://dummyimage.com/227x146.jpg/ff4444/ffffff'),
('789', 42, 2, 19, 12, 90, '$6.56 ', 'http://dummyimage.com/140x207.jpg/5fa2dd/ffffff'),
('79', 39, 2, 2, 9, 88, '$9.36 ', 'http://dummyimage.com/104x245.png/5fa2dd/ffffff'),
('790', 11, 1, 13, 14, 14, '$2.18 ', 'http://dummyimage.com/167x169.jpg/5fa2dd/ffffff'),
('791', 14, 2, 11, 13, 58, '$0.00 ', 'http://dummyimage.com/212x126.png/ff4444/ffffff'),
('792', 8, 1, 33, 4, 78, '$6.34 ', 'http://dummyimage.com/193x179.bmp/5fa2dd/ffffff'),
('793', 31, 3, 18, 14, 34, '$4.34 ', 'http://dummyimage.com/129x245.jpg/ff4444/ffffff'),
('794', 40, 3, 56, 15, 75, '$9.66 ', 'http://dummyimage.com/153x229.bmp/cc0000/ffffff'),
('795', 26, 2, 13, 15, 30, '$6.38 ', 'http://dummyimage.com/180x142.bmp/ff4444/ffffff'),
('796', 30, 1, 7, 13, 23, '$8.57 ', 'http://dummyimage.com/220x228.jpg/cc0000/ffffff'),
('797', 14, 1, 49, 6, 37, '$3.07 ', 'http://dummyimage.com/133x242.bmp/ff4444/ffffff'),
('798', 30, 3, 46, 8, 10, '$4.25 ', 'http://dummyimage.com/135x153.jpg/5fa2dd/ffffff'),
('799', 2, 1, 44, 9, 20, '$0.97 ', 'http://dummyimage.com/185x156.bmp/dddddd/000000'),
('8', 4, 1, 14, 12, 51, '$6.11 ', 'http://dummyimage.com/185x162.bmp/cc0000/ffffff'),
('80', 41, 2, 7, 10, 4, '$4.13 ', 'http://dummyimage.com/160x171.png/cc0000/ffffff'),
('800', 24, 1, 63, 8, 1, '$0.04 ', 'http://dummyimage.com/103x229.bmp/cc0000/ffffff'),
('801', 37, 2, 16, 13, 6, '$9.89 ', 'http://dummyimage.com/101x129.png/5fa2dd/ffffff'),
('802', 36, 3, 37, 15, 59, '$6.82 ', 'http://dummyimage.com/160x168.bmp/cc0000/ffffff'),
('803', 11, 1, 25, 17, 40, '$7.74 ', 'http://dummyimage.com/160x177.bmp/5fa2dd/ffffff'),
('804', 28, 1, 59, 11, 11, '$2.23 ', 'http://dummyimage.com/128x180.jpg/cc0000/ffffff'),
('805', 22, 1, 25, 18, 72, '$4.21 ', 'http://dummyimage.com/248x127.jpg/cc0000/ffffff'),
('806', 6, 1, 61, 15, 25, '$6.68 ', 'http://dummyimage.com/217x231.jpg/cc0000/ffffff'),
('807', 19, 3, 21, 1, 58, '$4.16 ', 'http://dummyimage.com/208x174.jpg/cc0000/ffffff'),
('808', 5, 1, 70, 16, 41, '$7.76 ', 'http://dummyimage.com/105x128.jpg/cc0000/ffffff'),
('809', 8, 3, 26, 17, 21, '$2.00 ', 'http://dummyimage.com/130x217.jpg/cc0000/ffffff'),
('81', 22, 2, 1, 3, 70, '$8.67 ', 'http://dummyimage.com/182x138.jpg/cc0000/ffffff'),
('810', 30, 1, 47, 1, 28, '$2.92 ', 'http://dummyimage.com/183x210.png/dddddd/000000'),
('811', 1, 2, 63, 2, 91, '$4.20 ', 'http://dummyimage.com/237x214.bmp/ff4444/ffffff'),
('812', 1, 2, 60, 6, 95, '$2.53 ', 'http://dummyimage.com/228x181.png/5fa2dd/ffffff'),
('813', 1, 2, 10, 6, 82, '$0.55 ', 'http://dummyimage.com/164x188.png/ff4444/ffffff'),
('814', 39, 3, 55, 9, 75, '$5.56 ', 'http://dummyimage.com/222x217.png/dddddd/000000'),
('815', 20, 1, 60, 11, 11, '$7.30 ', 'http://dummyimage.com/148x238.bmp/dddddd/000000'),
('816', 28, 1, 39, 10, 89, '$3.59 ', 'http://dummyimage.com/136x100.jpg/dddddd/000000'),
('817', 32, 2, 34, 7, 35, '$9.42 ', 'http://dummyimage.com/240x152.bmp/5fa2dd/ffffff'),
('818', 16, 2, 70, 15, 41, '$4.32 ', 'http://dummyimage.com/195x104.jpg/dddddd/000000'),
('819', 38, 1, 60, 7, 12, '$1.17 ', 'http://dummyimage.com/217x209.bmp/dddddd/000000'),
('82', 25, 1, 34, 10, 1, '$3.25 ', 'http://dummyimage.com/204x118.png/dddddd/000000'),
('820', 25, 1, 21, 14, 89, '$0.61 ', 'http://dummyimage.com/237x175.png/dddddd/000000'),
('821', 1, 2, 63, 16, 31, '$7.08 ', 'http://dummyimage.com/197x217.png/5fa2dd/ffffff'),
('822', 23, 3, 20, 10, 54, '$1.86 ', 'http://dummyimage.com/240x182.bmp/dddddd/000000'),
('823', 24, 1, 66, 7, 87, '$3.11 ', 'http://dummyimage.com/176x150.bmp/cc0000/ffffff'),
('824', 2, 2, 7, 4, 63, '$4.84 ', 'http://dummyimage.com/102x161.bmp/ff4444/ffffff'),
('825', 7, 2, 5, 5, 9, '$9.61 ', 'http://dummyimage.com/201x223.jpg/cc0000/ffffff'),
('826', 2, 1, 48, 6, 83, '$8.61 ', 'http://dummyimage.com/102x202.bmp/ff4444/ffffff'),
('827', 5, 1, 34, 9, 52, '$9.71 ', 'http://dummyimage.com/125x141.jpg/cc0000/ffffff'),
('828', 23, 3, 16, 9, 12, '$0.89 ', 'http://dummyimage.com/212x137.jpg/5fa2dd/ffffff'),
('829', 2, 2, 25, 8, 21, '$6.86 ', 'http://dummyimage.com/180x115.bmp/dddddd/000000'),
('83', 29, 2, 67, 7, 67, '$2.56 ', 'http://dummyimage.com/245x162.jpg/5fa2dd/ffffff'),
('830', 15, 2, 29, 10, 73, '$0.06 ', 'http://dummyimage.com/227x178.png/cc0000/ffffff'),
('831', 7, 2, 58, 14, 36, '$4.37 ', 'http://dummyimage.com/159x151.png/dddddd/000000'),
('832', 9, 3, 4, 15, 62, '$2.38 ', 'http://dummyimage.com/107x226.jpg/dddddd/000000'),
('833', 37, 1, 61, 16, 43, '$5.57 ', 'http://dummyimage.com/227x150.bmp/5fa2dd/ffffff'),
('834', 45, 2, 46, 9, 20, '$6.64 ', 'http://dummyimage.com/141x227.jpg/dddddd/000000'),
('835', 36, 2, 6, 17, 26, '$5.40 ', 'http://dummyimage.com/124x122.bmp/ff4444/ffffff'),
('836', 32, 2, 2, 14, 56, '$1.35 ', 'http://dummyimage.com/186x223.jpg/cc0000/ffffff'),
('837', 26, 2, 15, 15, 79, '$6.94 ', 'http://dummyimage.com/248x244.bmp/dddddd/000000'),
('838', 25, 1, 9, 17, 49, '$0.69 ', 'http://dummyimage.com/118x127.bmp/5fa2dd/ffffff'),
('839', 27, 2, 4, 2, 62, '$2.80 ', 'http://dummyimage.com/179x158.jpg/5fa2dd/ffffff'),
('84', 24, 1, 50, 14, 28, '$7.64 ', 'http://dummyimage.com/216x115.bmp/cc0000/ffffff'),
('840', 9, 3, 22, 7, 21, '$5.19 ', 'http://dummyimage.com/116x120.jpg/cc0000/ffffff'),
('841', 14, 3, 39, 4, 88, '$3.01 ', 'http://dummyimage.com/122x180.jpg/5fa2dd/ffffff'),
('842', 18, 1, 21, 12, 22, '$7.65 ', 'http://dummyimage.com/117x113.png/5fa2dd/ffffff'),
('843', 25, 2, 67, 18, 85, '$4.44 ', 'http://dummyimage.com/245x143.jpg/cc0000/ffffff'),
('844', 40, 1, 37, 1, 37, '$2.48 ', 'http://dummyimage.com/150x146.jpg/cc0000/ffffff'),
('845', 30, 3, 4, 1, 91, '$2.31 ', 'http://dummyimage.com/123x201.jpg/cc0000/ffffff'),
('846', 28, 3, 64, 9, 41, '$4.40 ', 'http://dummyimage.com/141x159.jpg/dddddd/000000'),
('847', 41, 1, 36, 3, 15, '$8.99 ', 'http://dummyimage.com/107x222.png/cc0000/ffffff'),
('848', 35, 2, 10, 7, 77, '$9.91 ', 'http://dummyimage.com/173x191.png/dddddd/000000'),
('849', 3, 2, 66, 9, 27, '$4.59 ', 'http://dummyimage.com/240x143.png/dddddd/000000'),
('85', 45, 1, 27, 11, 80, '$9.93 ', 'http://dummyimage.com/195x202.bmp/5fa2dd/ffffff'),
('850', 44, 1, 58, 2, 18, '$8.21 ', 'http://dummyimage.com/235x133.png/dddddd/000000'),
('851', 11, 3, 55, 9, 62, '$2.30 ', 'http://dummyimage.com/242x167.jpg/ff4444/ffffff'),
('852', 38, 2, 31, 12, 37, '$0.28 ', 'http://dummyimage.com/219x162.bmp/5fa2dd/ffffff'),
('853', 26, 1, 8, 8, 10, '$6.78 ', 'http://dummyimage.com/107x105.png/ff4444/ffffff'),
('854', 27, 3, 47, 7, 42, '$2.72 ', 'http://dummyimage.com/183x154.png/5fa2dd/ffffff'),
('855', 43, 1, 37, 18, 89, '$8.98 ', 'http://dummyimage.com/137x230.png/dddddd/000000'),
('856', 39, 3, 46, 12, 70, '$2.66 ', 'http://dummyimage.com/231x140.png/dddddd/000000'),
('857', 7, 1, 16, 13, 74, '$9.92 ', 'http://dummyimage.com/101x109.jpg/ff4444/ffffff'),
('858', 24, 3, 40, 13, 59, '$5.96 ', 'http://dummyimage.com/163x232.png/dddddd/000000'),
('859', 12, 1, 1, 13, 25, '$6.84 ', 'http://dummyimage.com/158x141.png/5fa2dd/ffffff'),
('86', 21, 1, 70, 5, 73, '$8.42 ', 'http://dummyimage.com/213x154.bmp/dddddd/000000'),
('860', 44, 3, 3, 5, 74, '$1.50 ', 'http://dummyimage.com/137x247.jpg/ff4444/ffffff'),
('861', 8, 2, 40, 13, 19, '$5.41 ', 'http://dummyimage.com/243x165.png/cc0000/ffffff'),
('862', 24, 3, 3, 2, 76, '$6.84 ', 'http://dummyimage.com/117x184.png/5fa2dd/ffffff'),
('863', 36, 3, 6, 7, 85, '$5.26 ', 'http://dummyimage.com/136x188.jpg/5fa2dd/ffffff'),
('864', 31, 3, 70, 9, 73, '$9.17 ', 'http://dummyimage.com/193x115.bmp/dddddd/000000'),
('865', 37, 3, 42, 13, 13, '$3.34 ', 'http://dummyimage.com/224x165.bmp/5fa2dd/ffffff'),
('866', 42, 1, 24, 7, 29, '$5.35 ', 'http://dummyimage.com/184x181.jpg/5fa2dd/ffffff'),
('867', 4, 2, 14, 9, 96, '$7.02 ', 'http://dummyimage.com/237x164.png/dddddd/000000'),
('868', 28, 2, 25, 8, 90, '$5.62 ', 'http://dummyimage.com/180x137.jpg/cc0000/ffffff'),
('869', 36, 3, 36, 17, 28, '$4.62 ', 'http://dummyimage.com/225x224.png/5fa2dd/ffffff'),
('87', 32, 2, 50, 8, 62, '$7.93 ', 'http://dummyimage.com/197x225.png/ff4444/ffffff'),
('870', 19, 1, 5, 2, 82, '$7.58 ', 'http://dummyimage.com/134x154.jpg/5fa2dd/ffffff'),
('871', 33, 3, 57, 2, 35, '$2.36 ', 'http://dummyimage.com/247x156.bmp/cc0000/ffffff'),
('872', 24, 1, 63, 9, 11, '$1.58 ', 'http://dummyimage.com/108x231.jpg/5fa2dd/ffffff'),
('873', 7, 2, 1, 1, 26, '$3.05 ', 'http://dummyimage.com/168x124.png/cc0000/ffffff'),
('874', 17, 3, 10, 16, 69, '$6.94 ', 'http://dummyimage.com/240x150.jpg/ff4444/ffffff'),
('875', 42, 2, 15, 18, 41, '$9.01 ', 'http://dummyimage.com/202x126.jpg/5fa2dd/ffffff'),
('876', 37, 2, 41, 3, 27, '$5.45 ', 'http://dummyimage.com/181x142.bmp/cc0000/ffffff'),
('877', 21, 1, 32, 12, 32, '$1.03 ', 'http://dummyimage.com/202x115.jpg/dddddd/000000'),
('878', 16, 2, 22, 12, 36, '$8.93 ', 'http://dummyimage.com/246x115.png/5fa2dd/ffffff'),
('879', 19, 3, 51, 10, 30, '$9.10 ', 'http://dummyimage.com/136x158.jpg/cc0000/ffffff'),
('88', 19, 1, 1, 13, 9, '$1.78 ', 'http://dummyimage.com/114x196.bmp/dddddd/000000'),
('880', 11, 1, 5, 12, 23, '$8.13 ', 'http://dummyimage.com/204x250.png/5fa2dd/ffffff'),
('881', 43, 2, 62, 15, 91, '$4.27 ', 'http://dummyimage.com/108x106.png/5fa2dd/ffffff'),
('882', 41, 2, 42, 7, 70, '$6.24 ', 'http://dummyimage.com/200x156.png/dddddd/000000'),
('883', 35, 3, 50, 6, 29, '$6.41 ', 'http://dummyimage.com/153x248.png/cc0000/ffffff'),
('884', 46, 1, 30, 10, 9, '$8.74 ', 'http://dummyimage.com/109x184.png/ff4444/ffffff'),
('885', 42, 1, 32, 8, 8, '$6.07 ', 'http://dummyimage.com/132x151.jpg/dddddd/000000'),
('886', 5, 1, 62, 11, 12, '$0.96 ', 'http://dummyimage.com/171x132.jpg/5fa2dd/ffffff'),
('887', 5, 2, 24, 16, 51, '$6.78 ', 'http://dummyimage.com/200x127.png/cc0000/ffffff'),
('888', 9, 2, 36, 3, 71, '$8.15 ', 'http://dummyimage.com/237x116.jpg/ff4444/ffffff'),
('889', 20, 1, 49, 1, 4, '$3.59 ', 'http://dummyimage.com/170x195.jpg/5fa2dd/ffffff'),
('89', 46, 3, 22, 5, 76, '$5.97 ', 'http://dummyimage.com/218x174.png/ff4444/ffffff'),
('890', 5, 1, 40, 8, 44, '$2.57 ', 'http://dummyimage.com/142x181.png/5fa2dd/ffffff'),
('891', 1, 3, 9, 11, 96, '$6.42 ', 'http://dummyimage.com/238x169.png/5fa2dd/ffffff'),
('892', 29, 2, 9, 6, 95, '$1.15 ', 'http://dummyimage.com/232x138.bmp/dddddd/000000'),
('893', 31, 1, 40, 7, 14, '$1.74 ', 'http://dummyimage.com/175x162.bmp/5fa2dd/ffffff'),
('894', 35, 1, 46, 4, 83, '$2.35 ', 'http://dummyimage.com/183x193.png/cc0000/ffffff'),
('895', 27, 1, 14, 17, 93, '$4.10 ', 'http://dummyimage.com/150x174.bmp/5fa2dd/ffffff'),
('896', 20, 1, 70, 12, 14, '$3.67 ', 'http://dummyimage.com/122x243.jpg/5fa2dd/ffffff'),
('897', 22, 1, 1, 11, 11, '$2.31 ', 'http://dummyimage.com/194x222.bmp/dddddd/000000'),
('898', 19, 1, 25, 12, 25, '$4.37 ', 'http://dummyimage.com/195x112.png/cc0000/ffffff'),
('899', 46, 2, 1, 18, 64, '$3.10 ', 'http://dummyimage.com/213x183.png/cc0000/ffffff'),
('9', 26, 3, 55, 18, 15, '$5.32 ', 'http://dummyimage.com/159x135.png/cc0000/ffffff'),
('90', 39, 1, 44, 1, 74, '$2.36 ', 'http://dummyimage.com/229x183.jpg/dddddd/000000'),
('900', 46, 3, 70, 11, 96, '$9.58 ', 'http://dummyimage.com/164x195.png/ff4444/ffffff'),
('901', 35, 2, 38, 3, 1, '$1.73 ', 'http://dummyimage.com/151x210.jpg/5fa2dd/ffffff'),
('902', 45, 3, 43, 3, 42, '$3.33 ', 'http://dummyimage.com/150x130.jpg/dddddd/000000'),
('903', 10, 2, 56, 8, 81, '$1.31 ', 'http://dummyimage.com/223x135.bmp/dddddd/000000'),
('904', 24, 3, 66, 11, 80, '$3.73 ', 'http://dummyimage.com/216x181.jpg/ff4444/ffffff'),
('905', 22, 1, 25, 7, 84, '$5.12 ', 'http://dummyimage.com/158x247.bmp/ff4444/ffffff'),
('906', 34, 2, 37, 7, 54, '$1.35 ', 'http://dummyimage.com/131x151.png/5fa2dd/ffffff'),
('907', 15, 2, 48, 14, 6, '$0.62 ', 'http://dummyimage.com/210x237.bmp/5fa2dd/ffffff'),
('908', 25, 1, 56, 10, 39, '$6.51 ', 'http://dummyimage.com/171x163.bmp/cc0000/ffffff'),
('909', 35, 1, 45, 8, 39, '$5.34 ', 'http://dummyimage.com/212x136.jpg/cc0000/ffffff'),
('91', 27, 3, 7, 7, 88, '$0.04 ', 'http://dummyimage.com/117x171.jpg/dddddd/000000'),
('910', 24, 2, 63, 7, 30, '$8.68 ', 'http://dummyimage.com/107x246.png/cc0000/ffffff'),
('911', 17, 2, 63, 12, 82, '$8.70 ', 'http://dummyimage.com/134x148.jpg/ff4444/ffffff'),
('912', 41, 2, 1, 11, 24, '$9.96 ', 'http://dummyimage.com/116x179.bmp/dddddd/000000'),
('913', 32, 2, 13, 13, 22, '$1.94 ', 'http://dummyimage.com/105x119.bmp/cc0000/ffffff'),
('914', 25, 3, 33, 12, 84, '$0.34 ', 'http://dummyimage.com/152x150.png/ff4444/ffffff'),
('915', 14, 3, 4, 10, 2, '$1.93 ', 'http://dummyimage.com/230x238.bmp/dddddd/000000'),
('916', 3, 3, 65, 8, 30, '$7.02 ', 'http://dummyimage.com/171x227.bmp/dddddd/000000'),
('917', 26, 3, 50, 16, 77, '$8.14 ', 'http://dummyimage.com/236x112.jpg/cc0000/ffffff'),
('918', 26, 1, 3, 1, 69, '$6.77 ', 'http://dummyimage.com/240x161.bmp/ff4444/ffffff'),
('919', 29, 3, 53, 13, 54, '$0.68 ', 'http://dummyimage.com/143x202.png/ff4444/ffffff'),
('92', 35, 1, 20, 8, 33, '$4.41 ', 'http://dummyimage.com/133x244.png/ff4444/ffffff'),
('920', 1, 3, 7, 14, 14, '$6.00 ', 'http://dummyimage.com/197x181.jpg/dddddd/000000'),
('921', 13, 2, 41, 14, 39, '$3.40 ', 'http://dummyimage.com/117x198.jpg/5fa2dd/ffffff'),
('922', 26, 1, 1, 8, 22, '$8.20 ', 'http://dummyimage.com/114x211.jpg/5fa2dd/ffffff'),
('923', 27, 1, 24, 3, 52, '$4.71 ', 'http://dummyimage.com/220x100.png/ff4444/ffffff'),
('924', 26, 2, 3, 18, 1, '$0.58 ', 'http://dummyimage.com/101x191.jpg/cc0000/ffffff'),
('925', 39, 1, 41, 17, 73, '$7.23 ', 'http://dummyimage.com/185x116.jpg/cc0000/ffffff'),
('926', 31, 3, 19, 14, 31, '$8.19 ', 'http://dummyimage.com/136x182.png/dddddd/000000'),
('927', 21, 3, 28, 1, 94, '$9.88 ', 'http://dummyimage.com/201x119.png/cc0000/ffffff'),
('928', 1, 2, 47, 10, 5, '$1.50 ', 'http://dummyimage.com/193x241.png/dddddd/000000'),
('929', 31, 2, 3, 14, 51, '$10.00 ', 'http://dummyimage.com/151x246.jpg/dddddd/000000'),
('93', 25, 2, 8, 9, 92, '$8.30 ', 'http://dummyimage.com/145x186.png/ff4444/ffffff'),
('930', 19, 3, 46, 4, 55, '$4.57 ', 'http://dummyimage.com/199x125.png/ff4444/ffffff'),
('931', 36, 3, 5, 18, 43, '$4.85 ', 'http://dummyimage.com/225x224.bmp/dddddd/000000'),
('932', 32, 1, 66, 6, 72, '$2.86 ', 'http://dummyimage.com/141x179.bmp/ff4444/ffffff'),
('933', 31, 2, 20, 14, 60, '$1.19 ', 'http://dummyimage.com/117x200.png/5fa2dd/ffffff'),
('934', 34, 1, 39, 6, 24, '$1.22 ', 'http://dummyimage.com/124x232.bmp/ff4444/ffffff'),
('935', 22, 1, 30, 4, 65, '$1.97 ', 'http://dummyimage.com/190x217.jpg/cc0000/ffffff'),
('936', 34, 3, 58, 3, 93, '$8.27 ', 'http://dummyimage.com/132x174.jpg/dddddd/000000'),
('937', 40, 1, 2, 15, 58, '$1.67 ', 'http://dummyimage.com/185x102.png/cc0000/ffffff'),
('938', 19, 1, 16, 4, 21, '$4.87 ', 'http://dummyimage.com/143x214.bmp/ff4444/ffffff'),
('939', 31, 3, 42, 14, 46, '$8.06 ', 'http://dummyimage.com/121x138.png/cc0000/ffffff'),
('94', 4, 3, 43, 16, 39, '$6.55 ', 'http://dummyimage.com/120x247.bmp/ff4444/ffffff'),
('940', 10, 1, 58, 1, 13, '$1.16 ', 'http://dummyimage.com/234x248.png/ff4444/ffffff'),
('941', 7, 3, 49, 7, 83, '$9.84 ', 'http://dummyimage.com/180x177.png/dddddd/000000'),
('942', 31, 1, 32, 15, 33, '$9.22 ', 'http://dummyimage.com/218x212.jpg/dddddd/000000'),
('943', 21, 2, 6, 10, 29, '$2.33 ', 'http://dummyimage.com/236x117.jpg/dddddd/000000'),
('944', 28, 1, 60, 16, 27, '$1.02 ', 'http://dummyimage.com/174x147.bmp/ff4444/ffffff'),
('945', 44, 2, 56, 18, 56, '$1.52 ', 'http://dummyimage.com/238x151.jpg/cc0000/ffffff'),
('946', 30, 2, 37, 8, 5, '$6.21 ', 'http://dummyimage.com/243x210.jpg/dddddd/000000'),
('947', 30, 2, 49, 4, 78, '$3.43 ', 'http://dummyimage.com/112x210.bmp/ff4444/ffffff'),
('95', 13, 2, 4, 6, 62, '$0.58 ', 'http://dummyimage.com/219x184.jpg/ff4444/ffffff'),
('96', 29, 3, 22, 14, 5, '$5.26 ', 'http://dummyimage.com/177x247.jpg/ff4444/ffffff'),
('97', 26, 3, 65, 15, 16, '$6.78 ', 'http://dummyimage.com/115x190.png/ff4444/ffffff'),
('98', 46, 1, 6, 7, 33, '$1.14 ', 'http://dummyimage.com/198x168.jpg/5fa2dd/ffffff'),
('99', 8, 2, 19, 17, 93, '$3.79 ', 'http://dummyimage.com/125x176.jpg/ff4444/ffffff');

-- --------------------------------------------------------

--
-- Table structure for table `item_temp_tbl`
--

CREATE TABLE `item_temp_tbl` (
  `ItemTempID` int(11) NOT NULL,
  `ItemID` varchar(50) NOT NULL,
  `TempID` int(11) NOT NULL
) ENGINE=InnoDB DEFAULT CHARSET=utf8;

--
-- Dumping data for table `item_temp_tbl`
--

INSERT INTO `item_temp_tbl` (`ItemTempID`, `ItemID`, `TempID`) VALUES
(1, '306', 4),
(2, '28', 2),
(3, '442', 1),
(4, '185', 2),
(5, '489', 2),
(6, '117', 2),
(7, '5', 4),
(8, '349', 3),
(9, '334', 3),
(10, '124', 1),
(11, '310', 3),
(12, '335', 1),
(13, '94', 3),
(14, '79', 3),
(15, '228', 1),
(16, '44', 4),
(17, '178', 2),
(18, '382', 3),
(19, '395', 1),
(20, '213', 2),
(21, '316', 2),
(22, '365', 3),
(23, '222', 2),
(24, '299', 2),
(25, '288', 2),
(26, '145', 1),
(27, '118', 1),
(28, '378', 4),
(29, '182', 2),
(30, '456', 3),
(31, '229', 1),
(32, '68', 2),
(33, '431', 2),
(34, '406', 2),
(35, '96', 3),
(36, '202', 2),
(37, '181', 2),
(38, '117', 4),
(39, '169', 1),
(40, '34', 3),
(41, '81', 2),
(42, '95', 1),
(43, '72', 3),
(44, '469', 1),
(45, '430', 4),
(46, '488', 1),
(47, '57', 4),
(48, '384', 2),
(49, '466', 1),
(50, '498', 4),
(51, '80', 4),
(52, '185', 4),
(53, '229', 4),
(54, '372', 4),
(55, '367', 2),
(56, '413', 3),
(57, '378', 3),
(58, '342', 2),
(59, '381', 2),
(60, '370', 3),
(61, '7', 2),
(62, '454', 2),
(63, '365', 1),
(64, '116', 1),
(65, '114', 3),
(66, '468', 3),
(67, '270', 4),
(68, '183', 3),
(69, '108', 2),
(70, '30', 1),
(71, '420', 2),
(72, '243', 3),
(73, '233', 1),
(74, '122', 4),
(75, '8', 2),
(76, '285', 3),
(77, '252', 3),
(78, '29', 4),
(79, '343', 1),
(80, '263', 4),
(81, '165', 1),
(82, '112', 1),
(83, '434', 1),
(84, '331', 4),
(85, '108', 4),
(86, '215', 1),
(87, '400', 2),
(88, '360', 4),
(89, '387', 3),
(90, '102', 2),
(91, '252', 2),
(92, '64', 2),
(93, '152', 1),
(94, '430', 4),
(95, '121', 2),
(96, '271', 1),
(97, '67', 2),
(98, '125', 3),
(99, '481', 3),
(100, '228', 2),
(101, '456', 1),
(102, '274', 3),
(103, '123', 4),
(104, '127', 3),
(105, '433', 4),
(106, '432', 4),
(107, '41', 2),
(108, '283', 4),
(109, '43', 2),
(110, '142', 4),
(111, '398', 3),
(112, '148', 1),
(113, '9', 1),
(114, '50', 1),
(115, '420', 3),
(116, '28', 4),
(117, '224', 4),
(118, '165', 2),
(119, '20', 3),
(120, '398', 1),
(121, '247', 3),
(122, '353', 1),
(123, '255', 3),
(124, '155', 3),
(125, '190', 4),
(126, '303', 2),
(127, '204', 2),
(128, '175', 4),
(129, '488', 1),
(130, '151', 1),
(131, '83', 3),
(132, '182', 2),
(133, '359', 3),
(134, '451', 1),
(135, '322', 1),
(136, '108', 4),
(137, '86', 1),
(138, '19', 1),
(139, '26', 1),
(140, '89', 3),
(141, '421', 3),
(142, '137', 3),
(143, '201', 4),
(144, '133', 1),
(145, '196', 4),
(146, '136', 2),
(147, '261', 2),
(148, '446', 4),
(149, '334', 2),
(150, '267', 3),
(151, '241', 3),
(152, '409', 2),
(153, '424', 2),
(154, '441', 1),
(155, '218', 4),
(156, '436', 4),
(157, '104', 2),
(158, '308', 4),
(159, '444', 3),
(160, '96', 1),
(161, '477', 2),
(162, '120', 4),
(163, '311', 1),
(164, '39', 3),
(165, '238', 4),
(166, '468', 2),
(167, '303', 3),
(168, '50', 2),
(169, '202', 3),
(170, '316', 1),
(171, '86', 4),
(172, '403', 1),
(173, '146', 3),
(174, '277', 3),
(175, '227', 2),
(176, '100', 3),
(177, '4', 1),
(178, '28', 1),
(179, '228', 4),
(180, '421', 2),
(181, '141', 1),
(182, '260', 2),
(183, '370', 1),
(184, '352', 3),
(185, '297', 4),
(186, '282', 3),
(187, '107', 3),
(188, '238', 2),
(189, '294', 3),
(190, '90', 2),
(191, '2', 2),
(192, '44', 1),
(193, '334', 4),
(194, '264', 2),
(195, '63', 3),
(196, '314', 1),
(197, '282', 4),
(198, '221', 3),
(199, '312', 1),
(200, '425', 3),
(201, '494', 2),
(202, '332', 3),
(203, '285', 2),
(204, '201', 1),
(205, '477', 1),
(206, '188', 1),
(207, '82', 1),
(208, '368', 4),
(209, '262', 2),
(210, '415', 1),
(211, '361', 2),
(212, '48', 1),
(213, '238', 1),
(214, '17', 3),
(215, '204', 4),
(216, '417', 1),
(217, '23', 3),
(218, '44', 2),
(219, '2', 3),
(220, '94', 4),
(221, '104', 2),
(222, '310', 2),
(223, '328', 3),
(224, '116', 1),
(225, '135', 3),
(226, '500', 3),
(227, '28', 4),
(228, '58', 4),
(229, '159', 3),
(230, '174', 1),
(231, '118', 2),
(232, '395', 4),
(233, '331', 2),
(234, '224', 2),
(235, '51', 2),
(236, '151', 3),
(237, '37', 3),
(238, '321', 3),
(239, '225', 4),
(240, '447', 3),
(241, '293', 3),
(242, '237', 3),
(243, '449', 3),
(244, '158', 3),
(245, '485', 4),
(246, '38', 4),
(247, '254', 1),
(248, '193', 4),
(249, '167', 4),
(250, '242', 2),
(251, '474', 4),
(252, '139', 2),
(253, '323', 3),
(254, '445', 3),
(255, '109', 1),
(256, '341', 3),
(257, '327', 2),
(258, '294', 4),
(259, '341', 4),
(260, '341', 2),
(261, '203', 4),
(262, '122', 4),
(263, '489', 4),
(264, '203', 3),
(265, '383', 1),
(266, '498', 2),
(267, '397', 2),
(268, '17', 3),
(269, '251', 4),
(270, '450', 3),
(271, '29', 2),
(272, '488', 2),
(273, '401', 2),
(274, '171', 1),
(275, '295', 4),
(276, '132', 2),
(277, '339', 4),
(278, '73', 2),
(279, '139', 4),
(280, '402', 2),
(281, '352', 3),
(282, '190', 1),
(283, '423', 3),
(284, '490', 3),
(285, '277', 3),
(286, '18', 4),
(287, '368', 2),
(288, '371', 3),
(289, '357', 2),
(290, '244', 4),
(291, '35', 3),
(292, '351', 2),
(293, '161', 3),
(294, '120', 4),
(295, '402', 1),
(296, '299', 3),
(297, '146', 1),
(298, '437', 1),
(299, '174', 4),
(300, '116', 1),
(301, '188', 3),
(302, '448', 3),
(303, '54', 1),
(304, '386', 3),
(305, '97', 1),
(306, '99', 2),
(307, '237', 1),
(308, '121', 4),
(309, '160', 2),
(310, '188', 3),
(311, '315', 1),
(312, '167', 1),
(313, '447', 1),
(314, '418', 3),
(315, '421', 3),
(316, '236', 3),
(317, '17', 2),
(318, '92', 2),
(319, '235', 2),
(320, '496', 1),
(321, '330', 1),
(322, '224', 1),
(323, '199', 4),
(324, '277', 1),
(325, '217', 4),
(326, '279', 3),
(327, '17', 1),
(328, '359', 1),
(329, '68', 2),
(330, '233', 1),
(331, '352', 2),
(332, '10', 4),
(333, '248', 1),
(334, '477', 1),
(335, '461', 2),
(336, '169', 4),
(337, '384', 3),
(338, '311', 1),
(339, '198', 1),
(340, '441', 4),
(341, '57', 2),
(342, '465', 1),
(343, '72', 2),
(344, '500', 2),
(345, '89', 4),
(346, '425', 2),
(347, '170', 1),
(348, '5', 1),
(349, '187', 2),
(350, '332', 1),
(351, '330', 4),
(352, '101', 2),
(353, '124', 3),
(354, '465', 2),
(355, '281', 3),
(356, '221', 3),
(357, '290', 4),
(358, '427', 2),
(359, '466', 1),
(360, '106', 1),
(361, '328', 4),
(362, '236', 2),
(363, '490', 2),
(364, '101', 2),
(365, '220', 2),
(366, '127', 4),
(367, '224', 4),
(368, '139', 4),
(369, '106', 2),
(370, '423', 4),
(371, '132', 4),
(372, '113', 1),
(373, '382', 2),
(374, '223', 3),
(375, '226', 1),
(376, '365', 2),
(377, '95', 4),
(378, '178', 1),
(379, '48', 1),
(380, '172', 3),
(381, '96', 3),
(382, '271', 2),
(383, '58', 2),
(384, '121', 1),
(385, '348', 2),
(386, '400', 1),
(387, '192', 2),
(388, '475', 1),
(389, '265', 1),
(390, '201', 2),
(391, '407', 3),
(392, '315', 1),
(393, '251', 3),
(394, '424', 2),
(395, '164', 2),
(396, '328', 1),
(397, '148', 4),
(398, '150', 2),
(399, '432', 4),
(400, '359', 1),
(401, '95', 4),
(402, '129', 1),
(403, '144', 4),
(404, '164', 2),
(405, '377', 1),
(406, '59', 3),
(407, '329', 4),
(408, '210', 1),
(409, '43', 4),
(410, '363', 1),
(411, '250', 2),
(412, '129', 1),
(413, '224', 2),
(414, '469', 3),
(415, '249', 2),
(416, '473', 1),
(417, '64', 3),
(418, '11', 1),
(419, '45', 3),
(420, '11', 1),
(421, '90', 1),
(422, '293', 3),
(423, '498', 1),
(424, '181', 2),
(425, '429', 1),
(426, '51', 1),
(427, '386', 4),
(428, '362', 1),
(429, '11', 1),
(430, '448', 4),
(431, '132', 2),
(432, '80', 2),
(433, '101', 1),
(434, '97', 1),
(435, '87', 1),
(436, '381', 2),
(437, '58', 2),
(438, '240', 1),
(439, '51', 4),
(440, '93', 3),
(441, '54', 3),
(442, '498', 3),
(443, '348', 3),
(444, '180', 3),
(445, '90', 2),
(446, '204', 1),
(447, '434', 2),
(448, '217', 4),
(449, '136', 2),
(450, '56', 1),
(451, '359', 4),
(452, '294', 1),
(453, '273', 4),
(454, '116', 4),
(455, '129', 2),
(456, '499', 4),
(457, '194', 1),
(458, '63', 3),
(459, '380', 4),
(460, '173', 1),
(461, '422', 1),
(462, '37', 3),
(463, '200', 1),
(464, '360', 4),
(465, '391', 4),
(466, '489', 1),
(467, '430', 3),
(468, '204', 1),
(469, '120', 3),
(470, '71', 1),
(471, '415', 3),
(472, '8', 2),
(473, '393', 4),
(474, '105', 4),
(475, '169', 1),
(476, '310', 3),
(477, '232', 2),
(478, '251', 4),
(479, '211', 3),
(480, '392', 1),
(481, '391', 3),
(482, '409', 3),
(483, '48', 4),
(484, '468', 3),
(485, '362', 4),
(486, '226', 2),
(487, '25', 1),
(488, '99', 1),
(489, '485', 1),
(490, '252', 4),
(491, '260', 2),
(492, '435', 3),
(493, '39', 1),
(494, '363', 3),
(495, '71', 1),
(496, '8', 3),
(497, '433', 2),
(498, '253', 1),
(499, '5', 2),
(500, '19', 3),
(501, '444', 2),
(502, '484', 1),
(503, '92', 3),
(504, '366', 4),
(505, '84', 3),
(506, '319', 1),
(507, '43', 1),
(508, '470', 3),
(509, '318', 1),
(510, '433', 1),
(511, '173', 2),
(512, '413', 3),
(513, '143', 3),
(514, '65', 2),
(515, '219', 4),
(516, '168', 1),
(517, '470', 3),
(518, '343', 2),
(519, '412', 2),
(520, '14', 4),
(521, '457', 1),
(522, '98', 1),
(523, '60', 1),
(524, '67', 3),
(525, '476', 1),
(526, '440', 3),
(527, '266', 4),
(528, '178', 1),
(529, '136', 2),
(530, '210', 3),
(531, '2', 3),
(532, '296', 3),
(533, '446', 1),
(534, '308', 1),
(535, '389', 3),
(536, '414', 1),
(537, '190', 4),
(538, '253', 4),
(539, '395', 1),
(540, '164', 1),
(541, '245', 4),
(542, '277', 1),
(543, '20', 4),
(544, '80', 1),
(545, '64', 3),
(546, '428', 3),
(547, '115', 1),
(548, '319', 4),
(549, '275', 4),
(550, '332', 1),
(551, '186', 1),
(552, '188', 1),
(553, '140', 1),
(554, '458', 1),
(555, '389', 4),
(556, '155', 2),
(557, '217', 3),
(558, '121', 4),
(559, '69', 3),
(560, '495', 2),
(561, '344', 4),
(562, '280', 2),
(563, '269', 2),
(564, '302', 3),
(565, '122', 4),
(566, '83', 1),
(567, '137', 3),
(568, '271', 4),
(569, '285', 1),
(570, '363', 3),
(571, '322', 4),
(572, '292', 3),
(573, '34', 3),
(574, '203', 4),
(575, '479', 3),
(576, '183', 2),
(577, '341', 2),
(578, '192', 3),
(579, '378', 4),
(580, '287', 4),
(581, '430', 4),
(582, '237', 2),
(583, '500', 2),
(584, '310', 2),
(585, '93', 3),
(586, '166', 1),
(587, '364', 4),
(588, '249', 2),
(589, '259', 3),
(590, '121', 1),
(591, '3', 3),
(592, '152', 3),
(593, '26', 3),
(594, '7', 1),
(595, '220', 2),
(596, '266', 1),
(597, '30', 1),
(598, '55', 2),
(599, '195', 3),
(600, '377', 2),
(601, '492', 1),
(602, '426', 3),
(603, '213', 3),
(604, '223', 1),
(605, '386', 2),
(606, '324', 4),
(607, '49', 1),
(608, '301', 4),
(609, '338', 4),
(610, '162', 3),
(611, '16', 1),
(612, '44', 1),
(613, '226', 3),
(614, '324', 1),
(615, '130', 4),
(616, '245', 4),
(617, '201', 2),
(618, '367', 3),
(619, '294', 4),
(620, '495', 3),
(621, '470', 2),
(622, '121', 1),
(623, '140', 3),
(624, '221', 4),
(625, '18', 1),
(626, '20', 1),
(627, '123', 2),
(628, '17', 2),
(629, '399', 1),
(630, '138', 3),
(631, '316', 2),
(632, '162', 2),
(633, '273', 3),
(634, '426', 3),
(635, '38', 4),
(636, '134', 1),
(637, '254', 2),
(638, '141', 2),
(639, '101', 4),
(640, '93', 4),
(641, '494', 1),
(642, '381', 2),
(643, '413', 3),
(644, '498', 1),
(645, '279', 2),
(646, '154', 4),
(647, '65', 3),
(648, '434', 3),
(649, '35', 2),
(650, '252', 3),
(651, '261', 3),
(652, '272', 2),
(653, '96', 2),
(654, '129', 1),
(655, '150', 4),
(656, '432', 4),
(657, '495', 3),
(658, '38', 2),
(659, '191', 4),
(660, '231', 3),
(661, '94', 3),
(662, '415', 1),
(663, '455', 4),
(664, '387', 2),
(665, '51', 1),
(666, '450', 4),
(667, '191', 2),
(668, '418', 3),
(669, '68', 1),
(670, '209', 4),
(671, '79', 2),
(672, '392', 2),
(673, '174', 2),
(674, '272', 4),
(675, '169', 4),
(676, '492', 4),
(677, '443', 4),
(678, '130', 1),
(679, '394', 2),
(680, '54', 4),
(681, '228', 4),
(682, '385', 4),
(683, '108', 4),
(684, '36', 1),
(685, '129', 4),
(686, '492', 4),
(687, '408', 3),
(688, '484', 2),
(689, '105', 3),
(690, '238', 4),
(691, '78', 3),
(692, '404', 3),
(693, '202', 1),
(694, '250', 1),
(695, '296', 4),
(696, '137', 1),
(697, '243', 3),
(698, '433', 1),
(699, '273', 2),
(700, '244', 3),
(701, '191', 3),
(702, '269', 4),
(703, '400', 4),
(704, '213', 2),
(705, '81', 1),
(706, '318', 3),
(707, '112', 3),
(708, '119', 4),
(709, '199', 3),
(710, '392', 2),
(711, '99', 2),
(712, '132', 1),
(713, '290', 2),
(714, '239', 3),
(715, '311', 4),
(716, '22', 2),
(717, '172', 4),
(718, '279', 1),
(719, '139', 2),
(720, '129', 4),
(721, '156', 2),
(722, '393', 2),
(723, '458', 2),
(724, '416', 4),
(725, '19', 3),
(726, '333', 4),
(727, '396', 3),
(728, '22', 2),
(729, '159', 1),
(730, '415', 1),
(731, '194', 4),
(732, '110', 2),
(733, '148', 1),
(734, '213', 1),
(735, '271', 2),
(736, '416', 2),
(737, '179', 3),
(738, '57', 3),
(739, '242', 4),
(740, '369', 3),
(741, '181', 4),
(742, '472', 3),
(743, '371', 3),
(744, '51', 4),
(745, '277', 2),
(746, '490', 2),
(747, '259', 3),
(748, '168', 2),
(749, '165', 2),
(750, '227', 4),
(751, '244', 2),
(752, '145', 2),
(753, '374', 1),
(754, '414', 4),
(755, '258', 3),
(756, '458', 1),
(757, '347', 2),
(758, '483', 1),
(759, '69', 3),
(760, '478', 3),
(761, '129', 3),
(762, '207', 2),
(763, '243', 3),
(764, '71', 4),
(765, '6', 4),
(766, '430', 3),
(767, '146', 2),
(768, '50', 3),
(769, '229', 4),
(770, '17', 4),
(771, '133', 2),
(772, '166', 2),
(773, '120', 1),
(774, '334', 2),
(775, '94', 1),
(776, '219', 3),
(777, '157', 2),
(778, '355', 1),
(779, '393', 2),
(780, '476', 3),
(781, '250', 3),
(782, '258', 4),
(783, '266', 1),
(784, '33', 2),
(785, '92', 3),
(786, '426', 4),
(787, '295', 3),
(788, '429', 3),
(789, '146', 2),
(790, '397', 4),
(791, '113', 4),
(792, '22', 4),
(793, '317', 4),
(794, '71', 1),
(795, '470', 4),
(796, '431', 4),
(797, '100', 1),
(798, '53', 3),
(799, '475', 4),
(800, '424', 4),
(801, '103', 4),
(802, '29', 3),
(803, '415', 3),
(804, '111', 1),
(805, '38', 2),
(806, '196', 3),
(807, '8', 4),
(808, '137', 1),
(809, '29', 4),
(810, '185', 3),
(811, '423', 2),
(812, '153', 3),
(813, '304', 3),
(814, '285', 4),
(815, '11', 1),
(816, '252', 4),
(817, '226', 3),
(818, '295', 4),
(819, '260', 4),
(820, '426', 3),
(821, '372', 1),
(822, '126', 4),
(823, '428', 3),
(824, '97', 4),
(825, '462', 4),
(826, '318', 3),
(827, '245', 2),
(828, '493', 4),
(829, '31', 3),
(830, '165', 2),
(831, '137', 2),
(832, '202', 1),
(833, '318', 3),
(834, '99', 2),
(835, '432', 2),
(836, '393', 3),
(837, '370', 2),
(838, '7', 1),
(839, '456', 2),
(840, '56', 1),
(841, '387', 1),
(842, '415', 4),
(843, '437', 1),
(844, '332', 2),
(845, '165', 4),
(846, '172', 4),
(847, '472', 3),
(848, '81', 1),
(849, '29', 4),
(850, '321', 2),
(851, '340', 1),
(852, '434', 1),
(853, '126', 2),
(854, '307', 2),
(855, '67', 2),
(856, '324', 4),
(857, '392', 3),
(858, '186', 3),
(859, '123', 3),
(860, '267', 2),
(861, '106', 2),
(862, '464', 4),
(863, '145', 4),
(864, '121', 3),
(865, '193', 2),
(866, '327', 4),
(867, '456', 4),
(868, '352', 2),
(869, '397', 3),
(870, '423', 1),
(871, '201', 1),
(872, '106', 4),
(873, '346', 2),
(874, '431', 1),
(875, '49', 1),
(876, '181', 2),
(877, '356', 2),
(878, '269', 4),
(879, '144', 4),
(880, '227', 4),
(881, '129', 4),
(882, '141', 4),
(883, '144', 4),
(884, '308', 4),
(885, '213', 4),
(886, '177', 3),
(887, '134', 1),
(888, '203', 2),
(889, '412', 4),
(890, '106', 4),
(891, '251', 1),
(892, '381', 3),
(893, '191', 2),
(894, '499', 3),
(895, '309', 2),
(896, '91', 1),
(897, '441', 2),
(898, '41', 4),
(899, '461', 4),
(900, '181', 4),
(901, '205', 1),
(902, '278', 1),
(903, '91', 4),
(904, '14', 1),
(905, '250', 3),
(906, '395', 3),
(907, '399', 3),
(908, '165', 4),
(909, '378', 2),
(910, '39', 2),
(911, '304', 3),
(912, '321', 3),
(913, '235', 2),
(914, '176', 3),
(915, '94', 2),
(916, '488', 2),
(917, '365', 2),
(918, '385', 4),
(919, '97', 3),
(920, '97', 2),
(921, '12', 3),
(922, '249', 3),
(923, '112', 3),
(924, '12', 3),
(925, '300', 1),
(926, '498', 4),
(927, '355', 2),
(928, '460', 1),
(929, '331', 3),
(930, '2', 4),
(931, '450', 1),
(932, '214', 4),
(933, '297', 2),
(934, '261', 1),
(935, '495', 4),
(936, '207', 1),
(937, '297', 3),
(938, '281', 4),
(939, '76', 4),
(940, '103', 2),
(941, '298', 3),
(942, '324', 2),
(943, '377', 1),
(944, '437', 2),
(945, '126', 1),
(946, '92', 4),
(947, '456', 3),
(948, '405', 2),
(949, '397', 4),
(950, '415', 1),
(951, '328', 1),
(952, '464', 2),
(953, '339', 3),
(954, '356', 4),
(955, '389', 2),
(956, '160', 3),
(957, '88', 3),
(958, '415', 4),
(959, '489', 3),
(960, '427', 3),
(961, '186', 1),
(962, '96', 1),
(963, '58', 3),
(964, '157', 1),
(965, '50', 4),
(966, '298', 3),
(967, '297', 4),
(968, '179', 2),
(969, '408', 4),
(970, '21', 2),
(971, '476', 1),
(972, '236', 2),
(973, '140', 1),
(974, '289', 1),
(975, '394', 1),
(976, '491', 3),
(977, '274', 1),
(978, '360', 4),
(979, '391', 3),
(980, '480', 2),
(981, '319', 3),
(982, '257', 2),
(983, '107', 3),
(984, '44', 2),
(985, '471', 4),
(986, '187', 4),
(987, '346', 3),
(988, '436', 1),
(989, '113', 4),
(990, '433', 3),
(991, '449', 4),
(992, '253', 3),
(993, '70', 1),
(994, '124', 3),
(995, '32', 4),
(996, '233', 2),
(997, '238', 2),
(998, '326', 3),
(999, '27', 3),
(1000, '471', 2);

-- --------------------------------------------------------

--
-- Table structure for table `material_tbl`
--

CREATE TABLE `material_tbl` (
  `MaterialID` int(11) NOT NULL,
  `Material` varchar(100) NOT NULL
) ENGINE=InnoDB DEFAULT CHARSET=utf8;

--
-- Dumping data for table `material_tbl`
--

INSERT INTO `material_tbl` (`MaterialID`, `Material`) VALUES
(1, '100% Cotton'),
(2, 'Plaid'),
(3, '95% Acrylic 5% Polyester'),
(4, '100% Cottton'),
(5, '100% PIma Cotton'),
(6, '100% Mercerized Cotton'),
(7, '90% Cotton 10% Cashmere'),
(8, '100% Polyester'),
(9, '100% Cotton Valeur'),
(10, '100%'),
(11, '60% Cotton 40% PES'),
(13, '100% Silk'),
(14, '100% China'),
(15, '96% Cotton 4% Lycra'),
(16, '57% Polyester 43% Cotton'),
(17, '70% Cotton 30% Polyester'),
(18, '80% Wool 20% Polyamide'),
(19, '80% Wool 20% '),
(20, '67% Polyester 33% Cotton'),
(21, '98% Cotton 2% Polyurethane'),
(22, '95/5 Spandex'),
(23, '97% Cotton 3% Polyurethene'),
(24, '95% Cotton 5% Spandex'),
(25, '50% Cotton/50% Polyester'),
(26, '100% Acrylic'),
(27, '80% Nylon 20% Spandex'),
(28, '80% Cotton 20% Polyester'),
(29, '1'),
(30, '75% Cotton 25% Polyester '),
(31, '60% Cotton 40% Polyester'),
(32, '65% Polyester 35% Cotton'),
(33, '55% Cotton 45% Polyester'),
(34, '100% Organic Cotton'),
(36, '99% Cotton 1% Elasthanne'),
(37, '97/3 Elasthanine'),
(38, '100% Polyamide'),
(39, '100% Polamide'),
(40, '55% Wool 45% Cotton'),
(41, '53% Wool 47% Cotton'),
(42, '95% cotton 5% Polyamide '),
(43, '85% Cotton 15% Polyamide'),
(44, '99% Cotton 1% Elasthane'),
(45, '99& Cotton 1% Elasthane'),
(46, '93% Cotton 7% Lycra'),
(47, '94% Cotton 6% Elasthanne Lycra'),
(48, '98% Cotton 2% Elasthanne'),
(49, '100% Cotton Terry'),
(50, '57% Cotton 43% Wool'),
(51, '89% Wool 11% Cashmere'),
(52, '57% Wool 43% Cotton'),
(53, '86% Cotton 6% Viscose 4% Polyamide 4% Polyester'),
(55, '63% Rayon 32% Nylon 5% Elastane'),
(56, '100% Ramie'),
(57, '80/20 Velour'),
(58, '70% Cotton 12% Cashmere 18% Spandex'),
(59, '80% Cotton 20% Polyester '),
(60, 'Ramie'),
(61, '45% Cotton 55% Linen'),
(62, '70/30 Spandex'),
(63, '70% Cotton 30% Spandex'),
(64, '92% Cashmere 8% Cashmere'),
(65, '92% Cotton 8% Cashmere'),
(66, '85% Cotton 15% Cashmere'),
(67, 'Velour 80/20'),
(68, '41% Cotton 32% Linen 27% Polyester'),
(69, '100% Wool'),
(70, '99% Cotton 1% Spandex');

-- --------------------------------------------------------

--
-- Table structure for table `order_product_tbl`
--

CREATE TABLE `order_product_tbl` (
  `OPID` int(11) NOT NULL,
  `OrderID` int(11) NOT NULL,
  `PorductID` int(11) NOT NULL
) ENGINE=InnoDB DEFAULT CHARSET=latin1;

--
-- Dumping data for table `order_product_tbl`
--

INSERT INTO `order_product_tbl` (`OPID`, `OrderID`, `PorductID`) VALUES
(1, 243, 224),
(2, 639, 50),
(3, 187, 173),
(4, 555, 982),
(5, 230, 126),
(6, 842, 526),
(7, 56, 182),
(8, 827, 601),
(9, 706, 543),
(10, 380, 956),
(11, 648, 300),
(12, 300, 665),
(13, 287, 584),
(14, 929, 284),
(15, 36, 198),
(16, 979, 334),
(17, 705, 925),
(18, 702, 836),
(19, 441, 306),
(20, 846, 864),
(21, 406, 471),
(22, 749, 276),
(23, 300, 977),
(24, 868, 123),
(25, 1, 944),
(26, 663, 718),
(27, 388, 3),
(28, 966, 167),
(29, 412, 819),
(30, 793, 519),
(31, 963, 381),
(32, 65, 468),
(33, 333, 220),
(34, 232, 190),
(35, 520, 496),
(36, 715, 2),
(37, 247, 366),
(38, 741, 884),
(39, 431, 753),
(40, 155, 955),
(41, 453, 558),
(42, 316, 236),
(43, 977, 32),
(44, 249, 294),
(45, 484, 922),
(46, 539, 774),
(47, 247, 976),
(48, 437, 644),
(49, 392, 214),
(50, 730, 766),
(51, 996, 794),
(52, 546, 464),
(53, 150, 111),
(54, 513, 32),
(55, 384, 623),
(56, 597, 381),
(57, 249, 270),
(58, 136, 133),
(59, 520, 583),
(60, 368, 259),
(61, 95, 671),
(62, 827, 314),
(63, 394, 163),
(64, 522, 818),
(65, 95, 284),
(66, 506, 983),
(67, 49, 655),
(68, 413, 47),
(69, 587, 900),
(70, 583, 816),
(71, 178, 523),
(72, 641, 378),
(73, 215, 66),
(74, 842, 290),
(75, 561, 195),
(76, 850, 99),
(77, 123, 299),
(78, 491, 487),
(79, 462, 797),
(80, 398, 330),
(81, 33, 207),
(82, 340, 233),
(83, 87, 375),
(84, 856, 976),
(85, 986, 940),
(86, 296, 585),
(87, 123, 111),
(88, 932, 648),
(89, 913, 118),
(90, 825, 566),
(91, 948, 910),
(92, 560, 211),
(93, 37, 510),
(94, 639, 940),
(95, 40, 720),
(96, 877, 556),
(97, 807, 274),
(98, 738, 357),
(99, 331, 506),
(100, 889, 458),
(101, 141, 222),
(102, 422, 150),
(103, 467, 278),
(104, 318, 929),
(105, 216, 160),
(106, 404, 35),
(107, 25, 916),
(108, 923, 916),
(109, 194, 618),
(110, 690, 838),
(111, 110, 140),
(112, 253, 636),
(113, 570, 658),
(114, 994, 913),
(115, 34, 227),
(116, 619, 761),
(117, 860, 206),
(118, 833, 71),
(119, 280, 326),
(120, 925, 456),
(121, 470, 990),
(122, 157, 956),
(123, 438, 258),
(124, 65, 921),
(125, 264, 386),
(126, 893, 1000),
(127, 433, 459),
(128, 616, 639),
(129, 13, 758),
(130, 814, 845),
(131, 88, 573),
(132, 82, 717),
(133, 257, 15),
(134, 926, 335),
(135, 659, 695),
(136, 272, 637),
(137, 447, 49),
(138, 702, 553),
(139, 125, 688),
(140, 612, 10),
(141, 481, 876),
(142, 245, 382),
(143, 399, 440),
(144, 643, 256),
(145, 604, 190),
(146, 240, 928),
(147, 158, 430),
(148, 798, 445),
(149, 296, 294),
(150, 8, 617),
(151, 599, 638),
(152, 520, 29),
(153, 762, 423),
(154, 905, 613),
(155, 850, 237),
(156, 161, 291),
(157, 519, 395),
(158, 55, 41),
(159, 631, 199),
(160, 178, 3),
(161, 247, 850),
(162, 440, 339),
(163, 662, 839),
(164, 52, 495),
(165, 887, 396),
(166, 852, 53),
(167, 264, 613),
(168, 907, 210),
(169, 286, 840),
(170, 731, 486),
(171, 931, 84),
(172, 519, 701),
(173, 57, 997),
(174, 709, 568),
(175, 63, 906),
(176, 458, 476),
(177, 825, 333),
(178, 277, 257),
(179, 767, 956),
(180, 462, 528),
(181, 954, 869),
(182, 345, 10),
(183, 859, 789),
(184, 245, 391),
(185, 930, 687),
(186, 854, 648),
(187, 307, 343),
(188, 899, 571),
(189, 801, 832),
(190, 668, 779),
(191, 386, 193),
(192, 903, 27),
(193, 745, 745),
(194, 719, 226),
(195, 47, 241),
(196, 127, 800),
(197, 424, 71),
(198, 745, 411),
(199, 479, 668),
(200, 643, 605),
(201, 376, 880),
(202, 500, 797),
(203, 518, 251),
(204, 645, 486),
(205, 976, 422),
(206, 469, 143),
(207, 302, 991),
(208, 443, 768),
(209, 878, 148),
(210, 586, 158),
(211, 641, 810),
(212, 754, 215),
(213, 786, 359),
(214, 908, 946),
(215, 659, 980),
(216, 652, 227),
(217, 324, 477),
(218, 513, 169),
(219, 872, 830),
(220, 790, 860),
(221, 622, 44),
(222, 851, 588),
(223, 620, 388),
(224, 580, 793),
(225, 426, 564),
(226, 746, 491),
(227, 772, 340),
(228, 48, 482),
(229, 680, 126),
(230, 592, 915),
(231, 508, 587),
(232, 863, 111),
(233, 15, 498),
(234, 778, 880),
(235, 354, 230),
(236, 947, 686),
(237, 929, 64),
(238, 612, 264),
(239, 659, 603),
(240, 424, 197),
(241, 18, 184),
(242, 642, 650),
(243, 219, 375),
(244, 255, 241),
(245, 88, 504),
(246, 556, 423),
(247, 484, 816),
(248, 358, 320),
(249, 98, 871),
(250, 254, 17),
(251, 839, 967),
(252, 90, 594),
(253, 664, 879),
(254, 137, 507),
(255, 955, 932),
(256, 138, 466),
(257, 56, 366),
(258, 429, 666),
(259, 757, 31),
(260, 907, 631),
(261, 943, 195),
(262, 709, 324),
(263, 510, 81),
(264, 202, 503),
(265, 894, 732),
(266, 347, 419),
(267, 190, 267),
(268, 690, 610),
(269, 571, 527),
(270, 817, 36),
(271, 991, 220),
(272, 237, 215),
(273, 297, 187),
(274, 706, 327),
(275, 646, 611),
(276, 695, 154),
(277, 13, 206),
(278, 501, 600),
(279, 84, 959),
(280, 266, 336),
(281, 39, 999),
(282, 761, 741),
(283, 757, 896),
(284, 322, 189),
(285, 84, 947),
(286, 69, 341),
(287, 8, 388),
(288, 267, 267),
(289, 378, 974),
(290, 335, 602),
(291, 555, 587),
(292, 405, 195),
(293, 67, 489),
(294, 449, 203),
(295, 726, 998),
(296, 421, 813),
(297, 939, 982),
(298, 945, 572),
(299, 960, 155),
(300, 813, 806),
(301, 344, 650),
(302, 596, 568),
(303, 221, 928),
(304, 459, 499),
(305, 585, 734),
(306, 421, 140),
(307, 677, 84),
(308, 512, 63),
(309, 750, 704),
(310, 526, 649),
(311, 130, 615),
(312, 544, 259),
(313, 594, 33),
(314, 930, 597),
(315, 293, 66),
(316, 652, 247),
(317, 604, 492),
(318, 314, 321),
(319, 480, 267),
(320, 369, 563),
(321, 822, 308),
(322, 742, 194),
(323, 22, 853),
(324, 121, 269),
(325, 941, 957),
(326, 660, 717),
(327, 454, 873),
(328, 939, 185),
(329, 132, 391),
(330, 388, 979),
(331, 392, 127),
(332, 473, 372),
(333, 863, 771),
(334, 109, 656),
(335, 273, 860),
(336, 407, 887),
(337, 371, 134),
(338, 850, 861),
(339, 836, 310),
(340, 300, 325),
(341, 813, 998),
(342, 930, 1),
(343, 820, 981),
(344, 604, 591),
(345, 240, 769),
(346, 240, 455),
(347, 671, 53),
(348, 758, 92),
(349, 949, 341),
(350, 804, 738),
(351, 363, 218),
(352, 367, 207),
(353, 302, 683),
(354, 896, 530),
(355, 509, 948),
(356, 810, 441),
(357, 919, 60),
(358, 344, 939),
(359, 778, 307),
(360, 885, 430),
(361, 862, 324),
(362, 613, 275),
(363, 963, 649),
(364, 246, 274),
(365, 290, 109),
(366, 398, 903),
(367, 729, 314),
(368, 494, 787),
(369, 851, 311),
(370, 748, 689),
(371, 769, 120),
(372, 256, 245),
(373, 558, 764),
(374, 402, 597),
(375, 207, 150),
(376, 36, 619),
(377, 108, 232),
(378, 903, 118),
(379, 756, 203),
(380, 28, 244),
(381, 847, 872),
(382, 685, 61),
(383, 263, 5),
(384, 608, 871),
(385, 217, 511),
(386, 500, 205),
(387, 529, 768),
(388, 781, 140),
(389, 314, 601),
(390, 328, 934),
(391, 489, 540),
(392, 298, 814),
(393, 263, 789),
(394, 966, 820),
(395, 610, 616),
(396, 404, 287),
(397, 293, 997),
(398, 464, 476),
(399, 534, 450),
(400, 189, 369),
(401, 724, 975),
(402, 811, 505),
(403, 812, 653),
(404, 252, 77),
(405, 732, 489),
(406, 571, 751),
(407, 197, 787),
(408, 342, 13),
(409, 84, 841),
(410, 664, 608),
(411, 684, 410),
(412, 534, 742),
(413, 495, 716),
(414, 569, 851),
(415, 365, 718),
(416, 60, 820),
(417, 444, 973),
(418, 202, 506),
(419, 608, 549),
(420, 631, 752),
(421, 514, 354),
(422, 772, 275),
(423, 581, 901),
(424, 437, 772),
(425, 943, 983),
(426, 375, 917),
(427, 2, 861),
(428, 220, 691),
(429, 704, 947),
(430, 699, 122),
(431, 954, 333),
(432, 977, 103),
(433, 448, 183),
(434, 978, 952),
(435, 477, 232),
(436, 53, 825),
(437, 233, 214),
(438, 726, 668),
(439, 130, 717),
(440, 162, 26),
(441, 158, 117),
(442, 591, 483),
(443, 32, 446),
(444, 369, 902),
(445, 809, 135),
(446, 253, 915),
(447, 415, 618),
(448, 241, 568),
(449, 145, 596),
(450, 390, 9),
(451, 483, 460),
(452, 411, 164),
(453, 874, 421),
(454, 219, 198),
(455, 703, 214),
(456, 54, 405),
(457, 795, 901),
(458, 954, 908),
(459, 493, 628),
(460, 66, 952),
(461, 328, 752),
(462, 935, 579),
(463, 812, 643),
(464, 777, 3),
(465, 598, 731),
(466, 675, 914),
(467, 785, 794),
(468, 4, 893),
(469, 303, 149),
(470, 207, 549),
(471, 124, 448),
(472, 849, 995),
(473, 557, 154),
(474, 580, 971),
(475, 876, 279),
(476, 830, 495),
(477, 846, 785),
(478, 271, 300),
(479, 85, 521),
(480, 710, 199),
(481, 240, 782),
(482, 297, 618),
(483, 809, 504),
(484, 71, 159),
(485, 909, 77),
(486, 939, 865),
(487, 829, 381),
(488, 976, 906),
(489, 10, 422),
(490, 426, 111),
(491, 219, 156),
(492, 716, 560),
(493, 168, 571),
(494, 15, 829),
(495, 760, 525),
(496, 455, 308),
(497, 97, 122),
(498, 14, 278),
(499, 946, 813),
(500, 746, 508),
(501, 912, 915),
(502, 754, 147),
(503, 180, 964),
(504, 569, 331),
(505, 328, 930),
(506, 780, 848),
(507, 435, 495),
(508, 793, 389),
(509, 231, 340),
(510, 990, 723),
(511, 917, 113),
(512, 404, 458),
(513, 598, 810),
(514, 51, 24),
(515, 706, 340),
(516, 836, 493),
(517, 546, 164),
(518, 103, 818),
(519, 838, 337),
(520, 547, 484),
(521, 289, 174),
(522, 148, 663),
(523, 396, 270),
(524, 172, 659),
(525, 504, 194),
(526, 74, 108),
(527, 339, 538),
(528, 58, 470),
(529, 203, 202),
(530, 654, 750),
(531, 335, 512),
(532, 502, 940),
(533, 178, 894),
(534, 27, 834),
(535, 989, 566),
(536, 868, 186),
(537, 120, 948),
(538, 194, 789),
(539, 694, 36),
(540, 849, 917),
(541, 442, 943),
(542, 4, 800),
(543, 674, 715),
(544, 163, 791),
(545, 513, 70),
(546, 696, 67),
(547, 886, 365),
(548, 533, 300),
(549, 185, 21),
(550, 254, 488),
(551, 145, 261),
(552, 409, 355),
(553, 366, 257),
(554, 583, 876),
(555, 781, 360),
(556, 83, 1000),
(557, 361, 510),
(558, 335, 815),
(559, 153, 747),
(560, 469, 793),
(561, 322, 232),
(562, 310, 146),
(563, 703, 152),
(564, 593, 633),
(565, 370, 760),
(566, 627, 716),
(567, 639, 613),
(568, 73, 911),
(569, 266, 286),
(570, 585, 101),
(571, 986, 880),
(572, 724, 327),
(573, 408, 48),
(574, 91, 796),
(575, 88, 368),
(576, 96, 481),
(577, 302, 376),
(578, 388, 813),
(579, 851, 632),
(580, 446, 953),
(581, 17, 238),
(582, 320, 485),
(583, 167, 672),
(584, 704, 235),
(585, 205, 228),
(586, 697, 525),
(587, 342, 673),
(588, 161, 941),
(589, 154, 12),
(590, 140, 767),
(591, 192, 395),
(592, 406, 189),
(593, 512, 161),
(594, 690, 477),
(595, 316, 829),
(596, 496, 109),
(597, 156, 516),
(598, 194, 911),
(599, 945, 595),
(600, 111, 632),
(601, 226, 650),
(602, 495, 446),
(603, 674, 290),
(604, 192, 201),
(605, 499, 348),
(606, 325, 942),
(607, 74, 801),
(608, 221, 91),
(609, 669, 481),
(610, 726, 956),
(611, 359, 320),
(612, 889, 47),
(613, 805, 520),
(614, 942, 651),
(615, 264, 134),
(616, 96, 802),
(617, 995, 79),
(618, 213, 53),
(619, 802, 770),
(620, 187, 750),
(621, 377, 73),
(622, 806, 77),
(623, 234, 893),
(624, 700, 523),
(625, 569, 846),
(626, 269, 121),
(627, 586, 882),
(628, 534, 473),
(629, 653, 76),
(630, 176, 545),
(631, 665, 727),
(632, 476, 621),
(633, 184, 603),
(634, 904, 160),
(635, 276, 13),
(636, 179, 105),
(637, 492, 54),
(638, 581, 643),
(639, 857, 436),
(640, 98, 813),
(641, 204, 571),
(642, 598, 566),
(643, 272, 654),
(644, 531, 652),
(645, 621, 575),
(646, 689, 65),
(647, 705, 1000),
(648, 771, 73),
(649, 743, 473),
(650, 872, 757),
(651, 820, 508),
(652, 924, 818),
(653, 325, 758),
(654, 2, 981),
(655, 138, 245),
(656, 699, 796),
(657, 64, 111),
(658, 971, 24),
(659, 753, 46),
(660, 783, 61),
(661, 436, 503),
(662, 259, 310),
(663, 229, 778),
(664, 773, 137),
(665, 714, 868),
(666, 928, 823),
(667, 588, 307),
(668, 165, 756),
(669, 471, 949),
(670, 797, 895),
(671, 187, 276),
(672, 700, 211),
(673, 559, 787),
(674, 108, 123),
(675, 36, 957),
(676, 496, 768),
(677, 725, 319),
(678, 356, 274),
(679, 34, 640),
(680, 191, 731),
(681, 321, 920),
(682, 980, 841),
(683, 7, 602),
(684, 80, 659),
(685, 929, 589),
(686, 11, 798),
(687, 988, 445),
(688, 948, 814),
(689, 558, 826),
(690, 465, 499),
(691, 572, 124),
(692, 955, 947),
(693, 298, 532),
(694, 440, 10),
(695, 152, 329),
(696, 848, 173),
(697, 765, 605),
(698, 904, 117),
(699, 88, 451),
(700, 505, 661),
(701, 41, 911),
(702, 341, 885),
(703, 731, 399),
(704, 376, 390),
(705, 876, 529),
(706, 954, 355),
(707, 685, 900),
(708, 525, 891),
(709, 709, 720),
(710, 379, 853),
(711, 546, 636),
(712, 973, 131),
(713, 369, 225),
(714, 230, 226),
(715, 166, 110),
(716, 861, 367),
(717, 301, 303),
(718, 992, 735),
(719, 4, 289),
(720, 723, 285),
(721, 306, 153),
(722, 868, 126),
(723, 277, 579),
(724, 280, 962),
(725, 127, 388),
(726, 532, 847),
(727, 943, 545),
(728, 477, 447),
(729, 899, 765),
(730, 828, 530),
(731, 135, 475),
(732, 290, 393),
(733, 612, 258),
(734, 590, 751),
(735, 659, 120),
(736, 537, 956),
(737, 689, 230),
(738, 361, 37),
(739, 186, 154),
(740, 126, 514),
(741, 1000, 978),
(742, 250, 729),
(743, 516, 392),
(744, 28, 537),
(745, 749, 479),
(746, 217, 638),
(747, 634, 755),
(748, 682, 539),
(749, 123, 535),
(750, 687, 664),
(751, 972, 116),
(752, 559, 34),
(753, 835, 235),
(754, 844, 877),
(755, 777, 686),
(756, 337, 955),
(757, 314, 664),
(758, 681, 505),
(759, 874, 454),
(760, 78, 303),
(761, 670, 611),
(762, 520, 721),
(763, 495, 543),
(764, 507, 17),
(765, 112, 844),
(766, 90, 692),
(767, 203, 631),
(768, 658, 149),
(769, 603, 398),
(770, 425, 434),
(771, 492, 912),
(772, 80, 835),
(773, 935, 104),
(774, 322, 237),
(775, 772, 291),
(776, 993, 687),
(777, 138, 232),
(778, 992, 653),
(779, 857, 646),
(780, 564, 639),
(781, 388, 590),
(782, 918, 146),
(783, 166, 348),
(784, 683, 254),
(785, 723, 783),
(786, 392, 732),
(787, 391, 518),
(788, 577, 942),
(789, 943, 292),
(790, 889, 850),
(791, 66, 85),
(792, 725, 795),
(793, 430, 877),
(794, 397, 561),
(795, 321, 724),
(796, 106, 624),
(797, 292, 330),
(798, 646, 359),
(799, 281, 832),
(800, 410, 417),
(801, 630, 972),
(802, 346, 346),
(803, 106, 641),
(804, 804, 383),
(805, 474, 315),
(806, 891, 843),
(807, 666, 743),
(808, 86, 388),
(809, 682, 175),
(810, 945, 73),
(811, 59, 971),
(812, 683, 753),
(813, 374, 394),
(814, 952, 224),
(815, 814, 773),
(816, 842, 97),
(817, 468, 707),
(818, 938, 388),
(819, 472, 665),
(820, 208, 488),
(821, 920, 150),
(822, 264, 993),
(823, 519, 113),
(824, 245, 718),
(825, 417, 740),
(826, 427, 915),
(827, 196, 393),
(828, 87, 200),
(829, 685, 746),
(830, 332, 347),
(831, 798, 755),
(832, 46, 987),
(833, 658, 705),
(834, 104, 988),
(835, 296, 803),
(836, 211, 256),
(837, 340, 743),
(838, 515, 417),
(839, 464, 161),
(840, 404, 982),
(841, 206, 408),
(842, 909, 460),
(843, 617, 881),
(844, 950, 319),
(845, 814, 18),
(846, 265, 901),
(847, 204, 176),
(848, 846, 750),
(849, 866, 719),
(850, 227, 832),
(851, 333, 500),
(852, 436, 547),
(853, 589, 806),
(854, 21, 96),
(855, 920, 391),
(856, 723, 697),
(857, 33, 213),
(858, 982, 986),
(859, 298, 246),
(860, 239, 823),
(861, 817, 672),
(862, 852, 930),
(863, 666, 55),
(864, 366, 490),
(865, 766, 530),
(866, 580, 354),
(867, 660, 241),
(868, 750, 110),
(869, 938, 336),
(870, 446, 220),
(871, 941, 394),
(872, 468, 32),
(873, 543, 561),
(874, 200, 926),
(875, 406, 217),
(876, 316, 306),
(877, 957, 542),
(878, 871, 708),
(879, 634, 761),
(880, 473, 337),
(881, 91, 622),
(882, 777, 792),
(883, 827, 909),
(884, 59, 923),
(885, 983, 757),
(886, 701, 891),
(887, 84, 782),
(888, 917, 577),
(889, 139, 741),
(890, 277, 575),
(891, 430, 553),
(892, 90, 479),
(893, 565, 548),
(894, 700, 203),
(895, 82, 549),
(896, 680, 237),
(897, 872, 904),
(898, 703, 569),
(899, 974, 947),
(900, 135, 320),
(901, 453, 447),
(902, 701, 246),
(903, 623, 742),
(904, 830, 608),
(905, 634, 333),
(906, 40, 538),
(907, 542, 781),
(908, 298, 584),
(909, 617, 99),
(910, 29, 225),
(911, 67, 645),
(912, 636, 532),
(913, 66, 948),
(914, 877, 461),
(915, 71, 333),
(916, 500, 756),
(917, 571, 650),
(918, 671, 93),
(919, 651, 639),
(920, 941, 141),
(921, 236, 267),
(922, 44, 39),
(923, 261, 426),
(924, 31, 609),
(925, 461, 879),
(926, 392, 120),
(927, 665, 723),
(928, 695, 704),
(929, 114, 413),
(930, 376, 669),
(931, 412, 645),
(932, 310, 897),
(933, 589, 238),
(934, 496, 533),
(935, 299, 700),
(936, 320, 658),
(937, 589, 459),
(938, 452, 203),
(939, 714, 779),
(940, 141, 246),
(941, 530, 649),
(942, 717, 35),
(943, 345, 544),
(944, 192, 786),
(945, 828, 855),
(946, 627, 568),
(947, 617, 512),
(948, 389, 757),
(949, 40, 261),
(950, 276, 574),
(951, 855, 872),
(952, 65, 944),
(953, 515, 816),
(954, 6, 174),
(955, 315, 526),
(956, 950, 412),
(957, 366, 125),
(958, 580, 212),
(959, 611, 1),
(960, 510, 880),
(961, 479, 700),
(962, 518, 693),
(963, 546, 736),
(964, 553, 67),
(965, 516, 965),
(966, 189, 336),
(967, 857, 785),
(968, 832, 818),
(969, 105, 281),
(970, 31, 959),
(971, 27, 228),
(972, 934, 668),
(973, 103, 419),
(974, 424, 730),
(975, 384, 259),
(976, 306, 617),
(977, 521, 291),
(978, 454, 686),
(979, 956, 674),
(980, 381, 658),
(981, 459, 465),
(982, 787, 428),
(983, 93, 245),
(984, 386, 695),
(985, 639, 427),
(986, 194, 687),
(987, 621, 111),
(988, 776, 667),
(989, 891, 702),
(990, 529, 934),
(991, 514, 888),
(992, 334, 678),
(993, 296, 19),
(994, 671, 880),
(995, 603, 388),
(996, 1000, 652),
(997, 134, 476),
(998, 715, 293),
(999, 418, 791),
(1000, 31, 176);

-- --------------------------------------------------------

--
-- Table structure for table `order_tbl`
--

CREATE TABLE `order_tbl` (
  `OrderID` int(11) NOT NULL,
  `CreateDate` date NOT NULL,
  `ChildID` int(11) NOT NULL,
  `AddID` int(11) NOT NULL,
  `ReturnDate` date NOT NULL
) ENGINE=InnoDB DEFAULT CHARSET=latin1;

--
-- Dumping data for table `order_tbl`
--

INSERT INTO `order_tbl` (`OrderID`, `CreateDate`, `ChildID`, `AddID`, `ReturnDate`) VALUES
(1, '0000-00-00', 316, 109, '0000-00-00'),
(2, '0000-00-00', 228, 101, '0000-00-00'),
(3, '0000-00-00', 31, 102, '0000-00-00'),
(4, '0000-00-00', 234, 125, '0000-00-00'),
(5, '0000-00-00', 282, 65, '0000-00-00'),
(6, '0000-00-00', 189, 186, '0000-00-00'),
(7, '0000-00-00', 284, 85, '0000-00-00'),
(8, '0000-00-00', 397, 92, '0000-00-00'),
(9, '0000-00-00', 327, 54, '0000-00-00'),
(10, '0000-00-00', 4, 101, '0000-00-00'),
(11, '0000-00-00', 319, 74, '0000-00-00'),
(12, '0000-00-00', 174, 39, '0000-00-00'),
(13, '0000-00-00', 172, 115, '0000-00-00'),
(14, '0000-00-00', 140, 128, '0000-00-00'),
(15, '0000-00-00', 291, 49, '0000-00-00'),
(16, '0000-00-00', 61, 20, '0000-00-00'),
(17, '0000-00-00', 8, 26, '0000-00-00'),
(18, '0000-00-00', 387, 178, '0000-00-00'),
(19, '0000-00-00', 144, 187, '0000-00-00'),
(20, '0000-00-00', 85, 36, '0000-00-00'),
(21, '0000-00-00', 97, 5, '0000-00-00'),
(22, '0000-00-00', 135, 148, '0000-00-00'),
(23, '0000-00-00', 242, 151, '0000-00-00'),
(24, '0000-00-00', 11, 125, '0000-00-00'),
(25, '0000-00-00', 98, 156, '0000-00-00'),
(26, '0000-00-00', 9, 41, '0000-00-00'),
(27, '0000-00-00', 316, 17, '0000-00-00'),
(28, '0000-00-00', 372, 15, '0000-00-00'),
(29, '0000-00-00', 181, 179, '0000-00-00'),
(30, '0000-00-00', 290, 187, '0000-00-00'),
(31, '0000-00-00', 149, 188, '0000-00-00'),
(32, '0000-00-00', 189, 140, '0000-00-00'),
(33, '0000-00-00', 217, 143, '0000-00-00'),
(34, '0000-00-00', 63, 79, '0000-00-00'),
(35, '0000-00-00', 58, 18, '0000-00-00'),
(36, '0000-00-00', 183, 140, '0000-00-00'),
(37, '0000-00-00', 319, 193, '0000-00-00'),
(38, '0000-00-00', 364, 95, '0000-00-00'),
(39, '0000-00-00', 239, 34, '0000-00-00'),
(40, '0000-00-00', 38, 53, '0000-00-00'),
(41, '0000-00-00', 95, 20, '0000-00-00'),
(42, '0000-00-00', 208, 117, '0000-00-00'),
(43, '0000-00-00', 245, 200, '0000-00-00'),
(44, '0000-00-00', 17, 110, '0000-00-00'),
(45, '0000-00-00', 9, 115, '0000-00-00'),
(46, '0000-00-00', 40, 160, '0000-00-00'),
(47, '0000-00-00', 270, 2, '0000-00-00'),
(48, '0000-00-00', 168, 30, '0000-00-00'),
(49, '0000-00-00', 289, 96, '0000-00-00'),
(50, '0000-00-00', 360, 155, '0000-00-00'),
(51, '0000-00-00', 392, 161, '0000-00-00'),
(52, '0000-00-00', 381, 136, '0000-00-00'),
(53, '0000-00-00', 132, 139, '0000-00-00'),
(54, '0000-00-00', 18, 82, '0000-00-00'),
(55, '0000-00-00', 105, 144, '0000-00-00'),
(56, '0000-00-00', 387, 67, '0000-00-00'),
(57, '0000-00-00', 211, 94, '0000-00-00'),
(58, '0000-00-00', 360, 137, '0000-00-00'),
(59, '0000-00-00', 254, 111, '0000-00-00'),
(60, '0000-00-00', 180, 88, '0000-00-00'),
(61, '0000-00-00', 203, 180, '0000-00-00'),
(62, '0000-00-00', 215, 68, '0000-00-00'),
(63, '0000-00-00', 171, 86, '0000-00-00'),
(64, '0000-00-00', 261, 163, '0000-00-00'),
(65, '0000-00-00', 366, 100, '0000-00-00'),
(66, '0000-00-00', 41, 1, '0000-00-00'),
(67, '0000-00-00', 331, 170, '0000-00-00'),
(68, '0000-00-00', 101, 44, '0000-00-00'),
(69, '0000-00-00', 46, 101, '0000-00-00'),
(70, '0000-00-00', 321, 139, '0000-00-00'),
(71, '0000-00-00', 189, 137, '0000-00-00'),
(72, '0000-00-00', 221, 187, '0000-00-00'),
(73, '0000-00-00', 291, 38, '0000-00-00'),
(74, '0000-00-00', 60, 56, '0000-00-00'),
(75, '0000-00-00', 147, 103, '0000-00-00'),
(76, '0000-00-00', 79, 122, '0000-00-00'),
(77, '0000-00-00', 107, 107, '0000-00-00'),
(78, '0000-00-00', 58, 21, '0000-00-00'),
(79, '0000-00-00', 17, 148, '0000-00-00'),
(80, '0000-00-00', 173, 11, '0000-00-00'),
(81, '0000-00-00', 253, 182, '0000-00-00'),
(82, '0000-00-00', 261, 20, '0000-00-00'),
(83, '0000-00-00', 265, 51, '0000-00-00'),
(84, '0000-00-00', 213, 155, '0000-00-00'),
(85, '0000-00-00', 8, 153, '0000-00-00'),
(86, '0000-00-00', 121, 45, '0000-00-00'),
(87, '0000-00-00', 51, 166, '0000-00-00'),
(88, '0000-00-00', 306, 101, '0000-00-00'),
(89, '0000-00-00', 32, 149, '0000-00-00'),
(90, '0000-00-00', 130, 68, '0000-00-00'),
(91, '0000-00-00', 367, 69, '0000-00-00'),
(92, '0000-00-00', 121, 73, '0000-00-00'),
(93, '0000-00-00', 73, 175, '0000-00-00'),
(94, '0000-00-00', 200, 136, '0000-00-00'),
(95, '0000-00-00', 194, 128, '0000-00-00'),
(96, '0000-00-00', 172, 17, '0000-00-00'),
(97, '0000-00-00', 186, 79, '0000-00-00'),
(98, '0000-00-00', 229, 161, '0000-00-00'),
(99, '0000-00-00', 114, 140, '0000-00-00'),
(100, '0000-00-00', 4, 174, '0000-00-00'),
(101, '0000-00-00', 344, 151, '0000-00-00'),
(102, '0000-00-00', 153, 68, '0000-00-00'),
(103, '0000-00-00', 333, 147, '0000-00-00'),
(104, '0000-00-00', 307, 108, '0000-00-00'),
(105, '0000-00-00', 78, 172, '0000-00-00'),
(106, '0000-00-00', 282, 31, '0000-00-00'),
(107, '0000-00-00', 389, 128, '0000-00-00'),
(108, '0000-00-00', 278, 78, '0000-00-00'),
(109, '0000-00-00', 27, 11, '0000-00-00'),
(110, '0000-00-00', 79, 60, '0000-00-00'),
(111, '0000-00-00', 375, 101, '0000-00-00'),
(112, '0000-00-00', 172, 129, '0000-00-00'),
(113, '0000-00-00', 89, 49, '0000-00-00'),
(114, '0000-00-00', 186, 32, '0000-00-00'),
(115, '0000-00-00', 85, 152, '0000-00-00'),
(116, '0000-00-00', 178, 99, '0000-00-00'),
(117, '0000-00-00', 310, 193, '0000-00-00'),
(118, '0000-00-00', 252, 198, '0000-00-00'),
(119, '0000-00-00', 13, 79, '0000-00-00'),
(120, '0000-00-00', 263, 20, '0000-00-00'),
(121, '0000-00-00', 36, 147, '0000-00-00'),
(122, '0000-00-00', 295, 69, '0000-00-00'),
(123, '0000-00-00', 358, 17, '0000-00-00'),
(124, '0000-00-00', 169, 1, '0000-00-00'),
(125, '0000-00-00', 138, 102, '0000-00-00'),
(126, '0000-00-00', 309, 138, '0000-00-00'),
(127, '0000-00-00', 400, 118, '0000-00-00'),
(128, '0000-00-00', 174, 100, '0000-00-00'),
(129, '0000-00-00', 172, 90, '0000-00-00'),
(130, '0000-00-00', 335, 118, '0000-00-00'),
(131, '0000-00-00', 136, 192, '0000-00-00'),
(132, '0000-00-00', 88, 166, '0000-00-00'),
(133, '0000-00-00', 190, 184, '0000-00-00'),
(134, '0000-00-00', 143, 168, '0000-00-00'),
(135, '0000-00-00', 227, 18, '0000-00-00'),
(136, '0000-00-00', 111, 155, '0000-00-00'),
(137, '0000-00-00', 266, 70, '0000-00-00'),
(138, '0000-00-00', 389, 75, '0000-00-00'),
(139, '0000-00-00', 372, 112, '0000-00-00'),
(140, '0000-00-00', 186, 58, '0000-00-00'),
(141, '0000-00-00', 87, 161, '0000-00-00'),
(142, '0000-00-00', 41, 194, '0000-00-00'),
(143, '0000-00-00', 19, 180, '0000-00-00'),
(144, '0000-00-00', 40, 197, '0000-00-00'),
(145, '0000-00-00', 91, 169, '0000-00-00'),
(146, '0000-00-00', 48, 69, '0000-00-00'),
(147, '0000-00-00', 214, 73, '0000-00-00'),
(148, '0000-00-00', 397, 176, '0000-00-00'),
(149, '0000-00-00', 47, 109, '0000-00-00'),
(150, '0000-00-00', 280, 86, '0000-00-00'),
(151, '0000-00-00', 293, 9, '0000-00-00'),
(152, '0000-00-00', 49, 12, '0000-00-00'),
(153, '0000-00-00', 204, 93, '0000-00-00'),
(154, '0000-00-00', 361, 88, '0000-00-00'),
(155, '0000-00-00', 123, 88, '0000-00-00'),
(156, '0000-00-00', 147, 60, '0000-00-00'),
(157, '0000-00-00', 205, 154, '0000-00-00'),
(158, '0000-00-00', 355, 101, '0000-00-00'),
(159, '0000-00-00', 313, 161, '0000-00-00'),
(160, '0000-00-00', 271, 43, '0000-00-00'),
(161, '0000-00-00', 154, 117, '0000-00-00'),
(162, '0000-00-00', 319, 56, '0000-00-00'),
(163, '0000-00-00', 137, 92, '0000-00-00'),
(164, '0000-00-00', 299, 166, '0000-00-00'),
(165, '0000-00-00', 177, 101, '0000-00-00'),
(166, '0000-00-00', 297, 85, '0000-00-00'),
(167, '0000-00-00', 127, 6, '0000-00-00'),
(168, '0000-00-00', 342, 102, '0000-00-00'),
(169, '0000-00-00', 228, 89, '0000-00-00'),
(170, '0000-00-00', 126, 76, '0000-00-00'),
(171, '0000-00-00', 380, 176, '0000-00-00'),
(172, '0000-00-00', 20, 18, '0000-00-00'),
(173, '0000-00-00', 250, 126, '0000-00-00'),
(174, '0000-00-00', 31, 141, '0000-00-00'),
(175, '0000-00-00', 140, 16, '0000-00-00'),
(176, '0000-00-00', 323, 51, '0000-00-00'),
(177, '0000-00-00', 388, 50, '0000-00-00'),
(178, '0000-00-00', 42, 183, '0000-00-00'),
(179, '0000-00-00', 212, 28, '0000-00-00'),
(180, '0000-00-00', 109, 53, '0000-00-00'),
(181, '0000-00-00', 155, 77, '0000-00-00'),
(182, '0000-00-00', 71, 94, '0000-00-00'),
(183, '0000-00-00', 243, 59, '0000-00-00'),
(184, '0000-00-00', 349, 25, '0000-00-00'),
(185, '0000-00-00', 73, 157, '0000-00-00'),
(186, '0000-00-00', 67, 132, '0000-00-00'),
(187, '0000-00-00', 103, 107, '0000-00-00'),
(188, '0000-00-00', 49, 21, '0000-00-00'),
(189, '0000-00-00', 28, 39, '0000-00-00'),
(190, '0000-00-00', 56, 167, '0000-00-00'),
(191, '0000-00-00', 246, 32, '0000-00-00'),
(192, '0000-00-00', 284, 1, '0000-00-00'),
(193, '0000-00-00', 186, 60, '0000-00-00'),
(194, '0000-00-00', 166, 179, '0000-00-00'),
(195, '0000-00-00', 7, 104, '0000-00-00'),
(196, '0000-00-00', 189, 156, '0000-00-00'),
(197, '0000-00-00', 250, 7, '0000-00-00'),
(198, '0000-00-00', 205, 83, '0000-00-00'),
(199, '0000-00-00', 29, 74, '0000-00-00'),
(200, '0000-00-00', 14, 39, '0000-00-00'),
(201, '0000-00-00', 377, 161, '0000-00-00'),
(202, '0000-00-00', 44, 179, '0000-00-00'),
(203, '0000-00-00', 48, 101, '0000-00-00'),
(204, '0000-00-00', 79, 121, '0000-00-00'),
(205, '0000-00-00', 239, 57, '0000-00-00'),
(206, '0000-00-00', 115, 183, '0000-00-00'),
(207, '0000-00-00', 253, 200, '0000-00-00'),
(208, '0000-00-00', 20, 130, '0000-00-00'),
(209, '0000-00-00', 351, 168, '0000-00-00'),
(210, '0000-00-00', 391, 116, '0000-00-00'),
(211, '0000-00-00', 309, 197, '0000-00-00'),
(212, '0000-00-00', 163, 44, '0000-00-00'),
(213, '0000-00-00', 41, 63, '0000-00-00'),
(214, '0000-00-00', 349, 176, '0000-00-00'),
(215, '0000-00-00', 142, 9, '0000-00-00'),
(216, '0000-00-00', 277, 127, '0000-00-00'),
(217, '0000-00-00', 247, 137, '0000-00-00'),
(218, '0000-00-00', 356, 97, '0000-00-00'),
(219, '0000-00-00', 356, 166, '0000-00-00'),
(220, '0000-00-00', 267, 60, '0000-00-00'),
(221, '0000-00-00', 260, 84, '0000-00-00'),
(222, '0000-00-00', 352, 19, '0000-00-00'),
(223, '0000-00-00', 14, 152, '0000-00-00'),
(224, '0000-00-00', 252, 131, '0000-00-00'),
(225, '0000-00-00', 111, 77, '0000-00-00'),
(226, '0000-00-00', 147, 53, '0000-00-00'),
(227, '0000-00-00', 139, 115, '0000-00-00'),
(228, '0000-00-00', 263, 80, '0000-00-00'),
(229, '0000-00-00', 181, 167, '0000-00-00'),
(230, '0000-00-00', 119, 182, '0000-00-00'),
(231, '0000-00-00', 386, 114, '0000-00-00'),
(232, '0000-00-00', 180, 131, '0000-00-00'),
(233, '0000-00-00', 223, 177, '0000-00-00'),
(234, '0000-00-00', 259, 127, '0000-00-00'),
(235, '0000-00-00', 209, 160, '0000-00-00'),
(236, '0000-00-00', 73, 53, '0000-00-00'),
(237, '0000-00-00', 234, 154, '0000-00-00'),
(238, '0000-00-00', 376, 83, '0000-00-00'),
(239, '0000-00-00', 153, 190, '0000-00-00'),
(240, '0000-00-00', 49, 104, '0000-00-00'),
(241, '0000-00-00', 364, 124, '0000-00-00'),
(242, '0000-00-00', 87, 161, '0000-00-00'),
(243, '0000-00-00', 109, 1, '0000-00-00'),
(244, '0000-00-00', 140, 11, '0000-00-00'),
(245, '0000-00-00', 288, 90, '0000-00-00'),
(246, '0000-00-00', 367, 71, '0000-00-00'),
(247, '0000-00-00', 145, 6, '0000-00-00'),
(248, '0000-00-00', 197, 197, '0000-00-00'),
(249, '0000-00-00', 122, 74, '0000-00-00'),
(250, '0000-00-00', 199, 18, '0000-00-00'),
(251, '0000-00-00', 134, 180, '0000-00-00'),
(252, '0000-00-00', 298, 191, '0000-00-00'),
(253, '0000-00-00', 283, 137, '0000-00-00'),
(254, '0000-00-00', 287, 138, '0000-00-00'),
(255, '0000-00-00', 137, 71, '0000-00-00'),
(256, '0000-00-00', 266, 26, '0000-00-00'),
(257, '0000-00-00', 35, 78, '0000-00-00'),
(258, '0000-00-00', 211, 58, '0000-00-00'),
(259, '0000-00-00', 114, 101, '0000-00-00'),
(260, '0000-00-00', 370, 185, '0000-00-00'),
(261, '0000-00-00', 364, 109, '0000-00-00'),
(262, '0000-00-00', 177, 157, '0000-00-00'),
(263, '0000-00-00', 278, 130, '0000-00-00'),
(264, '0000-00-00', 115, 43, '0000-00-00'),
(265, '0000-00-00', 346, 37, '0000-00-00'),
(266, '0000-00-00', 400, 107, '0000-00-00'),
(267, '0000-00-00', 331, 20, '0000-00-00'),
(268, '0000-00-00', 104, 123, '0000-00-00'),
(269, '0000-00-00', 180, 134, '0000-00-00'),
(270, '0000-00-00', 333, 183, '0000-00-00'),
(271, '0000-00-00', 26, 75, '0000-00-00'),
(272, '0000-00-00', 133, 174, '0000-00-00'),
(273, '0000-00-00', 147, 48, '0000-00-00'),
(274, '0000-00-00', 122, 2, '0000-00-00'),
(275, '0000-00-00', 91, 5, '0000-00-00'),
(276, '0000-00-00', 36, 62, '0000-00-00'),
(277, '0000-00-00', 197, 48, '0000-00-00'),
(278, '0000-00-00', 241, 81, '0000-00-00'),
(279, '0000-00-00', 335, 130, '0000-00-00'),
(280, '0000-00-00', 12, 10, '0000-00-00'),
(281, '0000-00-00', 27, 57, '0000-00-00'),
(282, '0000-00-00', 79, 80, '0000-00-00'),
(283, '0000-00-00', 195, 183, '0000-00-00'),
(284, '0000-00-00', 219, 187, '0000-00-00'),
(285, '0000-00-00', 388, 139, '0000-00-00'),
(286, '0000-00-00', 211, 88, '0000-00-00'),
(287, '0000-00-00', 260, 45, '0000-00-00'),
(288, '0000-00-00', 102, 85, '0000-00-00'),
(289, '0000-00-00', 389, 49, '0000-00-00'),
(290, '0000-00-00', 381, 102, '0000-00-00'),
(291, '0000-00-00', 217, 12, '0000-00-00'),
(292, '0000-00-00', 382, 127, '0000-00-00'),
(293, '0000-00-00', 1, 20, '0000-00-00'),
(294, '0000-00-00', 65, 185, '0000-00-00'),
(295, '0000-00-00', 184, 120, '0000-00-00'),
(296, '0000-00-00', 95, 196, '0000-00-00'),
(297, '0000-00-00', 297, 120, '0000-00-00'),
(298, '0000-00-00', 189, 85, '0000-00-00'),
(299, '0000-00-00', 242, 179, '0000-00-00'),
(300, '0000-00-00', 131, 2, '0000-00-00'),
(301, '0000-00-00', 51, 31, '0000-00-00'),
(302, '0000-00-00', 386, 33, '0000-00-00'),
(303, '0000-00-00', 126, 152, '0000-00-00'),
(304, '0000-00-00', 97, 65, '0000-00-00'),
(305, '0000-00-00', 77, 169, '0000-00-00'),
(306, '0000-00-00', 270, 197, '0000-00-00'),
(307, '0000-00-00', 222, 118, '0000-00-00'),
(308, '0000-00-00', 39, 165, '0000-00-00'),
(309, '0000-00-00', 136, 55, '0000-00-00'),
(310, '0000-00-00', 224, 23, '0000-00-00'),
(311, '0000-00-00', 274, 119, '0000-00-00'),
(312, '0000-00-00', 262, 135, '0000-00-00'),
(313, '0000-00-00', 95, 72, '0000-00-00'),
(314, '0000-00-00', 360, 155, '0000-00-00'),
(315, '0000-00-00', 168, 29, '0000-00-00'),
(316, '0000-00-00', 170, 66, '0000-00-00'),
(317, '0000-00-00', 111, 159, '0000-00-00'),
(318, '0000-00-00', 82, 156, '0000-00-00'),
(319, '0000-00-00', 307, 21, '0000-00-00'),
(320, '0000-00-00', 313, 137, '0000-00-00'),
(321, '0000-00-00', 278, 64, '0000-00-00'),
(322, '0000-00-00', 230, 74, '0000-00-00'),
(323, '0000-00-00', 140, 1, '0000-00-00'),
(324, '0000-00-00', 263, 45, '0000-00-00'),
(325, '0000-00-00', 394, 2, '0000-00-00'),
(326, '0000-00-00', 57, 31, '0000-00-00'),
(327, '0000-00-00', 187, 160, '0000-00-00'),
(328, '0000-00-00', 129, 16, '0000-00-00'),
(329, '0000-00-00', 123, 159, '0000-00-00'),
(330, '0000-00-00', 187, 105, '0000-00-00'),
(331, '0000-00-00', 79, 120, '0000-00-00'),
(332, '0000-00-00', 9, 177, '0000-00-00'),
(333, '0000-00-00', 335, 7, '0000-00-00'),
(334, '0000-00-00', 354, 40, '0000-00-00'),
(335, '0000-00-00', 80, 36, '0000-00-00'),
(336, '0000-00-00', 181, 157, '0000-00-00'),
(337, '0000-00-00', 343, 107, '0000-00-00'),
(338, '0000-00-00', 89, 190, '0000-00-00'),
(339, '0000-00-00', 345, 186, '0000-00-00'),
(340, '0000-00-00', 164, 183, '0000-00-00'),
(341, '0000-00-00', 76, 49, '0000-00-00'),
(342, '0000-00-00', 280, 169, '0000-00-00'),
(343, '0000-00-00', 204, 5, '0000-00-00'),
(344, '0000-00-00', 203, 33, '0000-00-00'),
(345, '0000-00-00', 22, 147, '0000-00-00'),
(346, '0000-00-00', 324, 78, '0000-00-00'),
(347, '0000-00-00', 252, 48, '0000-00-00'),
(348, '0000-00-00', 227, 34, '0000-00-00'),
(349, '0000-00-00', 121, 55, '0000-00-00'),
(350, '0000-00-00', 271, 176, '0000-00-00'),
(351, '0000-00-00', 198, 124, '0000-00-00'),
(352, '0000-00-00', 219, 87, '0000-00-00'),
(353, '0000-00-00', 31, 200, '0000-00-00'),
(354, '0000-00-00', 129, 143, '0000-00-00'),
(355, '0000-00-00', 319, 121, '0000-00-00'),
(356, '0000-00-00', 4, 14, '0000-00-00'),
(357, '0000-00-00', 188, 32, '0000-00-00'),
(358, '0000-00-00', 231, 105, '0000-00-00'),
(359, '0000-00-00', 400, 51, '0000-00-00'),
(360, '0000-00-00', 277, 60, '0000-00-00'),
(361, '0000-00-00', 292, 39, '0000-00-00'),
(362, '0000-00-00', 307, 127, '0000-00-00'),
(363, '0000-00-00', 210, 5, '0000-00-00'),
(364, '0000-00-00', 82, 9, '0000-00-00'),
(365, '0000-00-00', 183, 151, '0000-00-00'),
(366, '0000-00-00', 375, 189, '0000-00-00'),
(367, '0000-00-00', 122, 65, '0000-00-00'),
(368, '0000-00-00', 383, 144, '0000-00-00'),
(369, '0000-00-00', 180, 119, '0000-00-00'),
(370, '0000-00-00', 161, 54, '0000-00-00'),
(371, '0000-00-00', 373, 122, '0000-00-00'),
(372, '0000-00-00', 231, 133, '0000-00-00'),
(373, '0000-00-00', 294, 186, '0000-00-00'),
(374, '0000-00-00', 95, 99, '0000-00-00'),
(375, '0000-00-00', 85, 66, '0000-00-00'),
(376, '0000-00-00', 67, 172, '0000-00-00'),
(377, '0000-00-00', 264, 154, '0000-00-00'),
(378, '0000-00-00', 102, 71, '0000-00-00'),
(379, '0000-00-00', 96, 102, '0000-00-00'),
(380, '0000-00-00', 98, 191, '0000-00-00'),
(381, '0000-00-00', 70, 16, '0000-00-00'),
(382, '0000-00-00', 242, 120, '0000-00-00'),
(383, '0000-00-00', 10, 184, '0000-00-00'),
(384, '0000-00-00', 385, 41, '0000-00-00'),
(385, '0000-00-00', 152, 137, '0000-00-00'),
(386, '0000-00-00', 263, 83, '0000-00-00'),
(387, '0000-00-00', 356, 129, '0000-00-00'),
(388, '0000-00-00', 258, 20, '0000-00-00'),
(389, '0000-00-00', 208, 198, '0000-00-00'),
(390, '0000-00-00', 316, 188, '0000-00-00'),
(391, '0000-00-00', 114, 18, '0000-00-00'),
(392, '0000-00-00', 367, 83, '0000-00-00'),
(393, '0000-00-00', 64, 111, '0000-00-00'),
(394, '0000-00-00', 98, 70, '0000-00-00'),
(395, '0000-00-00', 141, 173, '0000-00-00'),
(396, '0000-00-00', 234, 99, '0000-00-00'),
(397, '0000-00-00', 256, 189, '0000-00-00'),
(398, '0000-00-00', 250, 146, '0000-00-00'),
(399, '0000-00-00', 98, 191, '0000-00-00'),
(400, '0000-00-00', 136, 108, '0000-00-00'),
(401, '0000-00-00', 323, 160, '0000-00-00'),
(402, '0000-00-00', 34, 61, '0000-00-00'),
(403, '0000-00-00', 171, 91, '0000-00-00'),
(404, '0000-00-00', 4, 150, '0000-00-00'),
(405, '0000-00-00', 196, 145, '0000-00-00'),
(406, '0000-00-00', 61, 118, '0000-00-00'),
(407, '0000-00-00', 153, 133, '0000-00-00'),
(408, '0000-00-00', 380, 169, '0000-00-00'),
(409, '0000-00-00', 232, 162, '0000-00-00'),
(410, '0000-00-00', 365, 119, '0000-00-00'),
(411, '0000-00-00', 259, 59, '0000-00-00'),
(412, '0000-00-00', 69, 82, '0000-00-00'),
(413, '0000-00-00', 99, 11, '0000-00-00'),
(414, '0000-00-00', 379, 168, '0000-00-00'),
(415, '0000-00-00', 170, 35, '0000-00-00'),
(416, '0000-00-00', 374, 169, '0000-00-00'),
(417, '0000-00-00', 167, 120, '0000-00-00'),
(418, '0000-00-00', 102, 190, '0000-00-00'),
(419, '0000-00-00', 285, 114, '0000-00-00'),
(420, '0000-00-00', 316, 124, '0000-00-00'),
(421, '0000-00-00', 116, 68, '0000-00-00'),
(422, '0000-00-00', 140, 108, '0000-00-00'),
(423, '0000-00-00', 316, 31, '0000-00-00'),
(424, '0000-00-00', 286, 5, '0000-00-00'),
(425, '0000-00-00', 223, 20, '0000-00-00'),
(426, '0000-00-00', 87, 78, '0000-00-00'),
(427, '0000-00-00', 151, 183, '0000-00-00'),
(428, '0000-00-00', 309, 191, '0000-00-00'),
(429, '0000-00-00', 315, 129, '0000-00-00'),
(430, '0000-00-00', 216, 91, '0000-00-00'),
(431, '0000-00-00', 49, 185, '0000-00-00'),
(432, '0000-00-00', 253, 180, '0000-00-00'),
(433, '0000-00-00', 82, 160, '0000-00-00'),
(434, '0000-00-00', 104, 104, '0000-00-00'),
(435, '0000-00-00', 246, 87, '0000-00-00'),
(436, '0000-00-00', 179, 142, '0000-00-00'),
(437, '0000-00-00', 86, 92, '0000-00-00'),
(438, '0000-00-00', 111, 85, '0000-00-00'),
(439, '0000-00-00', 44, 131, '0000-00-00'),
(440, '0000-00-00', 342, 182, '0000-00-00'),
(441, '0000-00-00', 250, 1, '0000-00-00'),
(442, '0000-00-00', 396, 193, '0000-00-00'),
(443, '0000-00-00', 317, 188, '0000-00-00'),
(444, '0000-00-00', 246, 159, '0000-00-00'),
(445, '0000-00-00', 375, 16, '0000-00-00'),
(446, '0000-00-00', 33, 22, '0000-00-00'),
(447, '0000-00-00', 70, 93, '0000-00-00'),
(448, '0000-00-00', 239, 1, '0000-00-00'),
(449, '0000-00-00', 359, 23, '0000-00-00'),
(450, '0000-00-00', 104, 168, '0000-00-00'),
(451, '0000-00-00', 16, 181, '0000-00-00'),
(452, '0000-00-00', 301, 11, '0000-00-00'),
(453, '0000-00-00', 229, 143, '0000-00-00'),
(454, '0000-00-00', 346, 65, '0000-00-00'),
(455, '0000-00-00', 83, 186, '0000-00-00'),
(456, '0000-00-00', 290, 105, '0000-00-00'),
(457, '0000-00-00', 57, 158, '0000-00-00'),
(458, '0000-00-00', 270, 91, '0000-00-00'),
(459, '0000-00-00', 280, 30, '0000-00-00'),
(460, '0000-00-00', 393, 196, '0000-00-00'),
(461, '0000-00-00', 80, 193, '0000-00-00'),
(462, '0000-00-00', 209, 73, '0000-00-00'),
(463, '0000-00-00', 182, 104, '0000-00-00'),
(464, '0000-00-00', 44, 92, '0000-00-00'),
(465, '0000-00-00', 32, 171, '0000-00-00'),
(466, '0000-00-00', 10, 183, '0000-00-00'),
(467, '0000-00-00', 253, 6, '0000-00-00'),
(468, '0000-00-00', 353, 171, '0000-00-00'),
(469, '0000-00-00', 16, 48, '0000-00-00'),
(470, '0000-00-00', 49, 117, '0000-00-00'),
(471, '0000-00-00', 224, 27, '0000-00-00'),
(472, '0000-00-00', 330, 84, '0000-00-00'),
(473, '0000-00-00', 157, 39, '0000-00-00'),
(474, '0000-00-00', 179, 13, '0000-00-00'),
(475, '0000-00-00', 384, 134, '0000-00-00'),
(476, '0000-00-00', 223, 30, '0000-00-00'),
(477, '0000-00-00', 58, 109, '0000-00-00'),
(478, '0000-00-00', 134, 42, '0000-00-00'),
(479, '0000-00-00', 235, 169, '0000-00-00'),
(480, '0000-00-00', 3, 197, '0000-00-00'),
(481, '0000-00-00', 319, 178, '0000-00-00'),
(482, '0000-00-00', 147, 92, '0000-00-00'),
(483, '0000-00-00', 19, 25, '0000-00-00'),
(484, '0000-00-00', 191, 118, '0000-00-00'),
(485, '0000-00-00', 173, 109, '0000-00-00'),
(486, '0000-00-00', 317, 144, '0000-00-00'),
(487, '0000-00-00', 306, 102, '0000-00-00'),
(488, '0000-00-00', 365, 23, '0000-00-00'),
(489, '0000-00-00', 365, 85, '0000-00-00'),
(490, '0000-00-00', 171, 15, '0000-00-00'),
(491, '0000-00-00', 313, 101, '0000-00-00'),
(492, '0000-00-00', 105, 122, '0000-00-00'),
(493, '0000-00-00', 364, 185, '0000-00-00'),
(494, '0000-00-00', 342, 129, '0000-00-00'),
(495, '0000-00-00', 166, 103, '0000-00-00'),
(496, '0000-00-00', 26, 84, '0000-00-00'),
(497, '0000-00-00', 365, 89, '0000-00-00'),
(498, '0000-00-00', 103, 5, '0000-00-00'),
(499, '0000-00-00', 399, 75, '0000-00-00'),
(500, '0000-00-00', 396, 13, '0000-00-00'),
(501, '0000-00-00', 98, 26, '0000-00-00'),
(502, '0000-00-00', 322, 105, '0000-00-00'),
(503, '0000-00-00', 226, 60, '0000-00-00'),
(504, '0000-00-00', 278, 182, '0000-00-00'),
(505, '0000-00-00', 12, 167, '0000-00-00'),
(506, '0000-00-00', 351, 89, '0000-00-00'),
(507, '0000-00-00', 198, 46, '0000-00-00'),
(508, '0000-00-00', 230, 97, '0000-00-00'),
(509, '0000-00-00', 260, 122, '0000-00-00'),
(510, '0000-00-00', 42, 115, '0000-00-00'),
(511, '0000-00-00', 275, 25, '0000-00-00'),
(512, '0000-00-00', 34, 109, '0000-00-00'),
(513, '0000-00-00', 195, 69, '0000-00-00'),
(514, '0000-00-00', 397, 66, '0000-00-00'),
(515, '0000-00-00', 182, 77, '0000-00-00'),
(516, '0000-00-00', 257, 164, '0000-00-00'),
(517, '0000-00-00', 292, 131, '0000-00-00'),
(518, '0000-00-00', 251, 50, '0000-00-00'),
(519, '0000-00-00', 14, 47, '0000-00-00'),
(520, '0000-00-00', 378, 140, '0000-00-00'),
(521, '0000-00-00', 372, 91, '0000-00-00'),
(522, '0000-00-00', 377, 75, '0000-00-00'),
(523, '0000-00-00', 264, 8, '0000-00-00'),
(524, '0000-00-00', 58, 180, '0000-00-00'),
(525, '0000-00-00', 180, 53, '0000-00-00'),
(526, '0000-00-00', 42, 94, '0000-00-00'),
(527, '0000-00-00', 93, 31, '0000-00-00'),
(528, '0000-00-00', 67, 67, '0000-00-00'),
(529, '0000-00-00', 79, 4, '0000-00-00'),
(530, '0000-00-00', 221, 187, '0000-00-00'),
(531, '0000-00-00', 17, 93, '0000-00-00'),
(532, '0000-00-00', 7, 60, '0000-00-00'),
(533, '0000-00-00', 87, 112, '0000-00-00'),
(534, '0000-00-00', 387, 1, '0000-00-00'),
(535, '0000-00-00', 390, 141, '0000-00-00'),
(536, '0000-00-00', 397, 19, '0000-00-00'),
(537, '0000-00-00', 396, 88, '0000-00-00'),
(538, '0000-00-00', 227, 51, '0000-00-00'),
(539, '0000-00-00', 222, 132, '0000-00-00'),
(540, '0000-00-00', 320, 110, '0000-00-00'),
(541, '0000-00-00', 84, 22, '0000-00-00'),
(542, '0000-00-00', 151, 99, '0000-00-00'),
(543, '0000-00-00', 179, 21, '0000-00-00'),
(544, '0000-00-00', 121, 34, '0000-00-00'),
(545, '0000-00-00', 43, 164, '0000-00-00'),
(546, '0000-00-00', 246, 6, '0000-00-00'),
(547, '0000-00-00', 361, 178, '0000-00-00'),
(548, '0000-00-00', 29, 181, '0000-00-00'),
(549, '0000-00-00', 41, 140, '0000-00-00'),
(550, '0000-00-00', 222, 16, '0000-00-00'),
(551, '0000-00-00', 148, 130, '0000-00-00'),
(552, '0000-00-00', 323, 135, '0000-00-00'),
(553, '0000-00-00', 122, 127, '0000-00-00'),
(554, '0000-00-00', 15, 166, '0000-00-00'),
(555, '0000-00-00', 147, 81, '0000-00-00'),
(556, '0000-00-00', 71, 58, '0000-00-00'),
(557, '0000-00-00', 369, 125, '0000-00-00'),
(558, '0000-00-00', 107, 77, '0000-00-00'),
(559, '0000-00-00', 380, 181, '0000-00-00'),
(560, '0000-00-00', 168, 176, '0000-00-00'),
(561, '0000-00-00', 186, 42, '0000-00-00'),
(562, '0000-00-00', 25, 176, '0000-00-00'),
(563, '0000-00-00', 183, 172, '0000-00-00'),
(564, '0000-00-00', 281, 13, '0000-00-00'),
(565, '0000-00-00', 391, 27, '0000-00-00'),
(566, '0000-00-00', 104, 20, '0000-00-00'),
(567, '0000-00-00', 290, 11, '0000-00-00'),
(568, '0000-00-00', 296, 183, '0000-00-00'),
(569, '0000-00-00', 353, 47, '0000-00-00'),
(570, '0000-00-00', 158, 100, '0000-00-00'),
(571, '0000-00-00', 120, 134, '0000-00-00'),
(572, '0000-00-00', 58, 97, '0000-00-00'),
(573, '0000-00-00', 167, 52, '0000-00-00'),
(574, '0000-00-00', 129, 139, '0000-00-00'),
(575, '0000-00-00', 282, 9, '0000-00-00'),
(576, '0000-00-00', 271, 72, '0000-00-00'),
(577, '0000-00-00', 165, 117, '0000-00-00'),
(578, '0000-00-00', 139, 63, '0000-00-00'),
(579, '0000-00-00', 65, 177, '0000-00-00'),
(580, '0000-00-00', 284, 175, '0000-00-00'),
(581, '0000-00-00', 127, 190, '0000-00-00'),
(582, '0000-00-00', 17, 63, '0000-00-00'),
(583, '0000-00-00', 217, 74, '0000-00-00'),
(584, '0000-00-00', 224, 64, '0000-00-00'),
(585, '0000-00-00', 376, 134, '0000-00-00'),
(586, '0000-00-00', 211, 38, '0000-00-00'),
(587, '0000-00-00', 243, 81, '0000-00-00'),
(588, '0000-00-00', 14, 183, '0000-00-00'),
(589, '0000-00-00', 69, 28, '0000-00-00'),
(590, '0000-00-00', 156, 181, '0000-00-00'),
(591, '0000-00-00', 55, 125, '0000-00-00'),
(592, '0000-00-00', 208, 4, '0000-00-00'),
(593, '0000-00-00', 15, 58, '0000-00-00'),
(594, '0000-00-00', 251, 133, '0000-00-00'),
(595, '0000-00-00', 323, 83, '0000-00-00'),
(596, '0000-00-00', 239, 87, '0000-00-00'),
(597, '0000-00-00', 192, 8, '0000-00-00'),
(598, '0000-00-00', 131, 163, '0000-00-00'),
(599, '0000-00-00', 295, 59, '0000-00-00'),
(600, '0000-00-00', 237, 73, '0000-00-00'),
(601, '0000-00-00', 298, 93, '0000-00-00'),
(602, '0000-00-00', 290, 140, '0000-00-00'),
(603, '0000-00-00', 87, 2, '0000-00-00'),
(604, '0000-00-00', 126, 154, '0000-00-00'),
(605, '0000-00-00', 359, 186, '0000-00-00'),
(606, '0000-00-00', 243, 115, '0000-00-00'),
(607, '0000-00-00', 56, 84, '0000-00-00'),
(608, '0000-00-00', 114, 158, '0000-00-00'),
(609, '0000-00-00', 22, 111, '0000-00-00'),
(610, '0000-00-00', 66, 141, '0000-00-00'),
(611, '0000-00-00', 159, 136, '0000-00-00'),
(612, '0000-00-00', 153, 16, '0000-00-00'),
(613, '0000-00-00', 217, 119, '0000-00-00'),
(614, '0000-00-00', 108, 67, '0000-00-00'),
(615, '0000-00-00', 339, 81, '0000-00-00'),
(616, '0000-00-00', 70, 109, '0000-00-00'),
(617, '0000-00-00', 346, 4, '0000-00-00'),
(618, '0000-00-00', 146, 7, '0000-00-00'),
(619, '0000-00-00', 72, 152, '0000-00-00'),
(620, '0000-00-00', 158, 183, '0000-00-00'),
(621, '0000-00-00', 7, 20, '0000-00-00'),
(622, '0000-00-00', 164, 88, '0000-00-00'),
(623, '0000-00-00', 199, 57, '0000-00-00'),
(624, '0000-00-00', 335, 149, '0000-00-00'),
(625, '0000-00-00', 261, 129, '0000-00-00'),
(626, '0000-00-00', 120, 61, '0000-00-00'),
(627, '0000-00-00', 30, 190, '0000-00-00'),
(628, '0000-00-00', 239, 39, '0000-00-00'),
(629, '0000-00-00', 80, 46, '0000-00-00'),
(630, '0000-00-00', 9, 139, '0000-00-00'),
(631, '0000-00-00', 344, 182, '0000-00-00'),
(632, '0000-00-00', 239, 68, '0000-00-00'),
(633, '0000-00-00', 371, 96, '0000-00-00'),
(634, '0000-00-00', 54, 94, '0000-00-00'),
(635, '0000-00-00', 88, 1, '0000-00-00'),
(636, '0000-00-00', 317, 162, '0000-00-00'),
(637, '0000-00-00', 251, 149, '0000-00-00'),
(638, '0000-00-00', 194, 54, '0000-00-00'),
(639, '0000-00-00', 351, 153, '0000-00-00'),
(640, '0000-00-00', 378, 73, '0000-00-00'),
(641, '0000-00-00', 329, 80, '0000-00-00'),
(642, '0000-00-00', 400, 48, '0000-00-00'),
(643, '0000-00-00', 280, 4, '0000-00-00'),
(644, '0000-00-00', 208, 146, '0000-00-00'),
(645, '0000-00-00', 205, 94, '0000-00-00'),
(646, '0000-00-00', 63, 44, '0000-00-00'),
(647, '0000-00-00', 163, 13, '0000-00-00'),
(648, '0000-00-00', 279, 40, '0000-00-00'),
(649, '0000-00-00', 38, 148, '0000-00-00'),
(650, '0000-00-00', 185, 73, '0000-00-00'),
(651, '0000-00-00', 53, 190, '0000-00-00'),
(652, '0000-00-00', 385, 20, '0000-00-00'),
(653, '0000-00-00', 337, 36, '0000-00-00'),
(654, '0000-00-00', 276, 84, '0000-00-00'),
(655, '0000-00-00', 168, 142, '0000-00-00'),
(656, '0000-00-00', 331, 62, '0000-00-00'),
(657, '0000-00-00', 373, 102, '0000-00-00'),
(658, '0000-00-00', 188, 184, '0000-00-00'),
(659, '0000-00-00', 224, 174, '0000-00-00'),
(660, '0000-00-00', 310, 122, '0000-00-00'),
(661, '0000-00-00', 227, 195, '0000-00-00'),
(662, '0000-00-00', 339, 127, '0000-00-00'),
(663, '0000-00-00', 104, 117, '0000-00-00'),
(664, '0000-00-00', 288, 98, '0000-00-00'),
(665, '0000-00-00', 386, 182, '0000-00-00'),
(666, '0000-00-00', 35, 68, '0000-00-00'),
(667, '0000-00-00', 235, 116, '0000-00-00'),
(668, '0000-00-00', 359, 109, '0000-00-00'),
(669, '0000-00-00', 146, 198, '0000-00-00'),
(670, '0000-00-00', 80, 95, '0000-00-00'),
(671, '0000-00-00', 220, 45, '0000-00-00'),
(672, '0000-00-00', 299, 23, '0000-00-00'),
(673, '0000-00-00', 376, 170, '0000-00-00'),
(674, '0000-00-00', 235, 59, '0000-00-00'),
(675, '0000-00-00', 112, 87, '0000-00-00'),
(676, '0000-00-00', 208, 169, '0000-00-00'),
(677, '0000-00-00', 258, 38, '0000-00-00'),
(678, '0000-00-00', 118, 177, '0000-00-00'),
(679, '0000-00-00', 66, 74, '0000-00-00'),
(680, '0000-00-00', 249, 95, '0000-00-00'),
(681, '0000-00-00', 79, 167, '0000-00-00'),
(682, '0000-00-00', 246, 48, '0000-00-00'),
(683, '0000-00-00', 318, 176, '0000-00-00'),
(684, '0000-00-00', 69, 155, '0000-00-00'),
(685, '0000-00-00', 312, 190, '0000-00-00'),
(686, '0000-00-00', 254, 42, '0000-00-00'),
(687, '0000-00-00', 9, 121, '0000-00-00'),
(688, '0000-00-00', 50, 147, '0000-00-00'),
(689, '0000-00-00', 365, 131, '0000-00-00'),
(690, '0000-00-00', 168, 119, '0000-00-00'),
(691, '0000-00-00', 263, 23, '0000-00-00'),
(692, '0000-00-00', 132, 17, '0000-00-00'),
(693, '0000-00-00', 115, 118, '0000-00-00'),
(694, '0000-00-00', 45, 106, '0000-00-00'),
(695, '0000-00-00', 317, 149, '0000-00-00'),
(696, '0000-00-00', 334, 187, '0000-00-00'),
(697, '0000-00-00', 97, 36, '0000-00-00'),
(698, '0000-00-00', 325, 46, '0000-00-00'),
(699, '0000-00-00', 399, 37, '0000-00-00'),
(700, '0000-00-00', 323, 86, '0000-00-00'),
(701, '0000-00-00', 139, 37, '0000-00-00'),
(702, '0000-00-00', 110, 192, '0000-00-00'),
(703, '0000-00-00', 281, 125, '0000-00-00'),
(704, '0000-00-00', 309, 167, '0000-00-00'),
(705, '0000-00-00', 293, 39, '0000-00-00'),
(706, '0000-00-00', 211, 124, '0000-00-00'),
(707, '0000-00-00', 282, 2, '0000-00-00'),
(708, '0000-00-00', 375, 164, '0000-00-00'),
(709, '0000-00-00', 293, 190, '0000-00-00'),
(710, '0000-00-00', 260, 135, '0000-00-00'),
(711, '0000-00-00', 115, 165, '0000-00-00'),
(712, '0000-00-00', 149, 175, '0000-00-00'),
(713, '0000-00-00', 243, 107, '0000-00-00'),
(714, '0000-00-00', 248, 104, '0000-00-00'),
(715, '0000-00-00', 333, 12, '0000-00-00'),
(716, '0000-00-00', 283, 140, '0000-00-00'),
(717, '0000-00-00', 192, 45, '0000-00-00'),
(718, '0000-00-00', 390, 19, '0000-00-00'),
(719, '0000-00-00', 107, 48, '0000-00-00'),
(720, '0000-00-00', 316, 64, '0000-00-00'),
(721, '0000-00-00', 309, 180, '0000-00-00'),
(722, '0000-00-00', 26, 45, '0000-00-00'),
(723, '0000-00-00', 383, 187, '0000-00-00'),
(724, '0000-00-00', 347, 9, '0000-00-00'),
(725, '0000-00-00', 191, 33, '0000-00-00'),
(726, '0000-00-00', 204, 96, '0000-00-00'),
(727, '0000-00-00', 322, 20, '0000-00-00'),
(728, '0000-00-00', 197, 8, '0000-00-00'),
(729, '0000-00-00', 207, 130, '0000-00-00'),
(730, '0000-00-00', 220, 37, '0000-00-00'),
(731, '0000-00-00', 338, 152, '0000-00-00'),
(732, '0000-00-00', 352, 38, '0000-00-00'),
(733, '0000-00-00', 23, 87, '0000-00-00'),
(734, '0000-00-00', 82, 129, '0000-00-00'),
(735, '0000-00-00', 297, 45, '0000-00-00'),
(736, '0000-00-00', 360, 184, '0000-00-00'),
(737, '0000-00-00', 391, 152, '0000-00-00'),
(738, '0000-00-00', 197, 196, '0000-00-00'),
(739, '0000-00-00', 155, 31, '0000-00-00'),
(740, '0000-00-00', 201, 59, '0000-00-00'),
(741, '0000-00-00', 2, 112, '0000-00-00'),
(742, '0000-00-00', 236, 36, '0000-00-00'),
(743, '0000-00-00', 393, 148, '0000-00-00'),
(744, '0000-00-00', 176, 76, '0000-00-00'),
(745, '0000-00-00', 110, 94, '0000-00-00'),
(746, '0000-00-00', 49, 120, '0000-00-00'),
(747, '0000-00-00', 77, 152, '0000-00-00'),
(748, '0000-00-00', 311, 154, '0000-00-00'),
(749, '0000-00-00', 70, 21, '0000-00-00'),
(750, '0000-00-00', 231, 42, '0000-00-00'),
(751, '0000-00-00', 53, 101, '0000-00-00'),
(752, '0000-00-00', 121, 27, '0000-00-00'),
(753, '0000-00-00', 183, 147, '0000-00-00'),
(754, '0000-00-00', 331, 8, '0000-00-00'),
(755, '0000-00-00', 238, 52, '0000-00-00'),
(756, '0000-00-00', 58, 15, '0000-00-00'),
(757, '0000-00-00', 218, 128, '0000-00-00'),
(758, '0000-00-00', 184, 165, '0000-00-00'),
(759, '0000-00-00', 139, 61, '0000-00-00'),
(760, '0000-00-00', 224, 21, '0000-00-00'),
(761, '0000-00-00', 208, 91, '0000-00-00'),
(762, '0000-00-00', 64, 14, '0000-00-00'),
(763, '0000-00-00', 1, 184, '0000-00-00'),
(764, '0000-00-00', 348, 176, '0000-00-00'),
(765, '0000-00-00', 284, 96, '0000-00-00'),
(766, '0000-00-00', 66, 104, '0000-00-00'),
(767, '0000-00-00', 258, 70, '0000-00-00'),
(768, '0000-00-00', 288, 121, '0000-00-00'),
(769, '0000-00-00', 296, 144, '0000-00-00'),
(770, '0000-00-00', 298, 7, '0000-00-00'),
(771, '0000-00-00', 19, 184, '0000-00-00'),
(772, '0000-00-00', 234, 58, '0000-00-00'),
(773, '0000-00-00', 344, 154, '0000-00-00'),
(774, '0000-00-00', 318, 59, '0000-00-00'),
(775, '0000-00-00', 281, 123, '0000-00-00'),
(776, '0000-00-00', 245, 194, '0000-00-00'),
(777, '0000-00-00', 356, 79, '0000-00-00'),
(778, '0000-00-00', 370, 143, '0000-00-00'),
(779, '0000-00-00', 251, 26, '0000-00-00'),
(780, '0000-00-00', 389, 23, '0000-00-00'),
(781, '0000-00-00', 41, 125, '0000-00-00'),
(782, '0000-00-00', 228, 29, '0000-00-00'),
(783, '0000-00-00', 46, 176, '0000-00-00'),
(784, '0000-00-00', 314, 139, '0000-00-00'),
(785, '0000-00-00', 193, 117, '0000-00-00'),
(786, '0000-00-00', 138, 71, '0000-00-00'),
(787, '0000-00-00', 314, 53, '0000-00-00'),
(788, '0000-00-00', 106, 155, '0000-00-00'),
(789, '0000-00-00', 151, 28, '0000-00-00'),
(790, '0000-00-00', 117, 192, '0000-00-00'),
(791, '0000-00-00', 121, 53, '0000-00-00'),
(792, '0000-00-00', 177, 121, '0000-00-00'),
(793, '0000-00-00', 23, 139, '0000-00-00'),
(794, '0000-00-00', 361, 122, '0000-00-00'),
(795, '0000-00-00', 159, 6, '0000-00-00'),
(796, '0000-00-00', 203, 108, '0000-00-00'),
(797, '0000-00-00', 305, 32, '0000-00-00'),
(798, '0000-00-00', 142, 155, '0000-00-00'),
(799, '0000-00-00', 46, 126, '0000-00-00'),
(800, '0000-00-00', 179, 121, '0000-00-00'),
(801, '0000-00-00', 343, 183, '0000-00-00'),
(802, '0000-00-00', 8, 157, '0000-00-00'),
(803, '0000-00-00', 129, 12, '0000-00-00'),
(804, '0000-00-00', 130, 143, '0000-00-00'),
(805, '0000-00-00', 363, 43, '0000-00-00'),
(806, '0000-00-00', 212, 74, '0000-00-00'),
(807, '0000-00-00', 22, 85, '0000-00-00'),
(808, '0000-00-00', 247, 53, '0000-00-00'),
(809, '0000-00-00', 349, 84, '0000-00-00'),
(810, '0000-00-00', 138, 145, '0000-00-00'),
(811, '0000-00-00', 319, 80, '0000-00-00'),
(812, '0000-00-00', 71, 42, '0000-00-00'),
(813, '0000-00-00', 15, 89, '0000-00-00'),
(814, '0000-00-00', 142, 118, '0000-00-00'),
(815, '0000-00-00', 51, 7, '0000-00-00'),
(816, '0000-00-00', 326, 139, '0000-00-00'),
(817, '0000-00-00', 40, 174, '0000-00-00'),
(818, '0000-00-00', 184, 74, '0000-00-00'),
(819, '0000-00-00', 180, 25, '0000-00-00'),
(820, '0000-00-00', 357, 109, '0000-00-00'),
(821, '0000-00-00', 94, 115, '0000-00-00'),
(822, '0000-00-00', 289, 129, '0000-00-00'),
(823, '0000-00-00', 257, 62, '0000-00-00'),
(824, '0000-00-00', 304, 200, '0000-00-00'),
(825, '0000-00-00', 391, 78, '0000-00-00'),
(826, '0000-00-00', 351, 29, '0000-00-00'),
(827, '0000-00-00', 312, 8, '0000-00-00'),
(828, '0000-00-00', 65, 176, '0000-00-00'),
(829, '0000-00-00', 1, 149, '0000-00-00'),
(830, '0000-00-00', 262, 142, '0000-00-00'),
(831, '0000-00-00', 325, 145, '0000-00-00'),
(832, '0000-00-00', 67, 144, '0000-00-00'),
(833, '0000-00-00', 206, 104, '0000-00-00'),
(834, '0000-00-00', 13, 167, '0000-00-00'),
(835, '0000-00-00', 161, 43, '0000-00-00'),
(836, '0000-00-00', 169, 35, '0000-00-00'),
(837, '0000-00-00', 355, 30, '0000-00-00'),
(838, '0000-00-00', 186, 96, '0000-00-00'),
(839, '0000-00-00', 200, 88, '0000-00-00'),
(840, '0000-00-00', 7, 48, '0000-00-00'),
(841, '0000-00-00', 315, 190, '0000-00-00'),
(842, '0000-00-00', 286, 108, '0000-00-00'),
(843, '0000-00-00', 118, 167, '0000-00-00'),
(844, '0000-00-00', 272, 33, '0000-00-00'),
(845, '0000-00-00', 380, 24, '0000-00-00'),
(846, '0000-00-00', 297, 136, '0000-00-00'),
(847, '0000-00-00', 221, 101, '0000-00-00'),
(848, '0000-00-00', 265, 128, '0000-00-00'),
(849, '0000-00-00', 111, 2, '0000-00-00'),
(850, '0000-00-00', 251, 74, '0000-00-00'),
(851, '0000-00-00', 311, 154, '0000-00-00'),
(852, '0000-00-00', 332, 196, '0000-00-00'),
(853, '0000-00-00', 145, 41, '0000-00-00'),
(854, '0000-00-00', 69, 87, '0000-00-00'),
(855, '0000-00-00', 16, 47, '0000-00-00'),
(856, '0000-00-00', 22, 35, '0000-00-00'),
(857, '0000-00-00', 301, 65, '0000-00-00'),
(858, '0000-00-00', 90, 140, '0000-00-00'),
(859, '0000-00-00', 254, 171, '0000-00-00'),
(860, '0000-00-00', 89, 11, '0000-00-00'),
(861, '0000-00-00', 90, 9, '0000-00-00'),
(862, '0000-00-00', 227, 15, '0000-00-00'),
(863, '0000-00-00', 215, 68, '0000-00-00'),
(864, '0000-00-00', 172, 20, '0000-00-00'),
(865, '0000-00-00', 181, 197, '0000-00-00'),
(866, '0000-00-00', 282, 184, '0000-00-00'),
(867, '0000-00-00', 295, 26, '0000-00-00'),
(868, '0000-00-00', 212, 129, '0000-00-00'),
(869, '0000-00-00', 71, 94, '0000-00-00'),
(870, '0000-00-00', 168, 110, '0000-00-00'),
(871, '0000-00-00', 215, 152, '0000-00-00'),
(872, '0000-00-00', 174, 50, '0000-00-00'),
(873, '0000-00-00', 341, 144, '0000-00-00'),
(874, '0000-00-00', 286, 119, '0000-00-00'),
(875, '0000-00-00', 207, 43, '0000-00-00'),
(876, '0000-00-00', 331, 143, '0000-00-00'),
(877, '0000-00-00', 184, 154, '0000-00-00'),
(878, '0000-00-00', 358, 105, '0000-00-00'),
(879, '0000-00-00', 223, 192, '0000-00-00'),
(880, '0000-00-00', 319, 82, '0000-00-00'),
(881, '0000-00-00', 32, 16, '0000-00-00'),
(882, '0000-00-00', 132, 72, '0000-00-00'),
(883, '0000-00-00', 298, 149, '0000-00-00'),
(884, '0000-00-00', 167, 51, '0000-00-00'),
(885, '0000-00-00', 232, 32, '0000-00-00'),
(886, '0000-00-00', 295, 161, '0000-00-00'),
(887, '0000-00-00', 172, 164, '0000-00-00'),
(888, '0000-00-00', 221, 74, '0000-00-00'),
(889, '0000-00-00', 202, 102, '0000-00-00'),
(890, '0000-00-00', 331, 138, '0000-00-00'),
(891, '0000-00-00', 95, 66, '0000-00-00'),
(892, '0000-00-00', 293, 50, '0000-00-00'),
(893, '0000-00-00', 156, 37, '0000-00-00'),
(894, '0000-00-00', 248, 120, '0000-00-00'),
(895, '0000-00-00', 251, 93, '0000-00-00'),
(896, '0000-00-00', 37, 187, '0000-00-00'),
(897, '0000-00-00', 337, 174, '0000-00-00'),
(898, '0000-00-00', 304, 56, '0000-00-00'),
(899, '0000-00-00', 125, 94, '0000-00-00'),
(900, '0000-00-00', 383, 114, '0000-00-00'),
(901, '0000-00-00', 371, 60, '0000-00-00'),
(902, '0000-00-00', 354, 9, '0000-00-00'),
(903, '0000-00-00', 336, 40, '0000-00-00'),
(904, '0000-00-00', 280, 182, '0000-00-00'),
(905, '0000-00-00', 271, 31, '0000-00-00'),
(906, '0000-00-00', 211, 190, '0000-00-00'),
(907, '0000-00-00', 383, 135, '0000-00-00'),
(908, '0000-00-00', 109, 109, '0000-00-00'),
(909, '0000-00-00', 95, 57, '0000-00-00'),
(910, '0000-00-00', 304, 142, '0000-00-00'),
(911, '0000-00-00', 27, 127, '0000-00-00'),
(912, '0000-00-00', 39, 3, '0000-00-00'),
(913, '0000-00-00', 114, 43, '0000-00-00'),
(914, '0000-00-00', 288, 101, '0000-00-00'),
(915, '0000-00-00', 96, 194, '0000-00-00'),
(916, '0000-00-00', 211, 154, '0000-00-00'),
(917, '0000-00-00', 226, 46, '0000-00-00'),
(918, '0000-00-00', 283, 8, '0000-00-00'),
(919, '0000-00-00', 79, 126, '0000-00-00'),
(920, '0000-00-00', 363, 106, '0000-00-00'),
(921, '0000-00-00', 92, 153, '0000-00-00'),
(922, '0000-00-00', 315, 164, '0000-00-00'),
(923, '0000-00-00', 353, 110, '0000-00-00'),
(924, '0000-00-00', 232, 101, '0000-00-00'),
(925, '0000-00-00', 254, 107, '0000-00-00'),
(926, '0000-00-00', 374, 113, '0000-00-00'),
(927, '0000-00-00', 130, 156, '0000-00-00'),
(928, '0000-00-00', 332, 99, '0000-00-00'),
(929, '0000-00-00', 289, 120, '0000-00-00'),
(930, '0000-00-00', 71, 168, '0000-00-00'),
(931, '0000-00-00', 209, 4, '0000-00-00'),
(932, '0000-00-00', 163, 39, '0000-00-00'),
(933, '0000-00-00', 329, 189, '0000-00-00'),
(934, '0000-00-00', 303, 12, '0000-00-00'),
(935, '0000-00-00', 19, 28, '0000-00-00'),
(936, '0000-00-00', 67, 96, '0000-00-00'),
(937, '0000-00-00', 242, 175, '0000-00-00'),
(938, '0000-00-00', 176, 77, '0000-00-00'),
(939, '0000-00-00', 159, 173, '0000-00-00'),
(940, '0000-00-00', 396, 74, '0000-00-00'),
(941, '0000-00-00', 176, 86, '0000-00-00'),
(942, '0000-00-00', 30, 183, '0000-00-00'),
(943, '0000-00-00', 191, 67, '0000-00-00'),
(944, '0000-00-00', 131, 78, '0000-00-00'),
(945, '0000-00-00', 63, 128, '0000-00-00'),
(946, '0000-00-00', 222, 144, '0000-00-00'),
(947, '0000-00-00', 230, 63, '0000-00-00'),
(948, '0000-00-00', 180, 46, '0000-00-00'),
(949, '0000-00-00', 102, 90, '0000-00-00'),
(950, '0000-00-00', 334, 69, '0000-00-00'),
(951, '0000-00-00', 270, 23, '0000-00-00'),
(952, '0000-00-00', 20, 187, '0000-00-00'),
(953, '0000-00-00', 285, 14, '0000-00-00'),
(954, '0000-00-00', 38, 66, '0000-00-00'),
(955, '0000-00-00', 16, 73, '0000-00-00'),
(956, '0000-00-00', 131, 8, '0000-00-00'),
(957, '0000-00-00', 377, 37, '0000-00-00'),
(958, '0000-00-00', 302, 109, '0000-00-00'),
(959, '0000-00-00', 120, 68, '0000-00-00'),
(960, '0000-00-00', 314, 98, '0000-00-00'),
(961, '0000-00-00', 131, 102, '0000-00-00'),
(962, '0000-00-00', 394, 106, '0000-00-00'),
(963, '0000-00-00', 81, 137, '0000-00-00'),
(964, '0000-00-00', 394, 121, '0000-00-00'),
(965, '0000-00-00', 73, 91, '0000-00-00'),
(966, '0000-00-00', 240, 141, '0000-00-00'),
(967, '0000-00-00', 283, 55, '0000-00-00'),
(968, '0000-00-00', 184, 130, '0000-00-00'),
(969, '0000-00-00', 152, 61, '0000-00-00'),
(970, '0000-00-00', 198, 159, '0000-00-00'),
(971, '0000-00-00', 319, 136, '0000-00-00'),
(972, '0000-00-00', 11, 108, '0000-00-00'),
(973, '0000-00-00', 174, 193, '0000-00-00'),
(974, '0000-00-00', 162, 19, '0000-00-00'),
(975, '0000-00-00', 11, 114, '0000-00-00'),
(976, '0000-00-00', 347, 128, '0000-00-00'),
(977, '0000-00-00', 390, 165, '0000-00-00'),
(978, '0000-00-00', 109, 12, '0000-00-00'),
(979, '0000-00-00', 200, 16, '0000-00-00'),
(980, '0000-00-00', 223, 193, '0000-00-00'),
(981, '0000-00-00', 208, 21, '0000-00-00'),
(982, '0000-00-00', 226, 109, '0000-00-00'),
(983, '0000-00-00', 317, 133, '0000-00-00'),
(984, '0000-00-00', 165, 107, '0000-00-00'),
(985, '0000-00-00', 19, 9, '0000-00-00'),
(986, '0000-00-00', 155, 128, '0000-00-00'),
(987, '0000-00-00', 346, 191, '0000-00-00'),
(988, '0000-00-00', 71, 139, '0000-00-00'),
(989, '0000-00-00', 226, 44, '0000-00-00'),
(990, '0000-00-00', 153, 64, '0000-00-00'),
(991, '0000-00-00', 396, 186, '0000-00-00'),
(992, '0000-00-00', 57, 99, '0000-00-00'),
(993, '0000-00-00', 118, 117, '0000-00-00'),
(994, '0000-00-00', 107, 134, '0000-00-00'),
(995, '0000-00-00', 72, 106, '0000-00-00'),
(996, '0000-00-00', 354, 180, '0000-00-00'),
(997, '0000-00-00', 198, 143, '0000-00-00'),
(998, '0000-00-00', 329, 56, '0000-00-00'),
(999, '0000-00-00', 198, 53, '0000-00-00'),
(1000, '0000-00-00', 229, 114, '0000-00-00');

-- --------------------------------------------------------

--
-- Table structure for table `pattern_tbl`
--

CREATE TABLE `pattern_tbl` (
  `PatternID` int(11) NOT NULL,
  `Pattern` varchar(50) NOT NULL
) ENGINE=InnoDB DEFAULT CHARSET=utf8;

--
-- Dumping data for table `pattern_tbl`
--

INSERT INTO `pattern_tbl` (`PatternID`, `Pattern`) VALUES
(1, 'Chambray'),
(2, 'Plaid'),
(3, 'Marbled'),
(4, 'Stripes'),
(5, 'Solid'),
(6, 'Pointelle Knit'),
(7, 'Solid Knit'),
(8, 'Airplane Graphic'),
(9, 'Denim'),
(10, 'Flower'),
(11, 'Flowers'),
(12, 'Floral'),
(13, 'Soiid'),
(14, 'Solid w/ Trim'),
(15, 'Striped'),
(16, 'Lobster'),
(17, 'Striped w/ Whale'),
(18, 'Mini Stripes'),
(19, 'Check'),
(20, 'Horse Shield'),
(21, 'Gingham'),
(22, 'Searucker'),
(23, 'Stripe'),
(24, 'Chevron'),
(25, 'Motorcycle'),
(26, 'Paisley'),
(27, 'Dots'),
(28, 'Scallop'),
(29, 'Searsucker'),
(30, 'Searsucket'),
(31, 'Anchors'),
(32, 'Searsucker Anchor'),
(33, 'Airplane Embroidered'),
(34, 'Reindeer'),
(35, 'Fagin Fairisle '),
(36, 'Ribbons'),
(37, 'Lacrosse'),
(38, 'Dogs'),
(39, 'Cars'),
(40, 'Whales'),
(41, 'Shark'),
(42, 'Whale'),
(43, 'Block Stripe'),
(44, 'Shoes'),
(45, 'Umbrellas'),
(46, 'Snowflake'),
(47, 'Logo'),
(48, 'Circus'),
(49, 'Airplane'),
(50, 'Giraffe'),
(51, 'Sailboat Decal'),
(52, 'Stars'),
(53, 'Ducking'),
(54, 'Fair Isle'),
(55, 'Solid w/ Fair Isle Trim'),
(56, 'Zoo'),
(57, 'Solid w/ Gingham Trimmed'),
(58, 'Solid '),
(59, 'Palms'),
(60, 'Moose Graphic/Stripes'),
(61, 'Stripe w/ Decal'),
(62, 'Striped w/ Decal'),
(63, 'Color Blocked'),
(64, 'Color Block'),
(65, 'Side Stripe'),
(66, 'Solid w/ Elbow Patches'),
(67, 'Solid w/Trim'),
(68, 'Wide Stripe'),
(69, 'Snowflakes'),
(70, 'Micro Check'),
(71, 'Anchor'),
(72, 'Flamingos'),
(73, 'Desserts'),
(74, 'Sea Horse'),
(75, 'Hearts'),
(76, 'Deer'),
(77, 'Poodles'),
(78, 'Robin '),
(79, 'Polar Bear'),
(80, 'Cherries'),
(81, 'Butterfly'),
(82, 'Beach'),
(83, 'Swan'),
(84, 'Links'),
(85, 'Lace'),
(86, 'Gold Striped Waistband'),
(87, 'Heart Pocket'),
(88, 'Solid Frill'),
(89, 'Houndstooth'),
(90, 'Eyelete Lace'),
(91, 'Diamond'),
(92, 'Aztec'),
(93, 'Polka Dots'),
(94, 'Beach '),
(95, 'Scotty Dogs'),
(96, 'Heart');

-- --------------------------------------------------------

--
-- Table structure for table `product_tbl`
--

CREATE TABLE `product_tbl` (
  `ProductID` int(11) NOT NULL,
  `ItemColorID` int(11) NOT NULL,
  `ItemSizeID` int(11) NOT NULL
) ENGINE=InnoDB DEFAULT CHARSET=latin1;

--
-- Dumping data for table `product_tbl`
--

INSERT INTO `product_tbl` (`ProductID`, `ItemColorID`, `ItemSizeID`) VALUES
(1, 914, 942),
(2, 61, 457),
(3, 863, 216),
(4, 681, 60),
(5, 8, 818),
(6, 526, 654),
(7, 888, 927),
(8, 805, 73),
(9, 611, 868),
(10, 404, 451),
(11, 77, 624),
(12, 939, 507),
(13, 656, 210),
(14, 883, 432),
(15, 783, 997),
(16, 580, 252),
(17, 89, 48),
(18, 541, 598),
(19, 345, 326),
(20, 225, 867),
(21, 825, 853),
(22, 801, 81),
(23, 710, 378),
(24, 29, 820),
(25, 972, 89),
(26, 85, 800),
(27, 700, 589),
(28, 986, 337),
(29, 740, 350),
(30, 48, 674),
(31, 281, 878),
(32, 782, 4),
(33, 2, 57),
(34, 189, 234),
(35, 543, 540),
(36, 410, 500),
(37, 208, 617),
(38, 97, 85),
(39, 512, 85),
(40, 773, 885),
(41, 235, 385),
(42, 153, 312),
(43, 344, 316),
(44, 529, 194),
(45, 898, 230),
(46, 587, 67),
(47, 845, 427),
(48, 990, 940),
(49, 496, 536),
(50, 461, 419),
(51, 704, 217),
(52, 723, 236),
(53, 504, 774),
(54, 836, 587),
(55, 467, 595),
(56, 185, 204),
(57, 779, 289),
(58, 752, 835),
(59, 522, 682),
(60, 278, 523),
(61, 413, 720),
(62, 753, 711),
(63, 422, 952),
(64, 993, 937),
(65, 376, 806),
(66, 860, 399),
(67, 427, 793),
(68, 438, 357),
(69, 606, 734),
(70, 405, 95),
(71, 763, 739),
(72, 698, 633),
(73, 203, 792),
(74, 836, 901),
(75, 331, 789),
(76, 16, 620),
(77, 587, 408),
(78, 812, 886),
(79, 327, 944),
(80, 899, 763),
(81, 331, 857),
(82, 30, 738),
(83, 229, 619),
(84, 567, 141),
(85, 694, 891),
(86, 472, 48),
(87, 988, 795),
(88, 13, 832),
(89, 594, 976),
(90, 644, 207),
(91, 237, 944),
(92, 850, 536),
(93, 660, 488),
(94, 691, 874),
(95, 606, 655),
(96, 317, 549),
(97, 580, 822),
(98, 3, 666),
(99, 135, 695),
(100, 615, 490),
(101, 285, 644),
(102, 948, 46),
(103, 547, 675),
(104, 604, 905),
(105, 476, 156),
(106, 57, 13),
(107, 795, 620),
(108, 932, 289),
(109, 117, 147),
(110, 95, 393),
(111, 384, 394),
(112, 942, 986),
(113, 145, 238),
(114, 611, 446),
(115, 625, 268),
(116, 575, 396),
(117, 463, 299),
(118, 512, 192),
(119, 34, 384),
(120, 239, 196),
(121, 135, 837),
(122, 354, 125),
(123, 169, 5),
(124, 953, 302),
(125, 333, 933),
(126, 649, 125),
(127, 440, 703),
(128, 495, 120),
(129, 647, 339),
(130, 656, 960),
(131, 709, 460),
(132, 923, 684),
(133, 593, 745),
(134, 853, 346),
(135, 784, 907),
(136, 55, 93),
(137, 100, 333),
(138, 748, 33),
(139, 599, 942),
(140, 443, 199),
(141, 654, 955),
(142, 1000, 716),
(143, 550, 74),
(144, 551, 540),
(145, 256, 288),
(146, 913, 623),
(147, 984, 816),
(148, 773, 968),
(149, 389, 592),
(150, 880, 417),
(151, 552, 862),
(152, 978, 532),
(153, 439, 995),
(154, 688, 365),
(155, 695, 434),
(156, 999, 262),
(157, 858, 223),
(158, 803, 89),
(159, 467, 22),
(160, 496, 305),
(161, 787, 703),
(162, 241, 404),
(163, 976, 38),
(164, 674, 286),
(165, 423, 503),
(166, 737, 764),
(167, 560, 494),
(168, 358, 648),
(169, 830, 797),
(170, 472, 14),
(171, 269, 812),
(172, 792, 235),
(173, 912, 862),
(174, 304, 364),
(175, 900, 333),
(176, 197, 184),
(177, 795, 372),
(178, 183, 682),
(179, 426, 424),
(180, 624, 623),
(181, 833, 165),
(182, 693, 696),
(183, 466, 100),
(184, 36, 87),
(185, 981, 836),
(186, 630, 675),
(187, 800, 386),
(188, 259, 55),
(189, 436, 411),
(190, 384, 27),
(191, 503, 434),
(192, 725, 126),
(193, 758, 214),
(194, 333, 434),
(195, 95, 705),
(196, 152, 850),
(197, 230, 518),
(198, 796, 160),
(199, 646, 496),
(200, 794, 503),
(201, 615, 112),
(202, 87, 131),
(203, 799, 849),
(204, 884, 808),
(205, 590, 130),
(206, 67, 754),
(207, 352, 633),
(208, 33, 78),
(209, 705, 807),
(210, 24, 612),
(211, 339, 745),
(212, 258, 251),
(213, 289, 894),
(214, 579, 195),
(215, 893, 863),
(216, 545, 626),
(217, 532, 184),
(218, 203, 794),
(219, 547, 502),
(220, 260, 560),
(221, 48, 387),
(222, 276, 637),
(223, 70, 308),
(224, 568, 148),
(225, 987, 81),
(226, 310, 86),
(227, 586, 318),
(228, 601, 719),
(229, 277, 256),
(230, 132, 111),
(231, 738, 439),
(232, 825, 156),
(233, 90, 52),
(234, 979, 524),
(235, 58, 386),
(236, 866, 578),
(237, 268, 668),
(238, 195, 81),
(239, 483, 378),
(240, 612, 232),
(241, 712, 352),
(242, 178, 601),
(243, 704, 538),
(244, 635, 388),
(245, 915, 777),
(246, 617, 837),
(247, 113, 881),
(248, 898, 551),
(249, 66, 197),
(250, 172, 863),
(251, 865, 919),
(252, 683, 262),
(253, 821, 413),
(254, 865, 836),
(255, 986, 929),
(256, 16, 705),
(257, 654, 427),
(258, 940, 693),
(259, 445, 165),
(260, 151, 279),
(261, 276, 518),
(262, 890, 553),
(263, 431, 819),
(264, 884, 274),
(265, 330, 976),
(266, 124, 359),
(267, 480, 341),
(268, 745, 581),
(269, 544, 779),
(270, 83, 86),
(271, 163, 225),
(272, 58, 747),
(273, 851, 470),
(274, 166, 57),
(275, 749, 136),
(276, 638, 987),
(277, 98, 852),
(278, 822, 305),
(279, 138, 624),
(280, 70, 202),
(281, 739, 805),
(282, 634, 880),
(283, 537, 500),
(284, 897, 532),
(285, 244, 396),
(286, 643, 780),
(287, 479, 96),
(288, 303, 904),
(289, 4, 11),
(290, 523, 14),
(291, 85, 642),
(292, 120, 165),
(293, 781, 222),
(294, 705, 805),
(295, 454, 976),
(296, 182, 846),
(297, 838, 479),
(298, 324, 342),
(299, 371, 421),
(300, 8, 147),
(301, 669, 17),
(302, 943, 666),
(303, 874, 592),
(304, 5, 897),
(305, 27, 872),
(306, 891, 825),
(307, 739, 629),
(308, 131, 236),
(309, 694, 588),
(310, 116, 162),
(311, 300, 307),
(312, 232, 875),
(313, 137, 52),
(314, 887, 370),
(315, 775, 818),
(316, 19, 205),
(317, 832, 384),
(318, 27, 123),
(319, 49, 827),
(320, 940, 776),
(321, 822, 321),
(322, 571, 746),
(323, 438, 281),
(324, 889, 174),
(325, 735, 74),
(326, 637, 810),
(327, 561, 417),
(328, 129, 170),
(329, 499, 516),
(330, 42, 508),
(331, 639, 108),
(332, 336, 898),
(333, 752, 271),
(334, 742, 331),
(335, 503, 546),
(336, 482, 511),
(337, 764, 36),
(338, 271, 598),
(339, 395, 687),
(340, 58, 713),
(341, 796, 813),
(342, 876, 954),
(343, 877, 985),
(344, 965, 122),
(345, 526, 503),
(346, 432, 162),
(347, 773, 127),
(348, 349, 359),
(349, 575, 834),
(350, 298, 681),
(351, 887, 926),
(352, 194, 805),
(353, 806, 151),
(354, 978, 104),
(355, 926, 335),
(356, 863, 653),
(357, 622, 731),
(358, 697, 867),
(359, 284, 148),
(360, 69, 996),
(361, 558, 649),
(362, 511, 551),
(363, 510, 34),
(364, 596, 443),
(365, 789, 584),
(366, 828, 824),
(367, 83, 703),
(368, 913, 62),
(369, 265, 755),
(370, 215, 705),
(371, 720, 864),
(372, 557, 227),
(373, 526, 313),
(374, 369, 824),
(375, 878, 91),
(376, 169, 136),
(377, 913, 784),
(378, 782, 681),
(379, 959, 576),
(380, 436, 761),
(381, 321, 37),
(382, 113, 227),
(383, 752, 316),
(384, 649, 446),
(385, 755, 473),
(386, 136, 597),
(387, 24, 193),
(388, 655, 485),
(389, 668, 833),
(390, 345, 872),
(391, 569, 152),
(392, 237, 113),
(393, 240, 768),
(394, 635, 52),
(395, 351, 187),
(396, 641, 968),
(397, 553, 332),
(398, 607, 291),
(399, 757, 434),
(400, 783, 374),
(401, 108, 640),
(402, 700, 462),
(403, 171, 911),
(404, 852, 778),
(405, 129, 270),
(406, 899, 709),
(407, 606, 685),
(408, 24, 951),
(409, 247, 773),
(410, 770, 909),
(411, 398, 409),
(412, 728, 300),
(413, 592, 420),
(414, 551, 678),
(415, 728, 715),
(416, 807, 53),
(417, 665, 794),
(418, 940, 334),
(419, 473, 120),
(420, 582, 896),
(421, 873, 807),
(422, 848, 509),
(423, 421, 532),
(424, 131, 182),
(425, 832, 514),
(426, 412, 603),
(427, 913, 275),
(428, 206, 328),
(429, 640, 877),
(430, 307, 779),
(431, 920, 616),
(432, 640, 589),
(433, 837, 24),
(434, 559, 736),
(435, 922, 726),
(436, 455, 714),
(437, 863, 475),
(438, 865, 16),
(439, 590, 850),
(440, 400, 393),
(441, 207, 978),
(442, 512, 347),
(443, 905, 175),
(444, 915, 80),
(445, 948, 963),
(446, 691, 68),
(447, 557, 902),
(448, 974, 764),
(449, 717, 909),
(450, 899, 430),
(451, 153, 174),
(452, 735, 322),
(453, 301, 741),
(454, 86, 172),
(455, 69, 665),
(456, 459, 587),
(457, 290, 294),
(458, 1, 666),
(459, 440, 940),
(460, 841, 561),
(461, 715, 910),
(462, 130, 509),
(463, 682, 920),
(464, 37, 958),
(465, 254, 454),
(466, 605, 248),
(467, 235, 280),
(468, 377, 338),
(469, 845, 640),
(470, 361, 800),
(471, 532, 812),
(472, 640, 789),
(473, 476, 502),
(474, 924, 427),
(475, 692, 277),
(476, 621, 910),
(477, 576, 718),
(478, 721, 848),
(479, 156, 367),
(480, 289, 17),
(481, 866, 455),
(482, 551, 355),
(483, 923, 323),
(484, 367, 744),
(485, 896, 575),
(486, 477, 470),
(487, 823, 8),
(488, 323, 944),
(489, 62, 676),
(490, 625, 815),
(491, 74, 530),
(492, 216, 946),
(493, 531, 284),
(494, 245, 999),
(495, 859, 980),
(496, 539, 69),
(497, 755, 625),
(498, 631, 799),
(499, 429, 563),
(500, 862, 23),
(501, 900, 15),
(502, 100, 775),
(503, 916, 67),
(504, 272, 323),
(505, 703, 740),
(506, 338, 667),
(507, 838, 942),
(508, 71, 921),
(509, 49, 654),
(510, 490, 16),
(511, 871, 176),
(512, 852, 454),
(513, 950, 51),
(514, 88, 551),
(515, 257, 870),
(516, 373, 859),
(517, 689, 19),
(518, 513, 8),
(519, 915, 983),
(520, 86, 571),
(521, 923, 360),
(522, 61, 155),
(523, 485, 464),
(524, 601, 845),
(525, 99, 486),
(526, 864, 363),
(527, 921, 911),
(528, 310, 919),
(529, 167, 511),
(530, 226, 191),
(531, 412, 764),
(532, 621, 609),
(533, 930, 484),
(534, 33, 260),
(535, 976, 855),
(536, 78, 173),
(537, 891, 975),
(538, 59, 389),
(539, 20, 375),
(540, 665, 24),
(541, 625, 266),
(542, 941, 293),
(543, 91, 264),
(544, 105, 426),
(545, 74, 254),
(546, 536, 913),
(547, 313, 168),
(548, 624, 850),
(549, 180, 960),
(550, 554, 901),
(551, 380, 6),
(552, 308, 650),
(553, 483, 743),
(554, 341, 524),
(555, 815, 707),
(556, 291, 20),
(557, 334, 421),
(558, 462, 421),
(559, 666, 3),
(560, 676, 848),
(561, 845, 532),
(562, 454, 927),
(563, 473, 196),
(564, 205, 356),
(565, 769, 546),
(566, 815, 937),
(567, 18, 738),
(568, 21, 247),
(569, 422, 318),
(570, 936, 58),
(571, 851, 217),
(572, 785, 556),
(573, 893, 555),
(574, 563, 446),
(575, 902, 379),
(576, 269, 829),
(577, 954, 274),
(578, 696, 213),
(579, 610, 482),
(580, 291, 284),
(581, 420, 996),
(582, 619, 620),
(583, 271, 180),
(584, 306, 368),
(585, 536, 789),
(586, 490, 69),
(587, 448, 101),
(588, 633, 262),
(589, 947, 842),
(590, 258, 253),
(591, 853, 132),
(592, 968, 760),
(593, 982, 23),
(594, 475, 656),
(595, 58, 655),
(596, 434, 821),
(597, 308, 207),
(598, 780, 831),
(599, 117, 600),
(600, 414, 995),
(601, 160, 930),
(602, 330, 844),
(603, 563, 9),
(604, 254, 46),
(605, 840, 489),
(606, 297, 696),
(607, 62, 439),
(608, 909, 27),
(609, 637, 858),
(610, 66, 553),
(611, 979, 923),
(612, 240, 285),
(613, 122, 251),
(614, 597, 793),
(615, 351, 756),
(616, 269, 430),
(617, 462, 404),
(618, 547, 689),
(619, 92, 175),
(620, 5, 408),
(621, 255, 779),
(622, 780, 425),
(623, 182, 504),
(624, 430, 120),
(625, 165, 842),
(626, 138, 936),
(627, 530, 406),
(628, 824, 698),
(629, 107, 190),
(630, 458, 412),
(631, 51, 719),
(632, 506, 39),
(633, 910, 154),
(634, 762, 8),
(635, 298, 904),
(636, 751, 241),
(637, 265, 590),
(638, 985, 434),
(639, 48, 24),
(640, 222, 429),
(641, 437, 947),
(642, 312, 182),
(643, 186, 102),
(644, 683, 358),
(645, 580, 809),
(646, 451, 477),
(647, 874, 814),
(648, 606, 295),
(649, 846, 846),
(650, 524, 449),
(651, 613, 237),
(652, 680, 916),
(653, 66, 433),
(654, 633, 504),
(655, 185, 697),
(656, 282, 415),
(657, 200, 973),
(658, 990, 448),
(659, 163, 696),
(660, 649, 26),
(661, 895, 760),
(662, 60, 541),
(663, 682, 763),
(664, 239, 630),
(665, 824, 107),
(666, 324, 754),
(667, 841, 363),
(668, 908, 123),
(669, 448, 827),
(670, 978, 746),
(671, 927, 360),
(672, 574, 9),
(673, 505, 954),
(674, 454, 409),
(675, 420, 782),
(676, 279, 511),
(677, 765, 154),
(678, 900, 728),
(679, 978, 330),
(680, 343, 240),
(681, 816, 245),
(682, 740, 882),
(683, 346, 879),
(684, 991, 521),
(685, 698, 647),
(686, 141, 382),
(687, 828, 716),
(688, 664, 623),
(689, 393, 974),
(690, 863, 313),
(691, 393, 891),
(692, 964, 763),
(693, 200, 914),
(694, 645, 646),
(695, 166, 213),
(696, 944, 50),
(697, 640, 827),
(698, 596, 570),
(699, 485, 95),
(700, 881, 730),
(701, 588, 124),
(702, 801, 196),
(703, 758, 174),
(704, 264, 94),
(705, 62, 579),
(706, 242, 423),
(707, 573, 165),
(708, 1, 218),
(709, 633, 753),
(710, 994, 564),
(711, 699, 341),
(712, 703, 904),
(713, 974, 458),
(714, 405, 590),
(715, 178, 998),
(716, 651, 159),
(717, 316, 344),
(718, 467, 838),
(719, 145, 733),
(720, 555, 442),
(721, 981, 503),
(722, 534, 583),
(723, 742, 195),
(724, 245, 404),
(725, 338, 157),
(726, 130, 428),
(727, 665, 368),
(728, 197, 55),
(729, 457, 676),
(730, 838, 206),
(731, 620, 891),
(732, 409, 312),
(733, 16, 575),
(734, 792, 772),
(735, 601, 189),
(736, 34, 638),
(737, 985, 449),
(738, 772, 921),
(739, 583, 311),
(740, 78, 406),
(741, 457, 345),
(742, 706, 533),
(743, 501, 127),
(744, 557, 114),
(745, 821, 228),
(746, 957, 326),
(747, 615, 388),
(748, 815, 956),
(749, 855, 862),
(750, 703, 749),
(751, 500, 779),
(752, 442, 674),
(753, 232, 261),
(754, 841, 232),
(755, 41, 762),
(756, 167, 641),
(757, 64, 392),
(758, 829, 614),
(759, 861, 163),
(760, 959, 171),
(761, 76, 105),
(762, 415, 434),
(763, 551, 983),
(764, 623, 490),
(765, 128, 815),
(766, 202, 709),
(767, 561, 655),
(768, 108, 140),
(769, 371, 267),
(770, 263, 94),
(771, 992, 694),
(772, 224, 727),
(773, 173, 1),
(774, 634, 662),
(775, 627, 119),
(776, 904, 316),
(777, 289, 761),
(778, 728, 135),
(779, 669, 752),
(780, 593, 308),
(781, 866, 551),
(782, 307, 160),
(783, 70, 458),
(784, 823, 307),
(785, 345, 558),
(786, 712, 964),
(787, 284, 11),
(788, 936, 158),
(789, 404, 344),
(790, 227, 607),
(791, 587, 665),
(792, 275, 17),
(793, 604, 299),
(794, 593, 851),
(795, 727, 672),
(796, 343, 828),
(797, 66, 874),
(798, 669, 828),
(799, 187, 753),
(800, 226, 675),
(801, 550, 70),
(802, 321, 211),
(803, 122, 940),
(804, 400, 99),
(805, 743, 982),
(806, 587, 373),
(807, 485, 826),
(808, 445, 379),
(809, 631, 247),
(810, 679, 140),
(811, 272, 57),
(812, 141, 900),
(813, 169, 349),
(814, 70, 911),
(815, 456, 712),
(816, 54, 505),
(817, 82, 747),
(818, 71, 360),
(819, 515, 489),
(820, 97, 312),
(821, 172, 237),
(822, 121, 857),
(823, 115, 877),
(824, 850, 468),
(825, 879, 568),
(826, 629, 545),
(827, 189, 543),
(828, 258, 766),
(829, 485, 300),
(830, 909, 183),
(831, 191, 733),
(832, 429, 340),
(833, 329, 755),
(834, 807, 722),
(835, 537, 612),
(836, 47, 632),
(837, 343, 966),
(838, 846, 351),
(839, 534, 845),
(840, 999, 702),
(841, 593, 661),
(842, 879, 463),
(843, 693, 809),
(844, 605, 211),
(845, 278, 742),
(846, 178, 159),
(847, 851, 45),
(848, 531, 790),
(849, 168, 347),
(850, 656, 995),
(851, 327, 382),
(852, 458, 433),
(853, 513, 228),
(854, 670, 321),
(855, 666, 418),
(856, 23, 13),
(857, 145, 868),
(858, 445, 327),
(859, 861, 367),
(860, 249, 420),
(861, 492, 702),
(862, 296, 523),
(863, 956, 719),
(864, 570, 907),
(865, 204, 894),
(866, 327, 136),
(867, 451, 193),
(868, 990, 137),
(869, 624, 164),
(870, 352, 502),
(871, 923, 187),
(872, 360, 445),
(873, 290, 451),
(874, 770, 889),
(875, 261, 761),
(876, 678, 165),
(877, 711, 700),
(878, 879, 270),
(879, 423, 356),
(880, 129, 350),
(881, 421, 27),
(882, 62, 14),
(883, 992, 457),
(884, 870, 738),
(885, 948, 126),
(886, 528, 340),
(887, 559, 963),
(888, 482, 652),
(889, 467, 468),
(890, 749, 522),
(891, 474, 103),
(892, 145, 909),
(893, 896, 165),
(894, 528, 808),
(895, 348, 735),
(896, 804, 219),
(897, 239, 521),
(898, 935, 945),
(899, 618, 537),
(900, 834, 232),
(901, 777, 546),
(902, 347, 773),
(903, 863, 660),
(904, 152, 196),
(905, 47, 345),
(906, 426, 935),
(907, 33, 401),
(908, 882, 376),
(909, 407, 577),
(910, 641, 383),
(911, 69, 240),
(912, 92, 450),
(913, 115, 78),
(914, 248, 101),
(915, 23, 911),
(916, 164, 313),
(917, 558, 483),
(918, 219, 445),
(919, 198, 603),
(920, 870, 178),
(921, 742, 794),
(922, 788, 670),
(923, 433, 621),
(924, 364, 133),
(925, 743, 528),
(926, 434, 936),
(927, 369, 347),
(928, 141, 30),
(929, 771, 420),
(930, 615, 881),
(931, 158, 30),
(932, 153, 192),
(933, 663, 765),
(934, 289, 752),
(935, 199, 420),
(936, 674, 333),
(937, 364, 335),
(938, 667, 666),
(939, 479, 157),
(940, 512, 336),
(941, 810, 828),
(942, 920, 432),
(943, 344, 933),
(944, 763, 555),
(945, 959, 497),
(946, 164, 969),
(947, 633, 421),
(948, 411, 88),
(949, 528, 948),
(950, 746, 534),
(951, 667, 373),
(952, 201, 378),
(953, 682, 328),
(954, 930, 86),
(955, 421, 464),
(956, 911, 903),
(957, 444, 732),
(958, 95, 688),
(959, 434, 902),
(960, 307, 479),
(961, 757, 390),
(962, 571, 756),
(963, 318, 866),
(964, 481, 678),
(965, 967, 539),
(966, 810, 347),
(967, 448, 533),
(968, 458, 978),
(969, 608, 151),
(970, 580, 464),
(971, 180, 908),
(972, 630, 285),
(973, 650, 320),
(974, 743, 408),
(975, 444, 872),
(976, 349, 201),
(977, 22, 764),
(978, 304, 110),
(979, 537, 440),
(980, 769, 659),
(981, 629, 689),
(982, 525, 927),
(983, 662, 573),
(984, 797, 454),
(985, 247, 217),
(986, 289, 210),
(987, 60, 402),
(988, 744, 845),
(989, 265, 359),
(990, 287, 267),
(991, 333, 853),
(992, 666, 290),
(993, 612, 736),
(994, 491, 775),
(995, 173, 640),
(996, 879, 836),
(997, 85, 1),
(998, 361, 262),
(999, 748, 242),
(1000, 196, 351);

-- --------------------------------------------------------

--
-- Table structure for table `season_tbl`
--

CREATE TABLE `season_tbl` (
  `SeasonID` int(11) NOT NULL,
  `Season` varchar(50) NOT NULL
) ENGINE=InnoDB DEFAULT CHARSET=utf8;

--
-- Dumping data for table `season_tbl`
--

INSERT INTO `season_tbl` (`SeasonID`, `Season`) VALUES
(1, 'Summer'),
(2, 'Spring'),
(3, 'Fall'),
(4, 'Winter');

-- --------------------------------------------------------

--
-- Table structure for table `size_chart_tbl`
--

CREATE TABLE `size_chart_tbl` (
  `SCID` int(11) NOT NULL,
  `SizeID` int(11) NOT NULL,
  `BrandID` int(11) NOT NULL,
  `HMin` decimal(4,2) DEFAULT NULL,
  `HMax` decimal(4,2) DEFAULT NULL,
  `WeightMin` decimal(5,2) DEFAULT NULL,
  `WeightMax` decimal(5,2) DEFAULT NULL
) ENGINE=InnoDB DEFAULT CHARSET=latin1;

-- --------------------------------------------------------

--
-- Table structure for table `size_tbl`
--

CREATE TABLE `size_tbl` (
  `SizeID` int(11) NOT NULL,
  `Size` varchar(10) NOT NULL
) ENGINE=InnoDB DEFAULT CHARSET=utf8;

--
-- Dumping data for table `size_tbl`
--

INSERT INTO `size_tbl` (`SizeID`, `Size`) VALUES
(1, '4T'),
(2, '4Y'),
(3, '6Y'),
(4, '7Y'),
(5, '3T'),
(6, '12Y'),
(7, '5Y'),
(8, '6X'),
(9, '2T'),
(10, '8Y'),
(11, '0-3mo'),
(12, '3-6mo'),
(13, '12-18mo'),
(14, '6-12mo'),
(15, '18-24mo'),
(16, '2Y'),
(17, '3Y'),
(18, '8-12mo'),
(19, '4-5Y'),
(20, '12mo'),
(21, '18mo'),
(22, '6mo'),
(23, '9mo'),
(24, '10Y'),
(25, '6-8Y'),
(26, 'Newborn'),
(27, '3mo'),
(28, '6-7Y'),
(29, '24mo'),
(30, '4T-5Y'),
(31, '12'),
(32, '10x'),
(33, '6-9mo'),
(34, 'S'),
(35, 'Premie'),
(36, '7-8Y'),
(37, '24 Months'),
(38, '1Y'),
(39, '1mo'),
(40, '36mo'),
(41, '5-6Y'),
(42, '9Y'),
(43, '14Y');

-- --------------------------------------------------------

--
-- Table structure for table `species_tbl`
--

CREATE TABLE `species_tbl` (
  `SpeciesID` int(11) NOT NULL,
  `GenusID` int(11) NOT NULL,
  `Species` varchar(50) NOT NULL
) ENGINE=InnoDB DEFAULT CHARSET=utf8;

--
-- Dumping data for table `species_tbl`
--

INSERT INTO `species_tbl` (`SpeciesID`, `GenusID`, `Species`) VALUES
(1, 26, 'Robotham'),
(2, 3, 'Fitchew'),
(3, 5, 'Taylorson'),
(4, 82, 'Coucha'),
(5, 25, 'Knipe'),
(6, 6, 'MacCroary'),
(7, 40, 'Gouth'),
(8, 60, 'Izon'),
(9, 42, 'Toolin'),
(10, 50, 'Monshall'),
(11, 87, 'Le Fevre'),
(12, 20, 'Batecok'),
(13, 72, 'Lanney'),
(14, 19, 'Asche'),
(15, 8, 'Ridsdell'),
(16, 33, 'Somner'),
(17, 49, 'Blackler'),
(18, 28, 'Castelletti'),
(19, 95, 'Bettinson'),
(20, 75, 'Reinbech'),
(21, 64, 'Mundall'),
(22, 23, 'Garrett'),
(23, 18, 'Scamadine'),
(24, 5, 'Alonso'),
(25, 30, 'Dosdale'),
(26, 30, 'Seggie'),
(27, 52, 'Birley'),
(28, 79, 'Blaiklock'),
(29, 60, 'Tinson'),
(30, 30, 'Frounks'),
(31, 31, 'Coxon'),
(32, 18, 'Burditt'),
(33, 73, 'Foyle'),
(34, 79, 'Grinham'),
(35, 78, 'Meritt'),
(36, 93, 'Dennerley'),
(37, 58, 'Plampeyn'),
(38, 86, 'Lemmertz'),
(39, 68, 'Slocket'),
(40, 67, 'Brambell'),
(41, 89, 'Lghan'),
(42, 4, 'Wheeler'),
(43, 1, 'Bourget'),
(44, 99, 'Milsted'),
(45, 45, 'Rotter'),
(46, 44, 'Sproat'),
(47, 95, 'Paskin'),
(48, 83, 'Aveling'),
(49, 99, 'Antognelli'),
(50, 12, 'Bridell'),
(51, 85, 'Dennant'),
(52, 2, 'Pashler'),
(53, 80, 'Georgescu'),
(54, 83, 'Moorrud'),
(55, 74, 'Loder'),
(56, 63, 'Tidball'),
(57, 23, 'Colclough'),
(58, 59, 'Stanway'),
(59, 25, 'Corteney'),
(60, 93, 'Estevez'),
(61, 55, 'Snowman'),
(62, 27, 'McNysche'),
(63, 100, 'Pearl'),
(64, 85, 'Langforth'),
(65, 46, 'Tylor'),
(66, 6, 'Ludl'),
(67, 76, 'Titchmarsh'),
(68, 41, 'Withams'),
(69, 48, 'De Cleyne'),
(70, 9, 'Cheevers'),
(71, 41, 'Woakes'),
(72, 32, 'Jekel'),
(73, 99, 'Archley'),
(74, 30, 'Binding'),
(75, 60, 'Goldsby'),
(76, 61, 'McCann'),
(77, 2, 'Wellbelove'),
(78, 29, 'Wigley'),
(79, 94, 'Leidecker'),
(80, 82, 'Pridden'),
(81, 33, 'Covotti'),
(82, 47, 'Scraggs'),
(83, 74, 'Avraam'),
(84, 94, 'Craine'),
(85, 23, 'Laughtisse'),
(86, 98, 'Lafayette'),
(87, 93, 'Giacomelli'),
(88, 61, 'Rogister'),
(89, 23, 'Tomich'),
(90, 18, 'Mixture'),
(91, 45, 'Heenan'),
(92, 48, 'Lightbowne'),
(93, 17, 'Liley'),
(94, 100, 'Larby'),
(95, 18, 'Sully'),
(96, 49, 'Strelitzki'),
(97, 94, 'Senecaux'),
(98, 78, 'Stegers'),
(99, 10, 'Barkworth'),
(100, 73, 'Holberry'),
(101, 73, 'Matousek'),
(102, 96, 'Inkle'),
(103, 88, 'Bettinson'),
(104, 1, 'Nesterov'),
(105, 86, 'Bromige'),
(106, 8, 'Gillanders'),
(107, 66, 'Sinnatt'),
(108, 45, 'Loram'),
(109, 57, 'McErlaine'),
(110, 78, 'Fraanchyonok'),
(111, 68, 'Pickup'),
(112, 19, 'Doolan'),
(113, 80, 'Edland'),
(114, 45, 'Halley'),
(115, 49, 'Haliday'),
(116, 55, 'Abrahamowitcz'),
(117, 95, 'Mahaffey'),
(118, 26, 'Hullock'),
(119, 99, 'Keam'),
(120, 38, 'Pollins'),
(121, 81, 'Waison'),
(122, 100, 'Salsberg'),
(123, 14, 'Murcott'),
(124, 82, 'Whines'),
(125, 82, 'Roxby'),
(126, 16, 'Godber'),
(127, 42, 'Kidson'),
(128, 54, 'Gerlack'),
(129, 33, 'Minchin'),
(130, 91, 'Glasbey'),
(131, 19, 'Rumens'),
(132, 11, 'Bryning'),
(133, 29, 'Bernt'),
(134, 59, 'Scrannage'),
(135, 48, 'Rowbottom'),
(136, 66, 'Bedin'),
(137, 10, 'Tabourel'),
(138, 20, 'Stembridge'),
(139, 63, 'Altamirano'),
(140, 42, 'Nand'),
(141, 88, 'Nigh'),
(142, 3, 'Goggan'),
(143, 42, 'Francescuzzi'),
(144, 89, 'Gisburne'),
(145, 35, 'Bowie'),
(146, 60, 'Ethridge'),
(147, 29, 'Ternott'),
(148, 33, 'Warland'),
(149, 86, 'Mort'),
(150, 90, 'Scatcher'),
(151, 69, 'Weblin'),
(152, 22, 'Pawlett'),
(153, 46, 'Kersting'),
(154, 8, 'Churchouse'),
(155, 71, 'Gateman'),
(156, 5, 'Begent'),
(157, 93, 'Flacknoe'),
(158, 66, 'Avesque'),
(159, 62, 'Morecombe'),
(160, 29, 'Gavriel'),
(161, 26, 'Abrashkin'),
(162, 26, 'Meyer'),
(163, 72, 'Glasser'),
(164, 29, 'Liebermann'),
(165, 19, 'Scones'),
(166, 21, 'Mosdell'),
(167, 1, 'Ramirez'),
(168, 18, 'Worham'),
(169, 3, 'Caunt'),
(170, 69, 'Laister'),
(171, 89, 'Arnull'),
(172, 63, 'Brownjohn'),
(173, 22, 'Bouttell'),
(174, 18, 'Sundin'),
(175, 86, 'Speight'),
(176, 35, 'Sandeford'),
(177, 62, 'Starbuck'),
(178, 49, 'Stanlack'),
(179, 63, 'Leaming'),
(180, 34, 'Huegett'),
(181, 43, 'Stilwell'),
(182, 92, 'Maddison'),
(183, 5, 'Rands'),
(184, 37, 'Lieber'),
(185, 40, 'O\'Corr'),
(186, 74, 'Iggo'),
(187, 75, 'Gorman'),
(188, 53, 'Aldhous'),
(189, 86, 'Jagels'),
(190, 79, 'Dellenbach'),
(191, 61, 'Morteo'),
(192, 58, 'Tremollet'),
(193, 74, 'Bursell'),
(194, 89, 'Normadell'),
(195, 97, 'Delle'),
(196, 56, 'Swadlin'),
(197, 40, 'Lauritsen'),
(198, 21, 'MacGeffen'),
(199, 26, 'McDowell'),
(200, 25, 'Lofting'),
(201, 32, 'Gawne'),
(202, 46, 'Kreuzer'),
(203, 31, 'Mawd'),
(204, 24, 'Creer'),
(205, 20, 'Melwall'),
(206, 73, 'Pitcock'),
(207, 17, 'Rumsby'),
(208, 39, 'Jeynes'),
(209, 60, 'Savary'),
(210, 87, 'Bettles'),
(211, 6, 'Muress'),
(212, 36, 'Swindells'),
(213, 30, 'Jockle'),
(214, 83, 'Simonds'),
(215, 14, 'Exroll'),
(216, 15, 'Grove'),
(217, 22, 'Parfett'),
(218, 43, 'Fayerman'),
(219, 20, 'Darlasson'),
(220, 32, 'Wolverson'),
(221, 30, 'Forrestill'),
(222, 75, 'Karpenya'),
(223, 16, 'McCaghan'),
(224, 95, 'Conisbee'),
(225, 62, 'Mishow'),
(226, 23, 'Lineen'),
(227, 7, 'Tschierse'),
(228, 66, 'Brettor'),
(229, 33, 'Cahalin'),
(230, 11, 'Coneron'),
(231, 69, 'Curtin'),
(232, 12, 'Pocke'),
(233, 68, 'Garmon'),
(234, 94, 'O\' Clovan'),
(235, 100, 'Woodroofe'),
(236, 86, 'Hankey'),
(237, 24, 'Cockshot'),
(238, 59, 'Blethin'),
(239, 93, 'O\'Fallowne'),
(240, 98, 'Hiddsley'),
(241, 32, 'Dossett'),
(242, 29, 'Bentote'),
(243, 57, 'Ruddy'),
(244, 34, 'Denington'),
(245, 11, 'Sneaker'),
(246, 61, 'Amyes'),
(247, 90, 'Caskie'),
(248, 6, 'Brownsall'),
(249, 91, 'Hurche'),
(250, 49, 'Crewther'),
(251, 50, 'Lehrahan'),
(252, 23, 'Maplesden'),
(253, 86, 'Kohrt'),
(254, 99, 'Hail'),
(255, 22, 'Samweyes'),
(256, 100, 'Need'),
(257, 72, 'Geffcock'),
(258, 17, 'Olliver'),
(259, 54, 'Cadwallader'),
(260, 74, 'Risely'),
(261, 65, 'Ketchen'),
(262, 23, 'Quinion'),
(263, 78, 'Borrow'),
(264, 41, 'Botton'),
(265, 98, 'Stapleford'),
(266, 84, 'Thew'),
(267, 56, 'Strelitz'),
(268, 64, 'Burdon'),
(269, 28, 'Battson'),
(270, 13, 'Waith'),
(271, 65, 'Alchin'),
(272, 95, 'Eskriet'),
(273, 28, 'Cocci'),
(274, 34, 'Tourot'),
(275, 74, 'Huddy'),
(276, 17, 'MacBey'),
(277, 59, 'Cartmill'),
(278, 95, 'Tatersale'),
(279, 61, 'Leadley'),
(280, 83, 'Shrigley'),
(281, 18, 'McVicar'),
(282, 76, 'Stirtle'),
(283, 67, 'Rossant'),
(284, 68, 'O\'Garmen'),
(285, 13, 'Rama'),
(286, 42, 'Hacker'),
(287, 23, 'Smurthwaite'),
(288, 99, 'Skate'),
(289, 56, 'Imore'),
(290, 6, 'Siggs'),
(291, 46, 'Lehrahan'),
(292, 59, 'Stobie'),
(293, 91, 'Hegley'),
(294, 2, 'Leys'),
(295, 13, 'Hankey'),
(296, 97, 'Dunderdale'),
(297, 71, 'Kennet'),
(298, 36, 'Parcall'),
(299, 96, 'Baudic'),
(300, 2, 'Lidgett');

-- --------------------------------------------------------

--
-- Table structure for table `style_tbl`
--

CREATE TABLE `style_tbl` (
  `StyleID` varchar(4) CHARACTER SET utf8 NOT NULL,
  `Style` varchar(50) NOT NULL
) ENGINE=InnoDB DEFAULT CHARSET=latin1;

--
-- Dumping data for table `style_tbl`
--

INSERT INTO `style_tbl` (`StyleID`, `Style`) VALUES
('1', 'Bottom'),
('2', 'Dress'),
('3', 'One piece'),
('4', 'Top');

-- --------------------------------------------------------

--
-- Table structure for table `temperature_tbl`
--

CREATE TABLE `temperature_tbl` (
  `TempID` int(11) NOT NULL,
  `Temp` varchar(50) NOT NULL
) ENGINE=InnoDB DEFAULT CHARSET=utf8;

--
-- Dumping data for table `temperature_tbl`
--

INSERT INTO `temperature_tbl` (`TempID`, `Temp`) VALUES
(1, '0-40'),
(2, '40-60'),
(3, '60-80'),
(4, '80-100');

-- --------------------------------------------------------

--
-- Table structure for table `user_tbl`
--

CREATE TABLE `user_tbl` (
  `UserID` int(11) NOT NULL,
  `DateCreated` date NOT NULL,
  `FirstName` varchar(100) NOT NULL,
  `LastName` varchar(100) NOT NULL,
  `Email` varchar(100) NOT NULL
) ENGINE=InnoDB DEFAULT CHARSET=utf8;

--
-- Dumping data for table `user_tbl`
--

INSERT INTO `user_tbl` (`UserID`, `DateCreated`, `FirstName`, `LastName`, `Email`) VALUES
(1, '0000-00-00', 'Davita', 'Ewbanck', 'dewbanck0@walmart.com'),
(2, '0000-00-00', 'Mandie', 'Cornford', 'mcornford1@state.gov'),
(3, '0000-00-00', 'Lalo', 'Seers', 'lseers2@alexa.com'),
(4, '0000-00-00', 'Joana', 'Gambles', 'jgambles3@zimbio.com'),
(5, '0000-00-00', 'Brennan', 'Clawson', 'bclawson4@example.com'),
(6, '0000-00-00', 'Evita', 'Denyakin', 'edenyakin5@illinois.edu'),
(7, '0000-00-00', 'Alan', 'Carlton', 'acarlton6@miibeian.gov.cn'),
(8, '0000-00-00', 'Noell', 'Urch', 'nurch7@vinaora.com'),
(9, '0000-00-00', 'Julienne', 'Panniers', 'jpanniers8@newyorker.com'),
(10, '0000-00-00', 'Ola', 'Mc Faul', 'omcfaul9@yahoo.co.jp'),
(11, '0000-00-00', 'Estrella', 'Batteson', 'ebattesona@booking.com'),
(12, '0000-00-00', 'Imelda', 'O\' Mara', 'iomarab@networkadvertising.org'),
(13, '0000-00-00', 'Sandy', 'O\'Scollain', 'soscollainc@scribd.com'),
(14, '0000-00-00', 'Lyell', 'MacDearmaid', 'lmacdearmaidd@hubpages.com'),
(15, '0000-00-00', 'Cahra', 'Martinez', 'cmartineze@unicef.org'),
(16, '0000-00-00', 'Anjanette', 'Ilyin', 'ailyinf@google.co.jp'),
(17, '0000-00-00', 'Flore', 'Partleton', 'fpartletong@booking.com'),
(18, '0000-00-00', 'Chloe', 'McRobb', 'cmcrobbh@furl.net'),
(19, '0000-00-00', 'Tiff', 'Fransewich', 'tfransewichi@symantec.com'),
(20, '0000-00-00', 'Ludovico', 'Fessions', 'lfessionsj@imgur.com'),
(21, '0000-00-00', 'Dene', 'Inglish', 'dinglishk@gnu.org'),
(22, '0000-00-00', 'Shamus', 'Bard', 'sbardl@trellian.com'),
(23, '0000-00-00', 'Rubia', 'Futcher', 'rfutcherm@bizjournals.com'),
(24, '0000-00-00', 'Manfred', 'Deason', 'mdeasonn@sun.com'),
(25, '0000-00-00', 'Helli', 'Noell', 'hnoello@nhs.uk'),
(26, '0000-00-00', 'Nita', 'Brownsey', 'nbrownseyp@tmall.com'),
(27, '0000-00-00', 'Zed', 'Yanshin', 'zyanshinq@amazon.co.jp'),
(28, '0000-00-00', 'Patricia', 'Saladine', 'psaladiner@issuu.com'),
(29, '0000-00-00', 'Durant', 'Wichard', 'dwichards@unicef.org'),
(30, '0000-00-00', 'Dex', 'Banke', 'dbanket@behance.net'),
(31, '0000-00-00', 'Adria', 'Tolomio', 'atolomiou@usa.gov'),
(32, '0000-00-00', 'Manuel', 'Widdall', 'mwiddallv@japanpost.jp'),
(33, '0000-00-00', 'Rutter', 'Laste', 'rlastew@pinterest.com'),
(34, '0000-00-00', 'Elinor', 'Barlace', 'ebarlacex@nymag.com'),
(35, '0000-00-00', 'Alexandrina', 'Curwood', 'acurwoody@google.com.hk'),
(36, '0000-00-00', 'Devondra', 'Livick', 'dlivickz@quantcast.com'),
(37, '0000-00-00', 'Stevy', 'Huffadine', 'shuffadine10@fc2.com'),
(38, '0000-00-00', 'Livy', 'Spencelayh', 'lspencelayh11@yolasite.com'),
(39, '0000-00-00', 'Willdon', 'Chaney', 'wchaney12@apache.org'),
(40, '0000-00-00', 'Shepherd', 'MacCaughan', 'smaccaughan13@woothemes.com'),
(41, '0000-00-00', 'Gerta', 'Paschke', 'gpaschke14@adobe.com'),
(42, '0000-00-00', 'Hephzibah', 'Stoffler', 'hstoffler15@yolasite.com'),
(43, '0000-00-00', 'Sonni', 'Millwater', 'smillwater16@surveymonkey.com'),
(44, '0000-00-00', 'Donelle', 'Georgot', 'dgeorgot17@163.com'),
(45, '0000-00-00', 'Mela', 'Bowlesworth', 'mbowlesworth18@t-online.de'),
(46, '0000-00-00', 'Andriana', 'Worsnip', 'aworsnip19@mozilla.org'),
(47, '0000-00-00', 'Veronika', 'Wordesworth', 'vwordesworth1a@dyndns.org'),
(48, '0000-00-00', 'Gerick', 'Wyness', 'gwyness1b@uol.com.br'),
(49, '0000-00-00', 'Konstantin', 'Wimpeney', 'kwimpeney1c@businessweek.com'),
(50, '0000-00-00', 'Onofredo', 'Rodman', 'orodman1d@redcross.org'),
(51, '0000-00-00', 'Mikael', 'Gallifont', 'mgallifont1e@theatlantic.com'),
(52, '0000-00-00', 'Selie', 'Clare', 'sclare1f@theguardian.com'),
(53, '0000-00-00', 'Mendel', 'Crannage', 'mcrannage1g@live.com'),
(54, '0000-00-00', 'Berke', 'Ethridge', 'bethridge1h@behance.net'),
(55, '0000-00-00', 'Marlena', 'Ezele', 'mezele1i@phoca.cz'),
(56, '0000-00-00', 'Monica', 'Ferryman', 'mferryman1j@howstuffworks.com'),
(57, '0000-00-00', 'Ingelbert', 'Holyland', 'iholyland1k@odnoklassniki.ru'),
(58, '0000-00-00', 'Aylmer', 'Bladesmith', 'abladesmith1l@wordpress.org'),
(59, '0000-00-00', 'Merridie', 'Treweela', 'mtreweela1m@lycos.com'),
(60, '0000-00-00', 'Samuel', 'Theuss', 'stheuss1n@amazon.co.jp'),
(61, '0000-00-00', 'Kelsi', 'O\'Sherrin', 'kosherrin1o@yelp.com'),
(62, '0000-00-00', 'Channa', 'Gleasane', 'cgleasane1p@php.net'),
(63, '0000-00-00', 'Cherey', 'Buxam', 'cbuxam1q@ftc.gov'),
(64, '0000-00-00', 'Ardine', 'Kamena', 'akamena1r@smugmug.com'),
(65, '0000-00-00', 'Demetrius', 'Auty', 'dauty1s@youtube.com'),
(66, '0000-00-00', 'Sara', 'Gabala', 'sgabala1t@dyndns.org'),
(67, '0000-00-00', 'Bryan', 'Whaley', 'bwhaley1u@360.cn'),
(68, '0000-00-00', 'Bobby', 'Pendrich', 'bpendrich1v@usgs.gov'),
(69, '0000-00-00', 'Celina', 'Kleine', 'ckleine1w@hibu.com'),
(70, '0000-00-00', 'Ettie', 'Farlane', 'efarlane1x@taobao.com'),
(71, '0000-00-00', 'Corinne', 'Bidmead', 'cbidmead1y@example.com'),
(72, '0000-00-00', 'Cristina', 'Graddon', 'cgraddon1z@adobe.com'),
(73, '0000-00-00', 'Ame', 'Partridge', 'apartridge20@e-recht24.de'),
(74, '0000-00-00', 'Chet', 'Breakspear', 'cbreakspear21@istockphoto.com'),
(75, '0000-00-00', 'Moses', 'Dedenham', 'mdedenham22@de.vu'),
(76, '0000-00-00', 'Melamie', 'Claridge', 'mclaridge23@taobao.com'),
(77, '0000-00-00', 'Chad', 'Garham', 'cgarham24@cam.ac.uk'),
(78, '0000-00-00', 'Sibylle', 'Cummungs', 'scummungs25@unesco.org'),
(79, '0000-00-00', 'Andie', 'Jeenes', 'ajeenes26@google.com.br'),
(80, '0000-00-00', 'Berky', 'Gillard', 'bgillard27@mac.com'),
(81, '0000-00-00', 'Amie', 'Vine', 'avine28@newyorker.com'),
(82, '0000-00-00', 'Maximilian', 'Gathercoal', 'mgathercoal29@mediafire.com'),
(83, '0000-00-00', 'Merrili', 'Mouse', 'mmouse2a@fda.gov'),
(84, '0000-00-00', 'Ash', 'Hamnet', 'ahamnet2b@exblog.jp'),
(85, '0000-00-00', 'Verge', 'Bance', 'vbance2c@reuters.com'),
(86, '0000-00-00', 'Zachary', 'Jendas', 'zjendas2d@github.io'),
(87, '0000-00-00', 'Alphonso', 'Hearst', 'ahearst2e@mediafire.com'),
(88, '0000-00-00', 'Beale', 'Westbrook', 'bwestbrook2f@netvibes.com'),
(89, '0000-00-00', 'Glenn', 'Jurzyk', 'gjurzyk2g@usatoday.com'),
(90, '0000-00-00', 'Dorine', 'Spears', 'dspears2h@seattletimes.com'),
(91, '0000-00-00', 'Daveen', 'Verne', 'dverne2i@de.vu'),
(92, '0000-00-00', 'Cornelia', 'Dayment', 'cdayment2j@state.tx.us'),
(93, '0000-00-00', 'Norrie', 'Gowman', 'ngowman2k@netlog.com'),
(94, '0000-00-00', 'Beauregard', 'Sapsforde', 'bsapsforde2l@miibeian.gov.cn'),
(95, '0000-00-00', 'Marietta', 'Carp', 'mcarp2m@phoca.cz'),
(96, '0000-00-00', 'Bradan', 'Andrez', 'bandrez2n@tiny.cc'),
(97, '0000-00-00', 'Gavan', 'Sexty', 'gsexty2o@mit.edu'),
(98, '0000-00-00', 'Cleopatra', 'Drance', 'cdrance2p@slideshare.net'),
(99, '0000-00-00', 'Gracia', 'Florez', 'gflorez2q@deliciousdays.com'),
(100, '0000-00-00', 'Lilllie', 'Edmett', 'ledmett2r@bizjournals.com'),
(101, '0000-00-00', 'Shellie', 'Greenham', 'sgreenham2s@cyberchimps.com'),
(102, '0000-00-00', 'Isidoro', 'Hegg', 'ihegg2t@ning.com'),
(103, '0000-00-00', 'Gabriello', 'Eltune', 'geltune2u@statcounter.com'),
(104, '0000-00-00', 'Sunshine', 'Jaycocks', 'sjaycocks2v@bloomberg.com'),
(105, '0000-00-00', 'Alonso', 'Bembridge', 'abembridge2w@soundcloud.com'),
(106, '0000-00-00', 'Davine', 'Bennetts', 'dbennetts2x@friendfeed.com'),
(107, '0000-00-00', 'Nevins', 'Tame', 'ntame2y@photobucket.com'),
(108, '0000-00-00', 'Babbette', 'Kington', 'bkington2z@vistaprint.com'),
(109, '0000-00-00', 'Artair', 'Crockford', 'acrockford30@marketwatch.com'),
(110, '0000-00-00', 'Kiri', 'Fitzhenry', 'kfitzhenry31@un.org'),
(111, '0000-00-00', 'Almeria', 'McGreary', 'amcgreary32@topsy.com'),
(112, '0000-00-00', 'Bethanne', 'Huey', 'bhuey33@yandex.ru'),
(113, '0000-00-00', 'Emlynn', 'Chilcotte', 'echilcotte34@webs.com'),
(114, '0000-00-00', 'Nahum', 'Rogan', 'nrogan35@blog.com'),
(115, '0000-00-00', 'Aidan', 'Torbet', 'atorbet36@51.la'),
(116, '0000-00-00', 'Candy', 'Capron', 'ccapron37@fastcompany.com'),
(117, '0000-00-00', 'Artus', 'Campanelle', 'acampanelle38@sfgate.com'),
(118, '0000-00-00', 'Thorndike', 'Ancliffe', 'tancliffe39@cmu.edu'),
(119, '0000-00-00', 'Cole', 'Kaiser', 'ckaiser3a@tamu.edu'),
(120, '0000-00-00', 'Marven', 'Bernetti', 'mbernetti3b@free.fr'),
(121, '0000-00-00', 'Gardner', 'Sulman', 'gsulman3c@imageshack.us'),
(122, '0000-00-00', 'Vera', 'Stockhill', 'vstockhill3d@pen.io'),
(123, '0000-00-00', 'Alison', 'Pidgen', 'apidgen3e@usgs.gov'),
(124, '0000-00-00', 'Cassy', 'Dickey', 'cdickey3f@hhs.gov'),
(125, '0000-00-00', 'Muire', 'Clemmens', 'mclemmens3g@facebook.com'),
(126, '0000-00-00', 'Byrle', 'MacLaughlin', 'bmaclaughlin3h@jimdo.com'),
(127, '0000-00-00', 'Werner', 'Gunney', 'wgunney3i@over-blog.com'),
(128, '0000-00-00', 'Emelen', 'Zecchetti', 'ezecchetti3j@arstechnica.com'),
(129, '0000-00-00', 'Rhona', 'Whaymand', 'rwhaymand3k@mozilla.com'),
(130, '0000-00-00', 'Glad', 'Khan', 'gkhan3l@slideshare.net'),
(131, '0000-00-00', 'Antonetta', 'Turford', 'aturford3m@wikipedia.org'),
(132, '0000-00-00', 'Pietrek', 'Ghirardi', 'pghirardi3n@senate.gov'),
(133, '0000-00-00', 'Paton', 'Preshaw', 'ppreshaw3o@goodreads.com'),
(134, '0000-00-00', 'Darrelle', 'Lumox', 'dlumox3p@ebay.com'),
(135, '0000-00-00', 'Yolanthe', 'Avrahm', 'yavrahm3q@fc2.com'),
(136, '0000-00-00', 'Brig', 'Nowlan', 'bnowlan3r@shutterfly.com'),
(137, '0000-00-00', 'Hanny', 'Shorthill', 'hshorthill3s@google.com.hk'),
(138, '0000-00-00', 'Lebbie', 'Baylie', 'lbaylie3t@yahoo.com'),
(139, '0000-00-00', 'Karilynn', 'Vasler', 'kvasler3u@shutterfly.com'),
(140, '0000-00-00', 'Ely', 'Latch', 'elatch3v@tmall.com'),
(141, '0000-00-00', 'Zared', 'Blasio', 'zblasio3w@networkadvertising.org'),
(142, '0000-00-00', 'Christyna', 'Raith', 'craith3x@forbes.com'),
(143, '0000-00-00', 'Arvie', 'Allix', 'aallix3y@wired.com'),
(144, '0000-00-00', 'Tomkin', 'Riddiford', 'triddiford3z@skyrock.com'),
(145, '0000-00-00', 'Farlay', 'Gibben', 'fgibben40@unblog.fr'),
(146, '0000-00-00', 'Lief', 'Gander', 'lgander41@over-blog.com'),
(147, '0000-00-00', 'Sammy', 'Verrill', 'sverrill42@ovh.net'),
(148, '0000-00-00', 'Fons', 'Keaysell', 'fkeaysell43@jugem.jp'),
(149, '0000-00-00', 'Grove', 'De Mico', 'gdemico44@telegraph.co.uk'),
(150, '0000-00-00', 'Eleonora', 'Urien', 'eurien45@kickstarter.com'),
(151, '0000-00-00', 'Lindsey', 'Rollingson', 'lrollingson46@cmu.edu'),
(152, '0000-00-00', 'Heriberto', 'Iskow', 'hiskow47@timesonline.co.uk'),
(153, '0000-00-00', 'Lenard', 'Bricksey', 'lbricksey48@yahoo.com'),
(154, '0000-00-00', 'Marlie', 'Jahan', 'mjahan49@europa.eu'),
(155, '0000-00-00', 'Theodora', 'Caudell', 'tcaudell4a@sun.com'),
(156, '0000-00-00', 'Yelena', 'Chamberlen', 'ychamberlen4b@techcrunch.com'),
(157, '0000-00-00', 'Lucia', 'McCardle', 'lmccardle4c@biblegateway.com'),
(158, '0000-00-00', 'Gypsy', 'Spriggen', 'gspriggen4d@twitpic.com'),
(159, '0000-00-00', 'Hamlen', 'Longridge', 'hlongridge4e@woothemes.com'),
(160, '0000-00-00', 'Sheree', 'Antonopoulos', 'santonopoulos4f@walmart.com'),
(161, '0000-00-00', 'Bobbi', 'Gitsham', 'bgitsham4g@mysql.com'),
(162, '0000-00-00', 'Eleonora', 'Marginson', 'emarginson4h@dot.gov'),
(163, '0000-00-00', 'Ivory', 'Deftie', 'ideftie4i@stumbleupon.com'),
(164, '0000-00-00', 'Phineas', 'Papachristophorou', 'ppapachristophorou4j@yandex.ru'),
(165, '0000-00-00', 'Poppy', 'Beamson', 'pbeamson4k@umn.edu'),
(166, '0000-00-00', 'Parker', 'Ekkel', 'pekkel4l@artisteer.com'),
(167, '0000-00-00', 'Missie', 'Smythin', 'msmythin4m@example.com'),
(168, '0000-00-00', 'Gaylord', 'Varvell', 'gvarvell4n@macromedia.com'),
(169, '0000-00-00', 'Penelope', 'Booy', 'pbooy4o@uiuc.edu'),
(170, '0000-00-00', 'Timothy', 'Lightwing', 'tlightwing4p@youtu.be'),
(171, '0000-00-00', 'See', 'Lister', 'slister4q@de.vu'),
(172, '0000-00-00', 'Greggory', 'Biggar', 'gbiggar4r@unesco.org'),
(173, '0000-00-00', 'Iolanthe', 'Spilsted', 'ispilsted4s@ucoz.ru'),
(174, '0000-00-00', 'Lion', 'Neem', 'lneem4t@sogou.com'),
(175, '0000-00-00', 'Vonnie', 'Awton', 'vawton4u@state.tx.us'),
(176, '0000-00-00', 'Krissie', 'Mungin', 'kmungin4v@vinaora.com'),
(177, '0000-00-00', 'Pamelina', 'Ianiello', 'pianiello4w@macromedia.com'),
(178, '0000-00-00', 'Vassily', 'Sapp', 'vsapp4x@macromedia.com'),
(179, '0000-00-00', 'Fredric', 'Gabbett', 'fgabbett4y@reuters.com'),
(180, '0000-00-00', 'Kendrick', 'Yarwood', 'kyarwood4z@google.cn'),
(181, '0000-00-00', 'Shane', 'Beckmann', 'sbeckmann50@yelp.com'),
(182, '0000-00-00', 'Nonna', 'Plumptre', 'nplumptre51@nytimes.com'),
(183, '0000-00-00', 'Gregorius', 'Bleasdale', 'gbleasdale52@yellowpages.com'),
(184, '0000-00-00', 'Malachi', 'Fennell', 'mfennell53@zimbio.com'),
(185, '0000-00-00', 'Artus', 'Everil', 'aeveril54@whitehouse.gov'),
(186, '0000-00-00', 'Rik', 'Broadbear', 'rbroadbear55@simplemachines.org'),
(187, '0000-00-00', 'Rona', 'Salkild', 'rsalkild56@myspace.com'),
(188, '0000-00-00', 'Shannan', 'McWhin', 'smcwhin57@google.com.br'),
(189, '0000-00-00', 'Josephine', 'Towll', 'jtowll58@list-manage.com'),
(190, '0000-00-00', 'Ailee', 'MacGillreich', 'amacgillreich59@bloglovin.com'),
(191, '0000-00-00', 'Fara', 'Elleton', 'felleton5a@chronoengine.com'),
(192, '0000-00-00', 'Stinky', 'Chesser', 'schesser5b@japanpost.jp'),
(193, '0000-00-00', 'Munmro', 'Lantuffe', 'mlantuffe5c@ifeng.com'),
(194, '0000-00-00', 'Daniela', 'Goodenough', 'dgoodenough5d@opensource.org'),
(195, '0000-00-00', 'Culver', 'Wealthall', 'cwealthall5e@nasa.gov'),
(196, '0000-00-00', 'Ibby', 'Carvell', 'icarvell5f@nytimes.com'),
(197, '0000-00-00', 'Eimile', 'Escale', 'eescale5g@skyrock.com'),
(198, '0000-00-00', 'Berton', 'Kilty', 'bkilty5h@stanford.edu'),
(199, '0000-00-00', 'Latashia', 'Point', 'lpoint5i@a8.net'),
(200, '0000-00-00', 'Erny', 'Bugby', 'ebugby5j@yandex.ru');

--
-- Indexes for dumped tables
--

--
-- Indexes for table `address_tbl`
--
ALTER TABLE `address_tbl`
  ADD PRIMARY KEY (`AddID`);

--
-- Indexes for table `admin_tbl`
--
ALTER TABLE `admin_tbl`
  ADD PRIMARY KEY (`AdminID`);

--
-- Indexes for table `brand_tbl`
--
ALTER TABLE `brand_tbl`
  ADD PRIMARY KEY (`BrandID`);

--
-- Indexes for table `child_tbl`
--
ALTER TABLE `child_tbl`
  ADD PRIMARY KEY (`ChildID`),
  ADD KEY `UserID` (`UserID`),
  ADD KEY `GenderID` (`GenderID`),
  ADD KEY `TopSizeID` (`TopSizeID`),
  ADD KEY `BottomSizeID` (`BottomSizeID`);

--
-- Indexes for table `color_tbl`
--
ALTER TABLE `color_tbl`
  ADD PRIMARY KEY (`ColorID`);

--
-- Indexes for table `country_origin_tbl`
--
ALTER TABLE `country_origin_tbl`
  ADD PRIMARY KEY (`CountOrigID`);

--
-- Indexes for table `feedback_tbl`
--
ALTER TABLE `feedback_tbl`
  ADD PRIMARY KEY (`FeedbackID`),
  ADD KEY `ChildID` (`OPID`);

--
-- Indexes for table `gender_tbl`
--
ALTER TABLE `gender_tbl`
  ADD PRIMARY KEY (`GenderID`);

--
-- Indexes for table `genre_tbl`
--
ALTER TABLE `genre_tbl`
  ADD PRIMARY KEY (`GenreID`);

--
-- Indexes for table `genus_tbl`
--
ALTER TABLE `genus_tbl`
  ADD PRIMARY KEY (`GenusID`),
  ADD KEY `StyleID` (`StyleID`);

--
-- Indexes for table `item_color_tbl`
--
ALTER TABLE `item_color_tbl`
  ADD PRIMARY KEY (`ItemColorID`),
  ADD KEY `ColorID` (`ColorID`),
  ADD KEY `ItemID` (`ItemID`);

--
-- Indexes for table `item_genre_tbl`
--
ALTER TABLE `item_genre_tbl`
  ADD PRIMARY KEY (`ItemGenreID`),
  ADD KEY `ItemID` (`ItemID`),
  ADD KEY `GenreID` (`GenreID`);

--
-- Indexes for table `item_season_tbl`
--
ALTER TABLE `item_season_tbl`
  ADD PRIMARY KEY (`ItemSeasonID`),
  ADD KEY `ItemID` (`ItemID`),
  ADD KEY `SeasonID` (`SeasonID`);

--
-- Indexes for table `item_size_tbl`
--
ALTER TABLE `item_size_tbl`
  ADD PRIMARY KEY (`ItemSizeID`),
  ADD KEY `SizeID` (`SizeID`),
  ADD KEY `item_size_tbl_ibfk_1` (`ItemID`);

--
-- Indexes for table `item_species_tbl`
--
ALTER TABLE `item_species_tbl`
  ADD PRIMARY KEY (`ItemSpeciesID`),
  ADD KEY `SpeciesID` (`SpeciesID`),
  ADD KEY `ItemID` (`ItemID`);

--
-- Indexes for table `item_tbl`
--
ALTER TABLE `item_tbl`
  ADD PRIMARY KEY (`ItemID`),
  ADD KEY `BrandID` (`BrandID`),
  ADD KEY `GenderID` (`GenderID`),
  ADD KEY `MaterialID` (`MaterialID`),
  ADD KEY `CountOrigID` (`CountOrigID`),
  ADD KEY `PatternID` (`PatternID`);

--
-- Indexes for table `item_temp_tbl`
--
ALTER TABLE `item_temp_tbl`
  ADD PRIMARY KEY (`ItemTempID`),
  ADD KEY `ItemID` (`ItemID`),
  ADD KEY `TempID` (`TempID`);

--
-- Indexes for table `material_tbl`
--
ALTER TABLE `material_tbl`
  ADD PRIMARY KEY (`MaterialID`);

--
-- Indexes for table `order_product_tbl`
--
ALTER TABLE `order_product_tbl`
  ADD PRIMARY KEY (`OPID`),
  ADD KEY `OrderID` (`OrderID`),
  ADD KEY `ItemID` (`PorductID`);

--
-- Indexes for table `order_tbl`
--
ALTER TABLE `order_tbl`
  ADD PRIMARY KEY (`OrderID`),
  ADD KEY `AddID` (`AddID`);

--
-- Indexes for table `pattern_tbl`
--
ALTER TABLE `pattern_tbl`
  ADD PRIMARY KEY (`PatternID`);

--
-- Indexes for table `product_tbl`
--
ALTER TABLE `product_tbl`
  ADD PRIMARY KEY (`ProductID`),
  ADD KEY `ItemColorID` (`ItemColorID`),
  ADD KEY `ItemSizeID` (`ItemSizeID`);

--
-- Indexes for table `season_tbl`
--
ALTER TABLE `season_tbl`
  ADD PRIMARY KEY (`SeasonID`);

--
-- Indexes for table `size_chart_tbl`
--
ALTER TABLE `size_chart_tbl`
  ADD PRIMARY KEY (`SCID`),
  ADD KEY `BrandID` (`BrandID`),
  ADD KEY `SizeID` (`SizeID`);

--
-- Indexes for table `size_tbl`
--
ALTER TABLE `size_tbl`
  ADD PRIMARY KEY (`SizeID`);

--
-- Indexes for table `species_tbl`
--
ALTER TABLE `species_tbl`
  ADD PRIMARY KEY (`SpeciesID`),
  ADD KEY `GenusID` (`GenusID`);

--
-- Indexes for table `style_tbl`
--
ALTER TABLE `style_tbl`
  ADD PRIMARY KEY (`StyleID`);

--
-- Indexes for table `temperature_tbl`
--
ALTER TABLE `temperature_tbl`
  ADD PRIMARY KEY (`TempID`);

--
-- Indexes for table `user_tbl`
--
ALTER TABLE `user_tbl`
  ADD PRIMARY KEY (`UserID`);

--
-- AUTO_INCREMENT for dumped tables
--

--
-- AUTO_INCREMENT for table `admin_tbl`
--
ALTER TABLE `admin_tbl`
  MODIFY `AdminID` int(11) NOT NULL AUTO_INCREMENT, AUTO_INCREMENT=21;

--
-- Constraints for dumped tables
--

--
-- Constraints for table `child_tbl`
--
ALTER TABLE `child_tbl`
  ADD CONSTRAINT `child_tbl_ibfk_1` FOREIGN KEY (`UserID`) REFERENCES `user_tbl` (`UserID`),
  ADD CONSTRAINT `child_tbl_ibfk_2` FOREIGN KEY (`GenderID`) REFERENCES `gender_tbl` (`GenderID`),
  ADD CONSTRAINT `child_tbl_ibfk_3` FOREIGN KEY (`TopSizeID`) REFERENCES `size_tbl` (`SizeID`),
  ADD CONSTRAINT `child_tbl_ibfk_4` FOREIGN KEY (`BottomSizeID`) REFERENCES `size_tbl` (`SizeID`);

--
-- Constraints for table `feedback_tbl`
--
ALTER TABLE `feedback_tbl`
  ADD CONSTRAINT `feedback_tbl_ibfk_1` FOREIGN KEY (`OPID`) REFERENCES `order_product_tbl` (`OPID`);

--
-- Constraints for table `genus_tbl`
--
ALTER TABLE `genus_tbl`
  ADD CONSTRAINT `genus_tbl_ibfk_1` FOREIGN KEY (`StyleID`) REFERENCES `style_tbl` (`StyleID`);

--
-- Constraints for table `item_color_tbl`
--
ALTER TABLE `item_color_tbl`
  ADD CONSTRAINT `item_color_tbl_ibfk_1` FOREIGN KEY (`ColorID`) REFERENCES `color_tbl` (`ColorID`),
  ADD CONSTRAINT `item_color_tbl_ibfk_2` FOREIGN KEY (`ItemID`) REFERENCES `item_tbl` (`ItemID`);

--
-- Constraints for table `item_genre_tbl`
--
ALTER TABLE `item_genre_tbl`
  ADD CONSTRAINT `item_genre_tbl_ibfk_1` FOREIGN KEY (`ItemID`) REFERENCES `item_tbl` (`ItemID`),
  ADD CONSTRAINT `item_genre_tbl_ibfk_2` FOREIGN KEY (`GenreID`) REFERENCES `genre_tbl` (`GenreID`);

--
-- Constraints for table `item_season_tbl`
--
ALTER TABLE `item_season_tbl`
  ADD CONSTRAINT `item_season_tbl_ibfk_1` FOREIGN KEY (`SeasonID`) REFERENCES `season_tbl` (`SeasonID`),
  ADD CONSTRAINT `item_season_tbl_ibfk_2` FOREIGN KEY (`ItemID`) REFERENCES `item_tbl` (`ItemID`);

--
-- Constraints for table `item_size_tbl`
--
ALTER TABLE `item_size_tbl`
  ADD CONSTRAINT `item_size_tbl_ibfk_1` FOREIGN KEY (`ItemID`) REFERENCES `item_tbl` (`ItemID`) ON DELETE CASCADE,
  ADD CONSTRAINT `item_size_tbl_ibfk_2` FOREIGN KEY (`SizeID`) REFERENCES `size_tbl` (`SizeID`);

--
-- Constraints for table `item_species_tbl`
--
ALTER TABLE `item_species_tbl`
  ADD CONSTRAINT `item_species_tbl_ibfk_1` FOREIGN KEY (`SpeciesID`) REFERENCES `species_tbl` (`SpeciesID`),
  ADD CONSTRAINT `item_species_tbl_ibfk_2` FOREIGN KEY (`ItemID`) REFERENCES `item_tbl` (`ItemID`);

--
-- Constraints for table `item_tbl`
--
ALTER TABLE `item_tbl`
  ADD CONSTRAINT `item_tbl_ibfk_1` FOREIGN KEY (`BrandID`) REFERENCES `brand_tbl` (`BrandID`),
  ADD CONSTRAINT `item_tbl_ibfk_2` FOREIGN KEY (`CountOrigID`) REFERENCES `country_origin_tbl` (`CountOrigID`),
  ADD CONSTRAINT `item_tbl_ibfk_3` FOREIGN KEY (`GenderID`) REFERENCES `gender_tbl` (`GenderID`),
  ADD CONSTRAINT `item_tbl_ibfk_4` FOREIGN KEY (`MaterialID`) REFERENCES `material_tbl` (`MaterialID`),
  ADD CONSTRAINT `item_tbl_ibfk_5` FOREIGN KEY (`PatternID`) REFERENCES `pattern_tbl` (`PatternID`);

--
-- Constraints for table `item_temp_tbl`
--
ALTER TABLE `item_temp_tbl`
  ADD CONSTRAINT `item_temp_tbl_ibfk_1` FOREIGN KEY (`TempID`) REFERENCES `temperature_tbl` (`TempID`),
  ADD CONSTRAINT `item_temp_tbl_ibfk_2` FOREIGN KEY (`ItemID`) REFERENCES `item_tbl` (`ItemID`);

--
-- Constraints for table `order_product_tbl`
--
ALTER TABLE `order_product_tbl`
  ADD CONSTRAINT `order_product_tbl_ibfk_1` FOREIGN KEY (`OrderID`) REFERENCES `order_tbl` (`OrderID`),
  ADD CONSTRAINT `order_product_tbl_ibfk_2` FOREIGN KEY (`PorductID`) REFERENCES `product_tbl` (`ProductID`);

--
-- Constraints for table `order_tbl`
--
ALTER TABLE `order_tbl`
  ADD CONSTRAINT `order_tbl_ibfk_1` FOREIGN KEY (`AddID`) REFERENCES `address_tbl` (`AddID`);

--
-- Constraints for table `product_tbl`
--
ALTER TABLE `product_tbl`
  ADD CONSTRAINT `product_tbl_ibfk_1` FOREIGN KEY (`ItemColorID`) REFERENCES `item_color_tbl` (`ItemColorID`),
  ADD CONSTRAINT `product_tbl_ibfk_2` FOREIGN KEY (`ItemSizeID`) REFERENCES `item_size_tbl` (`ItemSizeID`);

--
-- Constraints for table `size_chart_tbl`
--
ALTER TABLE `size_chart_tbl`
  ADD CONSTRAINT `size_chart_tbl_ibfk_1` FOREIGN KEY (`BrandID`) REFERENCES `brand_tbl` (`BrandID`),
  ADD CONSTRAINT `size_chart_tbl_ibfk_2` FOREIGN KEY (`SizeID`) REFERENCES `size_tbl` (`SizeID`);

--
-- Constraints for table `species_tbl`
--
ALTER TABLE `species_tbl`
  ADD CONSTRAINT `species_tbl_ibfk_1` FOREIGN KEY (`GenusID`) REFERENCES `genus_tbl` (`GenusID`);
COMMIT;

/*!40101 SET CHARACTER_SET_CLIENT=@OLD_CHARACTER_SET_CLIENT */;
/*!40101 SET CHARACTER_SET_RESULTS=@OLD_CHARACTER_SET_RESULTS */;
/*!40101 SET COLLATION_CONNECTION=@OLD_COLLATION_CONNECTION */;
