-- phpMyAdmin SQL Dump
-- version 4.6.5.2
-- https://www.phpmyadmin.net/
--
-- Host: 127.0.0.1
-- Generation Time: Oct 03, 2017 at 06:39 PM
-- Server version: 5.7.17-log
-- PHP Version: 5.6.30

SET SQL_MODE = "NO_AUTO_VALUE_ON_ZERO";
SET time_zone = "+00:00";


/*!40101 SET @OLD_CHARACTER_SET_CLIENT=@@CHARACTER_SET_CLIENT */;
/*!40101 SET @OLD_CHARACTER_SET_RESULTS=@@CHARACTER_SET_RESULTS */;
/*!40101 SET @OLD_COLLATION_CONNECTION=@@COLLATION_CONNECTION */;
/*!40101 SET NAMES utf8mb4 */;

--
-- Database: `ew`
--
DROP DATABASE IF EXISTS ew;
CREATE DATABASE ew;

USE ew;



-- --------------------------------------------------------


--
-- Table structure for table `brand_tbl`
--

CREATE TABLE `brand_tbl` (
  `BrandID` int(11) NOT NULL,
  `BrandName` varchar(50) NOT NULL
) ENGINE=InnoDB DEFAULT CHARSET=utf8;

--
-- Dumping data for table `brand_tbl`
--

INSERT INTO `brand_tbl` (`BrandID`, `BrandName`) VALUES
(1, 'American Vintage'),
(2, 'Angel Dear'),
(3, 'Baby Cz'),
(4, 'Baby Luigi'),
(5, 'Bambino'),
(6, 'Busy Bees'),
(7, 'Carolina Zapf'),
(8, 'CPC'),
(9, 'CPC Design'),
(10, 'Dani'),
(11, 'Darcy Brown'),
(12, 'E Land'),
(13, 'Florence Eiseman'),
(14, 'Honest Company'),
(15, 'Issac Mizrahi'),
(16, 'Jeanine Johnsen'),
(17, 'Kissy Kissy'),
(18, 'Laran Ginha'),
(19, 'Laranjiha'),
(20, 'Larinjiha'),
(21, 'Lucky Brand'),
(22, 'Luigi Kids'),
(23, 'Margery Ellen'),
(24, 'Marniere'),
(25, 'Miss B'),
(26, 'Monteau Girl'),
(27, 'Nabee'),
(28, 'Nautica'),
(29, 'New Jammies'),
(30, 'Olian'),
(31, 'Oscar De La Renta'),
(32, 'Papo D Anjo'),
(33, 'Perit Bateau'),
(34, 'Petit Bateau'),
(35, 'Petit Bateu'),
(36, 'Rachel Riley'),
(37, 'Ralph Lauren'),
(38, 'Sara Louise'),
(39, 'Sarah Louise'),
(40, 'Stella Cove'),
(41, 'TF Laurence'),
(42, 'TF Lawrence'),
(43, 'Three Hearts'),
(44, 'Tommy Hilfiger'),
(45, 'Vineyard Vines');

-- --------------------------------------------------------

--
-- Table structure for table `color_tbl`
--

CREATE TABLE `color_tbl` (
  `ColorID` int(11) NOT NULL,
  `Color` varchar(50) NOT NULL
) ENGINE=InnoDB DEFAULT CHARSET=utf8;

--
-- Dumping data for table `color_tbl`
--

INSERT INTO `color_tbl` (`ColorID`, `Color`) VALUES
(1, 'Blue/White Striped'),
(2, 'Denim'),
(5, 'Blue Orange'),
(8, 'Blue Yellow'),
(13, 'Navy/WHite'),
(17, 'Navy/Vanilla'),
(23, 'Vanilla/Navy'),
(29, 'Navy'),
(36, 'Emberglow'),
(41, 'Light Grey'),
(44, 'Striped Pink'),
(45, 'Lavendar'),
(47, 'Light Pink'),
(49, 'Blue'),
(52, 'Orange'),
(54, 'White'),
(55, 'Navy/ FR Blue'),
(56, 'Navy/Dark Grey'),
(58, 'Double Striped Navy/Red'),
(60, 'Double Striped Teak Navy'),
(66, 'Navy/Orange'),
(67, 'Navy/Red Nautical Stripe'),
(70, 'Nicky Silver'),
(72, 'Striped Ragland Navy Red'),
(75, 'Light Blue'),
(77, 'Navy/Baby Blue'),
(79, 'Navy/Green'),
(82, 'Navy/Light Blue'),
(84, 'Purple/White'),
(85, 'Red/White'),
(86, 'Red Plaid'),
(87, 'Blue Turqoise'),
(96, 'Blue/White'),
(102, 'Gingham Navy'),
(103, 'Gingham Purple'),
(104, 'Gingham Red'),
(105, 'RNCR'),
(109, 'Navy/Charcoal'),
(114, 'Charcoal'),
(128, 'Barn Charcoal'),
(135, 'Black'),
(137, 'Dark Sky Blue'),
(139, 'Multi Purple Peter Pan Floral'),
(140, 'Pink/Lavendar Peter Pan Floral'),
(144, 'Snow Pink'),
(145, 'Cream Multi'),
(146, 'Pink'),
(151, 'Silver'),
(163, 'Navy/Cream'),
(165, 'Rose'),
(166, 'Field Flower'),
(170, 'Gold/Cream'),
(174, 'Red/Cream'),
(176, 'Cream'),
(191, 'Cream/Multi'),
(193, 'Cream/Pink'),
(213, 'White/Navy'),
(221, 'Whie/Multi'),
(224, 'Red'),
(225, 'Peach'),
(238, 'White/Multi'),
(239, 'White/Pink'),
(244, 'Plum'),
(248, 'Moon/Navy'),
(253, 'Baby Blue/Cream'),
(254, 'Baby Blue'),
(255, 'Navy/White Nautical'),
(256, 'French Blue'),
(258, 'Silver Cream'),
(259, 'Silver/Cream'),
(261, 'Crimson'),
(262, 'Tweed Large Check'),
(264, 'Blue Cream'),
(272, 'Grey'),
(278, 'Moon/White'),
(283, 'Striped Ragland Navy Cream'),
(289, 'Moon'),
(300, 'Light Blue/White'),
(306, 'Bright Pink/White'),
(309, 'Light Pink/Cream'),
(311, 'Pink/Green'),
(320, 'Green/White'),
(325, 'Yellow/Blue Stripe'),
(326, 'Green/Navy'),
(327, 'Turquoise/White'),
(329, 'Turquoise Floral'),
(330, 'Pink/White'),
(332, 'White Floral'),
(336, 'Blue/Red Check'),
(337, 'Teak Check'),
(340, 'Teak/White'),
(348, 'Teak/Navy'),
(352, 'Brown'),
(360, 'Brown/Navy'),
(362, 'Color Block French Blue/Navy'),
(363, 'Dark Grey'),
(364, 'Dark Grey/Blue'),
(373, 'Slim Earl Plaid'),
(376, 'Cornflower Blue'),
(379, 'Turqoise Navy Checkered'),
(389, 'Light Blue/Navy'),
(395, 'Green/Multi'),
(402, 'Red/Green/Blue '),
(404, 'Green/Blue/White'),
(407, 'Red/Navy'),
(408, 'Yellow/Blue/White'),
(418, 'Green/Blue Wide Stripe'),
(420, 'Red/Blue Stripe'),
(421, 'Yellow/Blue Wide Stripe'),
(423, 'Aquamarine'),
(426, 'Bright Pink'),
(451, 'Navy Polka Dot'),
(454, 'Dark Peach'),
(467, 'Gold Dots'),
(475, 'Purple Paisley'),
(481, 'Red Paisley'),
(483, 'Teal/Hot Pink'),
(488, 'Navy/White Stripe w/Pink'),
(489, 'Cream/Purple'),
(496, 'Gold'),
(543, 'White w/ Navy trim'),
(555, 'White w/ Pink trim'),
(574, 'Navy Striped'),
(578, 'White/Blue'),
(580, 'Washed Indigo Denim'),
(581, 'Red/Black/White'),
(588, 'Blue Stripe'),
(591, 'Sea Plane'),
(592, 'Toby Check'),
(593, 'Cream Red Tan'),
(594, 'Blue/White/Brown'),
(595, 'Blue/White/Red'),
(597, 'Red/Grey'),
(598, 'Turqoise/Blue'),
(599, 'Tan/Multi'),
(601, 'Cornflower Blue w/ Bow'),
(603, 'Cornflower Blue/White Striped'),
(611, 'Khaki'),
(612, 'Brown Tweed'),
(616, 'Royal Blue'),
(619, 'Navy Gingham'),
(634, 'Dark Khaki'),
(642, 'EK Red'),
(643, 'Hickory'),
(662, 'Green'),
(676, 'Azure Blue'),
(677, 'Coral/Navy'),
(687, 'Pistachio/Navy'),
(688, 'Red/Blue/White'),
(695, 'Green/Blue'),
(697, 'Navy/Coral'),
(699, 'Green Grapes'),
(702, 'Pistachio'),
(704, 'Salmon (Navy Lobster)'),
(705, 'Stone'),
(711, 'Sugar Coral'),
(718, 'Navy/White/Orange'),
(752, 'Bali Navy'),
(759, 'Navy Blue (8410842)'),
(763, 'Purple'),
(764, 'Aqua'),
(773, 'Teal Starfish'),
(775, 'Peach/White'),
(784, 'White Navy'),
(785, 'Royal/White'),
(788, 'Pink White'),
(793, 'White Aqua'),
(794, 'Red/White/Black'),
(796, 'Navy/Blue'),
(797, 'Blue Floral'),
(799, 'Pink Horses'),
(800, 'Blue Plaid'),
(802, 'Green Check'),
(803, 'Pink Plaid'),
(804, 'Pink Gingham'),
(805, 'Pink/Blue'),
(806, 'White/Light Blue'),
(807, 'Light Blue Gingham'),
(808, 'White Outerspace'),
(809, 'Multi'),
(810, 'White Airplane'),
(811, 'White Circus'),
(812, 'Light Blue Duckling'),
(813, 'White Lighthouse'),
(814, 'White Sailboat'),
(815, 'White/Yellow'),
(816, 'White/Blue/Red'),
(817, 'White Roses'),
(818, 'Grey/White'),
(819, 'Pink Dots'),
(820, 'Pink Floral'),
(821, 'White/Red'),
(822, 'Light Blue/ Red'),
(823, 'Grey/Blue'),
(824, 'White w/ Crowns'),
(825, 'White w/ Snowflake'),
(826, 'White/Silver'),
(827, 'Fuschia'),
(828, 'Blue/Cream'),
(829, 'White w/ Black Stripe'),
(830, 'Light Green'),
(831, 'Xmas'),
(832, 'White w/ Whales'),
(833, 'Red/Green'),
(834, 'Violet Gingham'),
(835, 'Periwinkle'),
(836, 'Orchid'),
(837, 'Violet Multi'),
(838, 'White/Violet'),
(839, 'Violet/Green'),
(840, 'Violet/White'),
(841, 'Ivory/Violet'),
(842, 'White/Navy Striped'),
(843, 'Navy/White/Red'),
(844, 'Dark Denim'),
(845, 'Grey/Navy'),
(846, 'Slate'),
(847, 'Ivory'),
(848, 'Tan'),
(849, 'Beige'),
(850, 'Grey/Red Trim'),
(851, 'White/Navy Pinstripe'),
(852, 'Gingham Royal Blue'),
(853, 'Red Slide Stripe'),
(854, 'Aqua/Yellow'),
(855, 'Wide Stripe Aqua'),
(856, 'Tan/White'),
(857, 'Blue/White '),
(858, 'Burgundy/Ivory'),
(859, 'Navy/Ivory'),
(860, 'Bright Blue Stripe'),
(861, 'Coral Pink'),
(862, 'Millereis Navy'),
(863, 'Navy Dots'),
(864, 'Olive'),
(865, 'Grey/Pink'),
(866, 'White/Green'),
(867, 'Coral'),
(868, 'Burgundy'),
(869, 'Indigo'),
(870, 'Charcoal/Silver'),
(871, 'Navy/Brown'),
(872, 'Pink/Turquoise'),
(873, 'Red/White Striped'),
(874, 'White/Silver/Navy'),
(875, 'Pink/Black'),
(876, 'Red Striped'),
(877, 'Teal/Mauve'),
(878, 'Striped Navy/Grey'),
(879, 'Sea Foam Blue w/ Boat'),
(880, 'Navy/White Striped'),
(881, 'White/Navy '),
(882, 'Grey/Red'),
(883, 'Navy/Red'),
(884, 'Beige Plaid'),
(885, 'Cream/Blue'),
(886, 'Burgundy/Grey'),
(887, 'Cream/Brown'),
(888, 'Green Navy'),
(889, 'Maroon Plaid'),
(890, 'Green/Cream'),
(891, 'Putple'),
(892, 'Coral/White'),
(893, 'Blue Gingham'),
(894, 'Herringbone Grey'),
(895, 'Navy/Red/White'),
(896, 'Blue Boats'),
(897, 'Red/Navy/White'),
(898, 'Apricot'),
(899, 'Frill Dark Sky Blue'),
(900, 'Frill Turquoise'),
(901, 'Grey w/ Grapes'),
(902, 'Red Anchor Print'),
(903, 'Wine'),
(904, 'Aqua/Pink'),
(905, 'Cat Grey/Pink'),
(906, 'Damasque Royal Blue'),
(907, 'Damasque Silver'),
(908, 'Grey Polka Dots'),
(909, 'Poppy Hearts'),
(910, 'Red/Gold'),
(911, 'Yellow Polka Dots'),
(912, 'Bordeaux'),
(913, 'Duck Egg'),
(914, 'Sky Blue'),
(915, 'Pink/Brown'),
(916, 'Shift Blue'),
(917, 'Heart Navy/Ivory'),
(918, 'Pink Ivory'),
(919, 'Navy Blue Polka Dot'),
(920, 'Navy Blue Polka Dot/Red Bow'),
(921, 'Maroon/Grey'),
(922, 'Cream/Red'),
(923, 'Hot Pink'),
(924, 'Ivory/Blue'),
(925, 'Caramel/Red'),
(926, 'Lilac'),
(927, 'White Boat Print'),
(928, 'Navy/Tan'),
(929, 'Ivory/Navy '),
(930, 'Navy/Silver'),
(931, 'Ivory/Purple'),
(932, 'Yellow/White'),
(933, 'Navy/Gold'),
(934, 'Cream/Gold'),
(935, 'Rose Pink'),
(936, 'Light Red'),
(937, 'Navy '),
(938, 'Jade'),
(939, 'Turquoise'),
(940, 'Navy w/ Anchor'),
(941, 'Pink/Cream'),
(942, 'Nautical Navy'),
(943, 'Grey Ivory'),
(944, 'Grey/Ivory'),
(945, 'Blue Ivory'),
(946, 'Cream w/ Snowflakes'),
(947, 'White Stripe'),
(948, 'Light Brown'),
(949, 'Navy w/ Bow'),
(950, 'Floral Blue'),
(951, 'White/Bright Pink'),
(952, 'Pink Print'),
(953, 'White/Purple'),
(954, 'Ruffle White'),
(955, 'Hot Pink Print'),
(956, 'Turquoise/Pink'),
(957, 'Navy Anchor'),
(958, 'Blue/Green'),
(959, 'Blue Check'),
(960, 'Light Khaki'),
(961, 'Light Steel'),
(962, 'Blue Blazer'),
(963, 'Blue Point'),
(964, 'Vanilla'),
(965, 'Navy/Pink');

-- --------------------------------------------------------

--
-- Table structure for table `country_origin_tbl`
--

CREATE TABLE `country_origin_tbl` (
  `CountOrigID` int(11) NOT NULL,
  `CountOrig` varchar(100) NOT NULL
) ENGINE=InnoDB DEFAULT CHARSET=utf8;

--
-- Dumping data for table `country_origin_tbl`
--

INSERT INTO `country_origin_tbl` (`CountOrigID`, `CountOrig`) VALUES
(1, 'China'),
(2, 'Korea'),
(3, 'India'),
(4, 'Peru'),
(5, 'Hong Kong'),
(6, 'USA'),
(7, 'EEC'),
(8, 'Phillipines'),
(9, 'Portugal'),
(10, 'El Salvador'),
(11, 'Vietnam'),
(12, 'Morocco'),
(13, 'Mauritus'),
(14, 'Tunisia'),
(15, 'Madagascar'),
(16, 'Philippines'),
(17, 'Turkey'),
(18, 'Bangladesh');

-- --------------------------------------------------------

--
-- Table structure for table `gender_tbl`
--

CREATE TABLE `gender_tbl` (
  `GenderID` int(11) NOT NULL,
  `Gender` varchar(10) NOT NULL
) ENGINE=InnoDB DEFAULT CHARSET=utf8;

--
-- Dumping data for table `gender_tbl`
--

INSERT INTO `gender_tbl` (`GenderID`, `Gender`) VALUES
(1, 'B'),
(2, 'G'),
(3, 'U');

-- --------------------------------------------------------

--
-- Table structure for table `genre_tbl`
--

CREATE TABLE `genre_tbl` (
  `GenreID` int(11) NOT NULL,
  `Genre` varchar(50) NOT NULL
) ENGINE=InnoDB DEFAULT CHARSET=utf8;

--
-- Dumping data for table `genre_tbl`
--

INSERT INTO `genre_tbl` (`GenreID`, `Genre`) VALUES
(1, 'Jazz/Classic'),
(2, 'Techno/Funky'),
(3, 'Indie/Sustainable'),
(4, 'Hip Hop/Streetwear'),
(5, 'Pop/Trendy'),
(6, 'Lullaby/PJs');

-- --------------------------------------------------------

--
-- Table structure for table `genus_tbl`
--

CREATE TABLE `genus_tbl` (
  `GenusID` int(11) NOT NULL,
  `Genus` varchar(50) NOT NULL
) ENGINE=InnoDB DEFAULT CHARSET=utf8;

--
-- Dumping data for table `genus_tbl`
--

INSERT INTO `genus_tbl` (`GenusID`, `Genus`) VALUES
(1, 'Anchor Tshirt'),
(2, 'Shirt'),
(3, 'Shorts'),
(4, 'Sweater'),
(5, 'T-Shirt'),
(6, 'Wide Plaid Shorts'),
(7, 'Cardigan'),
(8, 'Coverall'),
(9, '1/4 Zip Cashmere Sweater'),
(10, 'Airplane T Shirt'),
(11, 'Cargo Shorts'),
(12, 'Cashmere Hoodie'),
(13, 'Cashmere Sweater'),
(14, 'Double Breasted Coat'),
(15, 'Double Breasted Sweater'),
(16, 'Drawstring Pant'),
(17, 'Elbow Patch Sweater'),
(18, 'Gingham Button Down'),
(19, 'Jacket'),
(20, 'Long Plaid Shorts'),
(21, 'Pants'),
(22, 'Quilted Coat'),
(23, 'Searsucker Shorts'),
(24, 'Slim Tweed Pants'),
(25, 'Snow Jacket'),
(26, 'Snowpant'),
(27, 'Tweed Jacket'),
(28, 'Tweed Pants'),
(29, 'Tweed Quilted Fur Trim'),
(30, 'Valeur Pants'),
(31, 'Vneck Sweater'),
(32, 'Blouse'),
(33, 'Bunting'),
(34, 'Cape'),
(35, 'Cashmere Cardigan'),
(36, 'Cashmere Double Breasted Jacket'),
(37, 'Cashmere Drawstring Pants'),
(38, 'Cashmere Leggings'),
(39, 'Cashmere Pants'),
(40, 'Cashmere Ruffled Cardigan'),
(41, 'Crochet Double Breasted Hoodie'),
(42, 'Dress'),
(43, 'Faux Fur Coat'),
(44, 'Hand Knit Hoodie'),
(45, 'Hooded Double Breasted Cardigan'),
(46, 'Hooded Sweater'),
(47, 'Liberty Dress'),
(48, 'Long Snow Jacket'),
(49, 'Ruffle Blouse'),
(50, 'S/S Oxford'),
(51, 'Shirt '),
(52, 'Silk Skirt'),
(53, 'Skirt'),
(54, 'Sweatshirt'),
(55, 'Swiss Ruffle Dress'),
(56, 'Terry Cloth Hoodie'),
(57, 'Tied Ruffle Front Cardigan'),
(58, 'Velvet Dress'),
(59, 'Bloomers'),
(60, 'Cashmere Cardigan Full Zip'),
(61, 'Double Breasted Cardigan'),
(62, 'Double Breasted Hooded Cardigan'),
(63, 'Double Breasted Jacket'),
(64, 'Jumper'),
(65, 'Leggings'),
(66, 'Nicky Shawl'),
(67, 'Polo'),
(68, 'Striped Hoodie'),
(69, 'Tweed Barn Jacket'),
(70, 'Wide Stripe Hoodie'),
(71, 'Cordoroy Blazer'),
(72, 'Swim Trunks'),
(73, 'Sun Dress'),
(74, '1/4 Zip Sweater'),
(75, 'Button Down'),
(76, 'Cordorouy Blazer'),
(77, 'Cordorouy Pants'),
(78, 'Full Zip Hoodie'),
(79, 'L/S Tshirt'),
(80, 'S/S Button Down'),
(81, 'Shawl Collar Sweater'),
(82, 'Striped Swim Trunk'),
(83, 'Bathing Suit'),
(84, 'Cable Sweater'),
(85, 'Cashmere Poncho'),
(86, 'Coat'),
(87, 'Collar Liberty Dress'),
(88, 'Daisy Print Short'),
(89, 'One Piece'),
(90, 'Polka Dot Blouse'),
(91, 'Striped Ribbon Belt'),
(92, 'Sweater '),
(93, 'Tank Top'),
(94, 'Searsucker Pants'),
(95, 'L/S Shirt'),
(96, 'Turtleneck'),
(97, 'Shorts Back Pocket Flap'),
(98, 'Shorts '),
(99, 'White Polo/Sweater Vest'),
(100, 'Hooded Jacket'),
(101, 'Snowsuit'),
(102, 'Bathrobe'),
(103, 'Painter Jeans'),
(104, 'Pajamas'),
(105, 'PJ Set'),
(106, 'Kelly Cardigan'),
(107, 'Blazer'),
(108, 'Canvas Jacket'),
(109, 'Chinos'),
(110, 'Codurouy'),
(111, 'L/S Crewneck Pocket'),
(112, 'Lounge Pants'),
(113, 'Oxford'),
(114, 'Vneck Tshirt'),
(115, 'Windbreaker'),
(116, 'Dottie Dress w/ Bloomers'),
(117, 'Fashion Top'),
(118, 'Jeans'),
(119, 'Skort'),
(120, 'Tankini'),
(121, 'Sailor Set'),
(122, 'Ruffled Neck Tankini'),
(123, 'Striped Tank Neck Ruffle'),
(124, 'Dress w/ Bloomer'),
(125, 'Footed PJ'),
(126, 'Halter Top'),
(127, 'Ruched Dress'),
(128, 'Cozy Comfort Jacard'),
(129, 'Gown'),
(130, 'Onesie'),
(131, 'Valeur Footed Bunting'),
(132, 'Collard Onesie'),
(133, 'Gown w/ Footed'),
(134, 'Playsuit'),
(135, 'S/S Onesie'),
(136, 'Sleeveless Onesie'),
(137, 'Terry Cloth Sleeveless w/ Shorts'),
(138, 'Blusa'),
(139, 'Peasent Collar Shirt'),
(140, 'Ruffle Collar Tshirt'),
(141, 'L/S Striped Tshirt'),
(142, 'Tanktop'),
(143, 'PJ Top'),
(144, 'Pajamas '),
(145, 'Button Down Ruffle Dress'),
(146, 'Coat w/ Bonnet'),
(147, 'Double Breasted Drill Coat'),
(148, 'Dress w/ Bloomers'),
(149, 'L/S Ruffle Collar Blouse'),
(150, 'Plaid Party Dress'),
(151, 'Rick Rack Collar Blouse'),
(152, 'Ruffle Front Cardigan'),
(153, 'Wool Bow Coat'),
(154, 'Caban'),
(155, 'Cardigan w/ Toggles'),
(156, 'Double Breasted Peacoat'),
(157, 'Doudoune'),
(158, 'Loungewear w/ Pants'),
(159, 'Pantalon Cordorouy'),
(160, 'Pantalon Valores Cordorouy'),
(161, 'Parka'),
(162, 'Polo Onesie'),
(163, 'Pullover Sweater'),
(164, 'S/S Henley'),
(165, 'Shorte'),
(166, 'Shorte de Bain'),
(167, 'Cardigan Knit Boat'),
(168, 'Diors Bien Footy PJ'),
(169, 'Flowy Top'),
(170, 'L/S Blouse'),
(171, 'Layette'),
(172, 'Mailot De Bain'),
(173, 'Mantau'),
(174, 'Pantalon Skinny Cordorouy'),
(175, 'Pea Coat'),
(176, 'Ribbed Sweater'),
(177, 'Sweatshurt'),
(178, 'Tshirt'),
(179, 'Cordoroy Overalls'),
(180, 'Dou Doune'),
(181, 'Jeggings'),
(182, 'Overalls'),
(183, 'Pantalon'),
(184, 'Short'),
(185, 'Side Pocket Chords'),
(186, 'Veste'),
(187, 'L/S Onesie'),
(188, 'Manteau'),
(189, 'Cordoroy Pants'),
(190, 'Shirts'),
(191, 'Striped Swim Trunks'),
(192, 'Trousers'),
(193, 'Cashmere Cable Knit Sweater'),
(194, 'Crushed Velvet Dress'),
(195, 'Frill Dress'),
(196, 'Heart Dress'),
(197, 'Heart Pleated Dress'),
(198, 'Hooded Jacket w/ Toggles'),
(199, 'Hoodie Dress'),
(200, 'Houndstooth Dress'),
(201, 'Houndstooth Jackey'),
(202, 'Laggings'),
(203, 'Lambs Wool Capes'),
(204, 'Party Skirt'),
(205, 'Peacocked Coat'),
(206, 'Pleated Dress'),
(207, 'Polka Dot/Bow Dress'),
(208, 'Romper'),
(209, 'Ruched One Piece'),
(210, 'Ruffle Scallop Neck Dress'),
(211, 'Scallop Neck Dress w/ Bloomers'),
(212, 'Ski Pants'),
(213, 'Sleeveless Dress'),
(214, 'Sleeveless Dress w/ Bloomer'),
(215, 'Smocked Dress'),
(216, 'Sun Dress w/ Bloomers'),
(217, 'Tank w/ Bow'),
(218, 'Terry Cloth Shorts'),
(219, 'Trenchcoat'),
(220, 'Valeur Dress'),
(221, 'Velvet Pleated Skirt'),
(222, 'Cable Knit Sweater'),
(223, 'Linen Dress'),
(224, 'S/S Linen Oxford'),
(225, 'Collared Onesie'),
(226, 'Linen Cargo'),
(227, 'Style 232'),
(228, 'Double Breasted Overcoat'),
(229, 'Double Breasted Overcoat w/ Hat'),
(230, 'L/S Dress'),
(231, 'Scallop Collar Dress'),
(232, 'Scallop Neck 2 piece'),
(233, 'Broadway Ruffle Cardigan'),
(234, 'L/S Polo');

-- --------------------------------------------------------

--
-- Table structure for table `item_genre_tbl`
--

CREATE TABLE `item_genre_tbl` (
  `ItemID` varchar(11) NOT NULL,
  `GenreID` int(11) DEFAULT NULL
) ENGINE=InnoDB DEFAULT CHARSET=utf8;

--
-- Dumping data for table `item_genre_tbl`
--

INSERT INTO `item_genre_tbl` (`ItemID`, `GenreID`) VALUES
('ew1002', 1),
('ew1002', 4),
('ew1002', 5),
('ew1003', 1),
('ew1003', 4),
('ew1003', 5),
('ew1004', 1),
('ew1004', 4),
('ew1004', 5),
('ew1005', 2),
('ew1005', 5),
('ew1006', 2),
('ew1006', 5),
('ew1007', 2),
('ew1007', 5),
('ew1008', 2),
('ew1008', 5),
('ew1009', 2),
('ew1009', 5),
('ew1010', 2),
('ew1010', 5),
('ew1011', 2),
('ew1011', 5),
('ew1012', 2),
('ew1012', 5),
('ew1013', 1),
('ew1013', 5),
('ew1014', 1),
('ew1014', 5),
('ew1015', 1),
('ew1015', 5),
('ew1016', 1),
('ew1016', 5),
('ew1017', 1),
('ew1017', 5),
('ew1018', 1),
('ew1018', 5),
('ew1019', 1),
('ew1019', 5),
('ew1020', 1),
('ew1020', 5),
('ew1021', 1),
('ew1021', 5),
('ew1022', 1),
('ew1022', 5),
('ew1023', 1),
('ew1023', 5),
('ew1024', 1),
('ew1024', 5),
('ew1025', 1),
('ew1025', 5),
('ew1026', 1),
('ew1026', 5),
('ew1027', 1),
('ew1027', 5),
('ew1028', 1),
('ew1028', 5),
('ew1029', 1),
('ew1029', 2),
('ew1029', 4),
('ew1029', 5),
('ew1029', 6),
('ew1030', 1),
('ew1030', 2),
('ew1030', 4),
('ew1030', 5),
('ew1030', 6),
('ew1031', 1),
('ew1031', 2),
('ew1031', 4),
('ew1031', 5),
('ew1031', 6),
('ew1032', 1),
('ew1032', 2),
('ew1032', 4),
('ew1032', 5),
('ew1032', 6),
('ew1033', 1),
('ew1033', 2),
('ew1033', 4),
('ew1033', 5),
('ew1033', 6),
('ew1034', 1),
('ew1034', 2),
('ew1034', 4),
('ew1034', 5),
('ew1034', 6),
('ew1035', 1),
('ew1035', 2),
('ew1035', 4),
('ew1035', 5),
('ew1035', 6),
('ew1045', 1),
('ew1046', 1),
('ew1046', 5),
('ew1047', 1),
('ew1052', 2),
('ew1052', 4),
('ew1052', 5),
('ew1088', 1),
('ew1088', 5),
('ew1089', 1),
('ew1089', 5),
('ew1090', 1),
('ew1090', 5),
('ew1091', 1),
('ew1091', 5),
('ew1092', 1),
('ew1092', 5),
('ew1107', 1),
('ew1107', 5),
('ew1108', 1),
('ew1108', 5),
('ew1109', 2),
('ew1109', 5),
('ew1110', 1),
('ew1110', 5),
('ew1111', 1),
('ew1111', 5),
('ew1112', 1),
('ew1112', 5),
('ew1113', 1),
('ew1113', 5),
('ew1123', 1),
('ew1123', 5),
('ew1124', 1),
('ew1124', 5),
('ew1125', 1),
('ew1125', 5),
('ew1138', 1),
('ew1138', 2),
('ew1184', 1),
('ew1184', 2),
('ew1184', 5),
('ew1185', 1),
('ew1185', 2),
('ew1185', 5),
('ew1186', 1),
('ew1186', 2),
('ew1186', 5),
('ew1187', 1),
('ew1187', 2),
('ew1187', 5),
('ew1188', 1),
('ew1188', 2),
('ew1188', 5),
('ew1189', 1),
('ew1189', 2),
('ew1189', 5),
('ew1190', 1),
('ew1190', 2),
('ew1190', 4),
('ew1190', 5),
('ew1191', 2),
('ew1192', 2),
('ew1193', 2),
('ew1194', 2),
('ew1213', 1),
('ew1214', 1),
('ew1214', 5),
('ew1215', 1),
('ew1215', 5),
('ew1216', 1),
('ew1216', 5),
('ew1217', 2),
('ew1218', 2),
('ew1219', 2),
('ew1220', 2),
('ew1221', 2),
('ew1222', 2),
('ew1235', 1),
('ew1235', 5),
('ew1236', 1),
('ew1236', 5),
('ew1237', 1),
('ew1237', 5),
('ew1238', 2),
('ew1253', 1),
('ew1253', 2),
('ew1254', 1),
('ew1254', 2),
('ew1273', 1),
('ew1273', 5),
('ew1274', 1),
('ew1274', 5),
('ew1295', 1),
('ew1300', 1),
('ew1300', 5),
('ew1301', 1),
('ew1301', 5),
('ew1306', 1),
('ew1306', 5),
('ew1307', 1),
('ew1307', 5),
('ew1308', 1),
('ew1308', 5),
('ew1309', 1),
('ew1309', 5),
('ew1310', 1),
('ew1310', 5),
('ew1311', 2),
('ew1311', 5),
('ew1312', 1),
('ew1312', 5),
('ew1313', 1),
('ew1313', 5),
('ew1314', 1),
('ew1314', 5),
('ew1315', 1),
('ew1315', 5),
('ew1316', 1),
('ew1316', 5),
('ew1317', 1),
('ew1317', 5),
('ew1318', 1),
('ew1318', 5),
('ew1319', 1),
('ew1319', 5),
('ew1320', 2),
('ew1326', 2),
('ew1327', 2),
('ew1327', 5),
('ew1328', 2),
('ew1328', 5),
('ew1330', 1),
('ew1330', 2),
('ew1331', 1),
('ew1331', 2),
('ew1340', 1),
('ew1340', 5),
('ew1364', 1),
('ew1364', 4),
('ew1364', 5),
('ew1365', 1),
('ew1365', 5),
('ew1366', 1),
('ew1366', 2),
('ew1366', 4),
('ew1366', 5),
('ew1367', 1),
('ew1367', 2),
('ew1367', 5),
('ew1368', 1),
('ew1368', 2),
('ew1368', 5),
('ew1369', 1),
('ew1369', 2),
('ew1369', 5),
('ew1370', 1),
('ew1370', 2),
('ew1370', 5),
('ew1371', 1),
('ew1371', 2),
('ew1371', 5),
('ew1383', 1),
('ew1383', 2),
('ew1383', 5),
('ew1384', 1),
('ew1384', 2),
('ew1384', 5),
('ew1385', 1),
('ew1385', 5),
('ew1386', 1),
('ew1386', 5),
('ew1387', 1),
('ew1387', 5),
('ew1388', 1),
('ew1388', 5),
('ew1389', 1),
('ew1389', 5),
('ew1390', 1),
('ew1390', 2),
('ew1390', 5),
('ew1391', 1),
('ew1391', 2),
('ew1391', 5),
('ew1392', 1),
('ew1392', 2),
('ew1392', 5),
('ew1393', 1),
('ew1393', 2),
('ew1393', 5),
('ew1394', 1),
('ew1394', 2),
('ew1394', 5),
('ew1395', 2),
('ew1395', 5),
('ew1396', 2),
('ew1396', 5),
('ew1397', 2),
('ew1397', 5),
('ew1398', 2),
('ew1398', 5),
('ew1399', 1),
('ew1399', 5),
('ew1400', 1),
('ew1400', 5),
('ew1401', 1),
('ew1401', 5),
('ew1402', 2),
('ew1402', 5),
('ew1403', 2),
('ew1403', 5),
('ew1404', 2),
('ew1405', 1),
('ew1405', 2),
('ew1405', 5),
('ew1406', 1),
('ew1406', 2),
('ew1406', 5),
('ew1407', 2),
('ew1415', 1),
('ew1415', 5),
('ew1416', 1),
('ew1416', 5),
('ew1417', 1),
('ew1417', 5),
('ew1422', 1),
('ew1422', 5),
('ew1458', 1),
('ew1458', 2),
('ew1458', 5),
('ew1459', 1),
('ew1459', 2),
('ew1459', 5),
('ew1460', 1),
('ew1460', 2),
('ew1460', 5),
('ew1462', 2),
('ew1462', 5),
('ew1463', 2),
('ew1463', 5),
('ew1464', 2),
('ew1464', 5),
('ew1465', 2),
('ew1465', 5),
('ew1466', 2),
('ew1466', 5),
('ew1489', 1),
('ew1489', 2),
('ew1491', 1),
('ew1491', 2),
('ew1491', 5),
('ew1492', 1),
('ew1492', 5),
('ew1493', 1),
('ew1493', 2),
('ew1493', 5),
('ew1494', 2),
('ew1494', 5),
('ew1495', 2),
('ew1495', 5),
('ew1520', 1),
('ew1520', 5),
('ew1521', 1),
('ew1521', 5),
('ew1522', 1),
('ew1522', 5),
('ew1523', 1),
('ew1523', 5),
('ew1524', 1),
('ew1524', 5),
('ew1525', 1),
('ew1525', 5),
('ew1526', 1),
('ew1526', 5),
('ew1527', 1),
('ew1527', 5),
('ew1528', 1),
('ew1529', 1),
('ew1530', 1),
('ew1531', 1),
('ew1532', 1),
('ew1533', 1),
('ew1534', 1),
('ew1535', 1),
('ew1536', 1),
('ew1537', 1),
('ew1538', 1),
('ew1539', 1),
('ew1540', 1),
('ew1541', 1),
('ew1542', 1),
('ew1545', 1),
('ew1545', 2),
('ew1550', 1),
('ew1550', 2),
('ew1551', 1),
('ew1551', 2),
('ew1552', 1),
('ew1552', 2),
('ew1553', 1),
('ew1553', 2),
('ew1554', 1),
('ew1556', 2),
('ew1558', 1),
('ew1558', 2),
('ew1559', 1),
('ew1559', 2),
('ew1560', 1),
('ew1560', 2),
('ew1561', 1),
('ew1561', 2),
('ew1562', 1),
('ew1562', 2),
('ew1563', 1),
('ew1563', 2),
('ew1564', 1),
('ew1564', 5),
('ew1569', 1),
('ew1569', 2),
('ew1570', 1),
('ew1570', 2),
('ew1571', 1),
('ew1571', 2),
('ew1573', 1),
('ew1573', 5),
('ew1581', 6),
('ew1582', 6),
('ew1583', 6),
('ew1584', 6),
('ew1585', 6),
('ew1586', 6),
('ew1587', 1),
('ew1587', 5),
('ew1589', 6),
('ew1593', 1),
('ew1593', 5),
('ew1594', 2),
('ew1595', 2),
('ew1596', 2),
('ew1597', 2),
('ew1599', 2),
('ew1600', 2),
('ew1604', 6),
('ew1605', 6),
('ew1606', 6),
('ew1607', 6),
('ew1608', 6),
('ew1609', 1),
('ew1609', 5),
('ew1616', 2),
('ew1616', 5),
('ew1616', 6),
('ew1617', 2),
('ew1617', 5),
('ew1617', 6),
('ew1618', 2),
('ew1618', 5),
('ew1618', 6),
('ew1626', 1),
('ew1626', 5),
('ew1627', 1),
('ew1627', 2),
('ew1628', 1),
('ew1628', 2),
('ew1629', 2),
('ew1629', 5),
('ew1629', 6),
('ew1630', 2),
('ew1630', 5),
('ew1630', 6),
('ew1631', 2),
('ew1631', 5),
('ew1631', 6),
('ew1632', 2),
('ew1632', 5),
('ew1632', 6),
('ew1633', 2),
('ew1633', 5),
('ew1633', 6),
('ew1634', 1),
('ew1634', 5),
('ew1635', 1),
('ew1635', 5),
('ew1636', 1),
('ew1636', 5),
('ew1637', 1),
('ew1637', 5),
('ew1638', 1),
('ew1638', 5),
('ew1639', 1),
('ew1639', 5),
('ew1640', 1),
('ew1640', 5),
('ew1641', 1),
('ew1641', 5),
('ew1647', 1),
('ew1647', 5),
('ew1653', 1),
('ew1653', 5),
('ew1654', 1),
('ew1654', 5),
('ew1655', 1),
('ew1655', 5),
('ew1656', 1),
('ew1656', 5),
('ew1657', 1),
('ew1657', 5),
('ew1658', 1),
('ew1658', 5),
('ew1659', 1),
('ew1659', 5),
('ew1660', 1),
('ew1660', 5),
('ew1661', 1),
('ew1661', 5),
('ew1662', 1),
('ew1662', 5),
('ew1663', 1),
('ew1663', 5),
('ew1664', 1),
('ew1664', 5),
('ew1665', 1),
('ew1665', 5),
('ew1666', 1),
('ew1666', 5),
('ew1667', 1),
('ew1667', 5),
('ew1668', 1),
('ew1668', 5),
('ew1669', 1),
('ew1669', 5),
('ew1670', 1),
('ew1670', 5),
('ew1671', 1),
('ew1671', 5),
('ew1672', 1),
('ew1672', 5),
('ew1673', 1),
('ew1673', 5),
('ew1674', 1),
('ew1674', 5),
('ew1675', 1),
('ew1675', 5),
('ew1676', 2),
('ew1676', 5),
('ew1677', 2),
('ew1677', 5),
('ew1678', 2),
('ew1678', 5),
('ew1679', 2),
('ew1679', 5),
('ew1680', 2),
('ew1680', 5),
('ew1681', 2),
('ew1681', 5),
('ew1682', 2),
('ew1682', 5),
('ew1683', 2),
('ew1683', 5),
('ew1684', 1),
('ew1684', 5),
('ew1685', 1),
('ew1685', 5),
('ew1686', 1),
('ew1686', 5),
('ew1687', 2),
('ew1687', 5),
('ew1688', 2),
('ew1688', 5),
('ew1689', 2),
('ew1689', 5),
('ew1690', 2),
('ew1690', 5),
('ew1691', 2),
('ew1691', 5),
('ew1692', 2),
('ew1692', 5),
('ew1693', 2),
('ew1693', 5),
('ew1694', 2),
('ew1694', 5),
('ew1695', 1),
('ew1695', 2),
('ew1696', 1),
('ew1696', 2),
('ew1697', 1),
('ew1697', 2),
('ew1698', 1),
('ew1698', 2),
('ew1717', 1),
('ew1719', 1),
('ew1719', 2),
('ew1720', 1),
('ew1720', 2),
('ew1721', 1),
('ew1721', 2),
('ew1722', 1),
('ew1722', 2),
('ew1723', 1),
('ew1723', 2),
('ew1726', 1),
('ew1727', 1),
('ew1728', 1),
('ew1729', 1),
('ew1730', 1),
('ew1731', 1),
('ew1732', 1),
('ew1733', 1),
('ew1734', 1),
('ew1735', 1),
('ew1736', 1),
('ew1737', 1),
('ew1738', 1),
('ew1739', 1),
('ew1740', 1),
('ew1741', 1),
('ew1742', 4),
('ew1742', 5),
('ew1743', 4),
('ew1743', 5),
('ew1744', 4),
('ew1744', 5),
('ew1745', 4),
('ew1745', 5),
('ew1746', 4),
('ew1746', 5),
('ew1747', 4),
('ew1747', 5),
('ew1748', 4),
('ew1748', 5),
('ew1749', 4),
('ew1749', 5),
('ew1762', 2),
('ew1762', 5),
('ew1763', 1),
('ew1763', 2),
('ew1763', 5),
('ew1764', 1),
('ew1764', 2),
('ew1764', 4),
('ew1764', 5),
('ew1765', 1),
('ew1765', 2),
('ew1765', 4),
('ew1765', 5),
('ew1766', 6),
('ew1767', 6),
('ew1768', 2),
('ew1768', 5),
('ew1768', 6),
('ew1769', 2),
('ew1769', 5),
('ew1769', 6),
('ew1770', 1),
('ew1770', 5),
('ew1772', 1),
('ew1772', 5),
('ew1774', 1),
('ew1775', 2),
('ew1775', 5),
('ew1776', 2),
('ew1776', 5),
('ew1777', 2),
('ew1777', 5),
('ew1778', 2),
('ew1778', 5),
('ew1779', 2),
('ew1779', 5),
('ew1785', 1),
('ew1788', 2),
('ew1788', 6),
('ew1789', 2),
('ew1789', 6),
('ew1790', 2),
('ew1790', 6),
('ew1791', 2),
('ew1791', 6),
('ew1792', 2),
('ew1792', 6),
('ew1794', 1),
('ew1795', 1),
('ew1796', 2),
('ew1807', 1),
('ew1825', 6),
('ew1846', 1),
('ew1846', 6),
('ew1847', 1),
('ew1847', 6),
('ew1848', 6),
('ew1849', 1),
('ew1849', 5),
('ew1850', 1),
('ew1850', 5),
('ew1851', 6),
('ew1852', 6),
('ew1853', 1),
('ew1853', 6),
('ew1854', 1),
('ew1854', 5),
('ew1854', 6),
('ew1857', 6),
('ew1858', 6),
('ew1863', 1),
('ew1863', 5),
('ew1864', 1),
('ew1864', 5),
('ew1865', 1),
('ew1865', 2),
('ew1866', 1),
('ew1866', 2),
('ew1872', 6),
('ew1879', 6),
('ew1880', 1),
('ew1880', 6),
('ew1882', 1),
('ew1883', 1),
('ew1884', 1),
('ew1884', 5),
('ew1885', 1),
('ew1885', 4),
('ew1885', 5),
('ew1892', 1),
('ew1892', 2),
('ew1892', 5),
('ew1893', 1),
('ew1893', 5),
('ew1894', 1),
('ew1894', 2),
('ew1894', 5),
('ew1897', 1),
('ew1897', 4),
('ew1897', 5),
('ew1898', 1),
('ew1898', 2),
('ew1898', 5),
('ew1901', 3),
('ew1901', 6),
('ew1902', 3),
('ew1902', 6),
('ew1905', 1),
('ew1905', 2),
('ew1905', 5),
('ew1906', 1),
('ew1906', 2),
('ew1906', 5),
('ew1934', 1),
('ew1934', 2),
('ew1935', 1),
('ew1935', 2),
('ew1936', 1),
('ew1936', 2),
('ew1937', 1),
('ew1937', 2),
('ew1938', 1),
('ew1939', 1),
('ew1940', 1),
('ew1941', 1),
('ew1942', 1),
('ew1943', 1),
('ew1945', 1),
('ew1945', 2),
('ew1946', 1),
('ew1946', 2),
('ew1947', 1),
('ew1948', 1),
('ew1949', 1),
('ew1950', 1),
('ew1954', 1),
('ew1954', 5),
('ew1957', 1),
('ew1957', 5),
('ew1958', 1),
('ew1958', 5),
('ew1959', 1),
('ew1959', 5),
('ew1960', 1),
('ew1960', 2),
('ew1961', 1),
('ew1961', 5),
('ew1972', 2),
('ew1972', 4),
('ew1972', 5),
('ew1977', 1),
('ew1977', 4),
('ew1977', 5),
('ew1981', 1),
('ew1981', 6),
('ew1982', 6),
('ew1983', 6),
('ew1984', 6),
('ew1985', 6),
('ew1986', 6),
('ew1987', 6),
('ew1988', 6),
('ew1989', 6),
('ew1990', 6),
('ew1991', 6),
('ew1992', 6),
('ew1997', 1),
('ew1997', 5),
('ew1998', 1),
('ew1998', 5),
('ew1999', 1),
('ew1999', 5),
('ew2000', 1),
('ew2000', 5),
('ew2001', 1),
('ew2001', 5),
('ew2002', 1),
('ew2002', 5),
('ew2003', 1),
('ew2003', 5),
('ew2004', 1),
('ew2004', 5),
('ew2005', 1),
('ew2005', 5),
('ew2006', 1),
('ew2006', 5),
('ew2007', 1),
('ew2007', 5),
('ew2008', 1),
('ew2008', 5),
('ew2009', 1),
('ew2009', 5),
('ew2010', 1),
('ew2010', 5),
('ew2011', 1),
('ew2011', 5),
('ew2012', 1),
('ew2012', 5),
('ew2013', 1),
('ew2013', 5),
('ew2014', 1),
('ew2014', 5),
('ew2015', 1),
('ew2015', 5),
('ew2016', 1),
('ew2016', 5),
('ew2017', 1),
('ew2017', 5),
('ew2018', 1),
('ew2018', 2),
('ew2018', 5),
('ew2019', 1),
('ew2019', 2),
('ew2019', 5),
('ew2020', 1),
('ew2020', 2),
('ew2020', 5),
('ew2021', 1),
('ew2021', 2),
('ew2021', 5),
('ew2022', 1),
('ew2022', 2),
('ew2022', 5),
('ew2023', 1),
('ew2023', 2),
('ew2023', 5),
('ew2024', 1),
('ew2024', 2),
('ew2024', 5),
('ew2025', 1),
('ew2025', 4),
('ew2025', 5),
('ew2026', 1),
('ew2026', 4),
('ew2026', 5),
('ew2027', 1),
('ew2027', 4),
('ew2027', 5),
('ew2028', 1),
('ew2028', 4),
('ew2028', 5),
('ew2029', 1),
('ew2029', 4),
('ew2029', 5),
('ew2030', 1),
('ew2030', 2),
('ew2030', 5),
('ew2031', 1),
('ew2031', 2),
('ew2031', 5),
('ew2059', 2),
('ew2059', 5),
('ew2061', 1),
('ew2061', 2),
('ew2062', 1),
('ew2062', 2),
('ew2063', 1),
('ew2063', 2),
('ew2064', 1),
('ew2064', 2),
('ew2065', 1),
('ew2065', 2),
('ew2066', 1),
('ew2066', 2),
('ew2067', 2),
('ew2067', 5),
('ew2068', 5),
('ew2069', 5),
('ew2070', 1),
('ew2070', 2),
('ew2070', 5),
('ew2071', 1),
('ew2071', 2),
('ew2071', 5),
('ew2072', 1),
('ew2072', 2),
('ew2072', 5),
('ew2073', 1),
('ew2073', 2),
('ew2073', 5),
('ew2074', 1),
('ew2074', 2),
('ew2074', 5),
('ew2075', 1),
('ew2075', 2),
('ew2075', 5),
('ew2076', 1),
('ew2076', 2),
('ew2076', 5),
('ew2077', 1),
('ew2077', 2),
('ew2077', 5),
('ew2078', 1),
('ew2078', 4),
('ew2078', 5),
('ew2079', 1),
('ew2079', 4),
('ew2079', 5),
('ew2080', 1),
('ew2080', 4),
('ew2080', 5),
('ew2081', 1),
('ew2081', 4),
('ew2081', 5),
('ew2082', 1),
('ew2082', 5),
('ew2083', 1),
('ew2083', 5),
('ew2084', 1),
('ew2084', 4),
('ew2084', 5),
('ew2085', 1),
('ew2085', 5),
('ew2086', 1),
('ew2087', 1),
('ew2088', 1),
('ew2089', 1),
('ew2090', 1),
('ew2091', 2),
('ew2091', 4),
('ew2092', 1),
('ew2092', 2),
('ew2093', 1),
('ew2093', 2),
('ew2094', 1),
('ew2094', 2),
('ew2095', 1),
('ew2095', 2),
('ew2096', 1),
('ew2096', 2),
('ew2097', 1),
('ew2097', 2),
('ew2098', 1),
('ew2098', 2),
('ew2099', 1),
('ew2099', 2),
('ew2100', 1),
('ew2100', 2),
('ew2110', 1),
('ew2110', 5),
('ew2113', 1),
('ew2113', 2),
('ew2113', 4),
('ew2113', 5),
('ew2114', 1),
('ew2114', 2),
('ew2114', 4),
('ew2114', 5),
('ew2115', 1),
('ew2115', 2),
('ew2115', 4),
('ew2115', 5),
('ew2126', 1),
('ew2126', 6),
('ew2127', 1),
('ew2127', 6),
('ew2128', 1),
('ew2128', 5),
('ew2128', 6),
('ew2129', 1),
('ew2129', 4),
('ew2129', 5),
('ew2130', 1),
('ew2130', 4),
('ew2130', 5),
('ew2131', 6),
('ew2132', 6),
('ew2133', 6),
('ew2134', 6),
('ew2135', 6),
('ew2136', 6),
('ew2137', 6),
('ew2138', 6),
('ew2139', 6),
('ew2140', 6),
('ew2141', 6),
('ew2142', 6),
('ew2143', 6),
('ew2144', 6),
('ew2145', 6),
('ew2147', 1),
('ew2147', 5),
('ew2148', 1),
('ew2148', 5),
('ew2149', 1),
('ew2149', 2),
('ew2149', 5),
('ew2150', 1),
('ew2150', 5),
('ew2151', 1),
('ew2151', 5),
('ew2152', 1),
('ew2152', 5),
('ew2153', 1),
('ew2153', 5),
('ew2154', 1),
('ew2154', 5),
('ew2155', 1),
('ew2155', 5),
('ew2156', 1),
('ew2156', 5),
('ew2157', 1),
('ew2157', 5),
('ew2158', 1),
('ew2158', 2),
('ew2158', 5),
('ew2159', 1),
('ew2159', 2),
('ew2159', 5),
('ew2160', 1),
('ew2160', 2),
('ew2160', 5),
('ew2161', 1),
('ew2161', 2),
('ew2161', 5),
('ew2162', 1),
('ew2162', 2),
('ew2162', 5),
('ew2163', 1),
('ew2163', 2),
('ew2163', 5),
('ew2164', 1),
('ew2164', 2),
('ew2164', 5),
('ew2165', 1),
('ew2165', 2),
('ew2165', 5),
('ew2166', 1),
('ew2166', 2),
('ew2166', 5),
('ew2167', 1),
('ew2167', 2),
('ew2167', 5),
('ew2168', 1),
('ew2168', 2),
('ew2168', 5),
('ew2169', 1),
('ew2169', 2),
('ew2169', 4),
('ew2169', 5),
('ew2170', 1),
('ew2170', 2),
('ew2170', 4),
('ew2170', 5),
('ew2171', 1),
('ew2171', 2),
('ew2171', 4),
('ew2171', 5),
('ew2172', 1),
('ew2172', 2),
('ew2172', 4),
('ew2172', 5),
('ew2173', 1),
('ew2173', 2),
('ew2173', 4),
('ew2173', 5),
('ew2174', 1),
('ew2174', 4),
('ew2174', 5),
('ew2175', 1),
('ew2175', 4),
('ew2175', 5),
('ew2176', 1),
('ew2176', 4),
('ew2176', 5),
('ew2177', 1),
('ew2177', 2),
('ew2177', 5),
('ew2178', 1),
('ew2178', 2),
('ew2178', 5),
('ew2179', 1),
('ew2179', 2),
('ew2179', 5),
('ew2183', 1),
('ew2183', 2),
('ew2184', 1),
('ew2184', 2),
('ew2185', 1),
('ew2185', 2),
('ew2186', 1),
('ew2186', 2),
('ew2187', 1),
('ew2187', 2),
('ew2188', 1),
('ew2188', 2),
('ew2188', 5),
('ew2189', 1),
('ew2189', 2),
('ew2189', 5),
('ew2190', 1),
('ew2190', 2),
('ew2190', 5),
('ew2191', 2),
('ew2191', 5),
('ew2192', 2),
('ew2192', 5),
('ew2193', 2),
('ew2193', 5),
('ew2194', 2),
('ew2194', 5),
('ew2195', 2),
('ew2195', 5),
('ew2196', 1),
('ew2196', 5),
('ew2197', 1),
('ew2197', 5),
('ew2198', 1),
('ew2198', 5),
('ew2199', 1),
('ew2199', 5),
('ew2200', 1),
('ew2200', 5),
('ew2201', 1),
('ew2201', 5),
('ew2202', 1),
('ew2202', 5),
('ew2203', 1),
('ew2203', 5),
('ew2204', 1),
('ew2204', 5),
('ew2205', 1),
('ew2205', 5),
('ew2206', 1),
('ew2206', 5),
('ew2207', 1),
('ew2207', 5),
('ew2208', 1),
('ew2208', 5),
('ew2209', 1),
('ew2209', 5),
('ew2210', 1),
('ew2210', 5),
('ew2211', 1),
('ew2211', 5),
('ew2212', 1),
('ew2212', 5),
('ew2213', 1),
('ew2213', 5),
('ew2214', 1),
('ew2214', 5),
('ew2215', 1),
('ew2215', 5),
('ew2216', 1),
('ew2216', 5),
('ew2217', 1),
('ew2217', 5),
('ew2218', 1),
('ew2218', 5),
('ew2219', 1),
('ew2219', 5),
('ew2220', 1),
('ew2220', 5),
('ew2221', 1),
('ew2221', 5),
('ew2222', 1),
('ew2222', 5),
('ew2223', 1),
('ew2223', 5),
('ew2224', 1),
('ew2224', 5),
('ew2225', 1),
('ew2225', 5),
('ew2226', 1),
('ew2226', 5),
('ew2227', 1),
('ew2227', 2),
('ew2227', 5),
('ew2228', 1),
('ew2228', 2),
('ew2228', 5),
('ew2229', 1),
('ew2229', 2),
('ew2229', 5),
('ew2230', 1),
('ew2230', 2),
('ew2230', 5),
('ew2235', 1),
('ew2235', 5),
('ew2236', 1),
('ew2236', 5),
('ew2237', 1),
('ew2237', 5),
('ew2238', 1),
('ew2238', 2),
('ew2238', 5),
('ew2239', 1),
('ew2239', 2),
('ew2239', 5),
('ew2240', 1),
('ew2240', 5),
('ew2241', 1),
('ew2241', 5),
('ew2242', 1),
('ew2242', 5),
('ew2243', 1),
('ew2243', 5),
('ew2244', 1),
('ew2244', 5),
('ew2245', 1),
('ew2245', 5),
('ew2247', 1),
('ew2247', 5),
('ew2248', 1),
('ew2248', 5),
('ew2249', 1),
('ew2249', 5),
('ew2250', 1),
('ew2250', 5),
('ew2251', 1),
('ew2251', 2),
('ew2251', 5),
('ew2252', 1),
('ew2252', 2),
('ew2252', 5),
('ew2253', 1),
('ew2253', 2),
('ew2253', 5),
('ew2254', 1),
('ew2254', 2),
('ew2254', 5),
('ew2255', 1),
('ew2255', 2),
('ew2256', 1),
('ew2256', 2),
('ew2257', 1),
('ew2257', 2),
('ew2258', 1),
('ew2258', 2),
('ew2259', 1),
('ew2259', 5),
('ew2260', 1),
('ew2260', 2),
('ew2260', 5),
('ew2261', 1),
('ew2261', 2),
('ew2261', 5),
('ew2279', 1),
('ew2279', 5),
('ew2279', 6),
('ew2280', 1),
('ew2280', 5),
('ew2280', 6),
('ew2281', 1),
('ew2281', 5),
('ew2281', 6),
('ew2282', 1),
('ew2282', 5),
('ew2282', 6),
('ew2284', 1),
('ew2284', 5),
('ew2284', 6),
('ew2287', 1),
('ew2287', 6),
('ew2288', 1),
('ew2288', 6),
('ew2289', 1),
('ew2289', 6),
('ew2297', 1),
('ew2297', 5),
('ew2298', 1),
('ew2298', 5),
('ew2299', 1),
('ew2299', 5),
('ew2300', 1),
('ew2300', 5),
('ew2302', 1),
('ew2302', 4),
('ew2302', 5),
('ew2311', 6),
('ew2314', 1),
('ew2314', 2),
('ew2314', 5),
('ew2315', 1),
('ew2315', 2),
('ew2315', 5),
('ew2316', 1),
('ew2316', 5),
('ew2317', 1),
('ew2317', 5),
('ew2318', 1),
('ew2318', 5),
('ew2319', 1),
('ew2319', 5),
('ew2320', 1),
('ew2320', 5),
('ew2321', 1),
('ew2321', 5),
('ew2322', 1),
('ew2322', 5),
('ew2323', 1),
('ew2323', 5),
('ew2324', 1),
('ew2324', 5),
('ew2325', 1),
('ew2325', 5),
('ew2326', 1),
('ew2326', 5),
('ew2327', 1),
('ew2327', 5),
('ew2328', 1),
('ew2328', 5),
('ew2329', 1),
('ew2329', 5),
('ew2330', 1),
('ew2330', 2),
('ew2330', 5),
('ew2331', 1),
('ew2331', 2),
('ew2331', 5),
('ew2332', 1),
('ew2332', 2),
('ew2332', 5),
('ew2333', 1),
('ew2333', 2),
('ew2333', 5),
('ew2334', 1),
('ew2334', 2),
('ew2334', 5),
('ew2335', 1),
('ew2335', 2),
('ew2335', 5),
('ew2336', 1),
('ew2336', 2),
('ew2336', 5),
('ew2337', 1),
('ew2337', 2),
('ew2337', 5),
('ew2338', 1),
('ew2338', 2),
('ew2338', 5),
('ew2339', 1),
('ew2339', 5),
('ew2340', 1),
('ew2340', 5),
('ew2341', 1),
('ew2341', 5),
('ew2342', 1),
('ew2342', 5),
('ew2343', 1),
('ew2343', 5),
('ew2344', 1),
('ew2344', 5),
('ew2345', 2),
('ew2345', 6),
('ew2345', 5),
('ew2346', 2),
('ew2346', 6),
('ew2346', 5),
('ew2347', 2),
('ew2347', 6),
('ew2347', 5),
('ew2354', 2),
('ew2354', 6),
('ew2354', 5),
('ew2355', 1),
('ew2355', 2),
('ew2356', 1),
('ew2356', 4),
('ew2356', 5),
('ew2369', 1),
('ew2369', 4),
('ew2369', 5),
('ew2370', 1),
('ew2370', 4),
('ew2370', 5),
('ew2371', 1),
('ew2371', 4),
('ew2371', 5),
('ew2372', 1),
('ew2372', 4),
('ew2372', 5),
('ew2395', 2),
('ew2396', 2),
('ew2397', 2),
('ew2398', 2),
('ew2399', 2),
('ew2400', 2),
('ew2401', 1),
('ew2401', 2),
('ew2401', 5),
('ew2402', 1),
('ew2402', 2),
('ew2402', 5),
('ew2403', 1),
('ew2404', 1),
('ew2455', 1),
('ew2455', 5),
('ew2456', 1),
('ew2456', 5),
('ew2457', 1),
('ew2457', 5),
('ew2462', 1),
('ew2462', 5),
('ew2464', 6),
('ew2465', 6),
('ew2466', 6),
('ew2467', 6),
('ew2468', 6),
('ew2469', 6),
('ew2470', 6),
('ew2471', 6),
('ew2472', 6),
('ew2473', 6),
('ew2474', 6),
('ew2475', 6),
('ew2476', 6),
('ew2477', 6),
('ew2478', 6),
('ew2479', 6),
('ew2480', 6),
('ew2481', 6),
('ew2482', 6),
('ew2488', 6),
('ew2508', 1),
('ew2508', 5),
('ew2512', 1),
('ew2512', 2),
('ew2512', 5),
('ew2513', 1),
('ew2513', 2),
('ew2513', 5),
('ew2514', 1),
('ew2514', 5),
('ew2515', 1),
('ew2516', 2),
('ew2516', 5),
('ew2516', 6),
('ew2517', 1),
('ew2517', 5),
('ew2518', 1),
('ew2518', 5),
('ew2519', 1),
('ew2519', 5),
('ew2520', 1),
('ew2520', 5),
('ew2521', 1),
('ew2521', 5),
('ew2522', 1),
('ew2522', 5),
('ew2523', 1),
('ew2523', 5),
('ew2524', 1),
('ew2524', 5),
('ew2525', 1),
('ew2525', 5),
('ew2526', 1),
('ew2526', 5),
('ew2527', 1),
('ew2527', 5),
('ew2528', 1),
('ew2528', 5),
('ew2529', 1),
('ew2529', 5),
('ew2530', 1),
('ew2530', 5),
('ew2531', 1),
('ew2531', 5),
('ew2532', 1),
('ew2532', 5),
('ew2533', 1),
('ew2534', 1),
('ew2534', 2),
('ew2534', 5),
('ew2535', 1),
('ew2535', 2),
('ew2535', 5),
('ew2536', 1),
('ew2536', 2),
('ew2536', 5),
('ew2537', 1),
('ew2537', 2),
('ew2537', 5),
('ew2538', 1),
('ew2538', 2),
('ew2538', 5),
('ew2539', 1),
('ew2539', 2),
('ew2539', 5),
('ew2540', 1),
('ew2540', 2),
('ew2540', 5),
('ew2541', 1),
('ew2541', 2),
('ew2541', 5),
('ew2542', 1),
('ew2542', 2),
('ew2542', 5),
('ew2543', 1),
('ew2543', 1),
('ew2543', 1),
('ew2544', 1),
('ew2544', 1),
('ew2544', 1),
('ew2545', 1),
('ew2545', 1),
('ew2545', 1),
('ew2546', 1),
('ew2546', 1),
('ew2546', 1),
('ew2547', 1),
('ew2547', 1),
('ew2547', 1),
('ew2548', 1),
('ew2548', 1),
('ew2548', 1),
('ew2549', 1),
('ew2549', 1),
('ew2549', 1),
('ew2550', 1),
('ew2550', 2),
('ew2551', 1),
('ew2551', 2),
('ew2552', 1),
('ew2552', 2),
('ew2553', 1),
('ew2553', 2),
('ew2553', 5),
('ew2554', 1),
('ew2554', 2),
('ew2554', 5),
('ew2555', 1),
('ew2555', 2),
('ew2555', 5),
('ew2556', 1),
('ew2556', 2),
('ew2556', 5),
('ew2557', 1),
('ew2557', 2),
('ew2557', 5),
('ew2558', 1),
('ew2558', 2),
('ew2558', 5),
('ew2559', 1),
('ew2559', 5),
('ew2560', 1),
('ew2560', 5),
('ew2561', 1),
('ew2561', 5),
('ew2562', 1),
('ew2562', 2),
('ew2562', 4),
('ew2562', 5),
('ew2573', 1),
('ew2573', 5),
('ew2574', 1),
('ew2574', 5),
('ew2576', 1),
('ew2577', 1),
('ew2578', 1),
('ew2579', 1),
('ew2580', 1),
('ew2581', 1),
('ew2582', 1),
('ew2583', 1),
('ew2584', 1),
('ew2585', 1),
('ew2586', 1),
('ew2587', 1),
('ew2588', 1),
('ew2589', 1),
('ew2590', 1),
('ew2591', 1),
('ew2592', 1),
('ew2593', 1),
('ew2594', 1),
('ew2595', 1),
('ew2596', 1),
('ew2597', 1),
('ew2598', 1),
('ew2599', 1),
('ew2599', 5),
('ew2600', 1),
('ew2600', 5),
('ew2601', 1),
('ew2601', 5),
('ew2602', 1),
('ew2602', 5),
('ew2603', 1),
('ew2603', 5),
('ew2604', 1),
('ew2604', 5),
('ew2605', 1),
('ew2605', 5),
('ew2606', 1),
('ew2606', 5),
('ew2607', 1),
('ew2607', 5),
('ew2608', 1),
('ew2608', 5),
('ew2609', 1),
('ew2609', 5),
('ew2610', 1),
('ew2610', 5),
('ew2611', 1),
('ew2611', 5),
('ew2612', 1),
('ew2612', 5),
('ew2613', 1),
('ew2613', 5),
('ew2614', 1),
('ew2614', 5),
('ew2615', 1),
('ew2615', 5),
('ew2616', 1),
('ew2616', 5),
('ew2617', 1),
('ew2617', 5),
('ew2618', 1),
('ew2618', 5),
('ew2619', 1),
('ew2619', 5),
('ew2620', 1),
('ew2620', 5),
('ew2621', 1),
('ew2621', 5),
('ew2622', 1),
('ew2622', 5),
('ew2623', 1),
('ew2623', 5),
('ew2624', 1),
('ew2624', 5),
('ew2625', 1),
('ew2625', 5),
('ew2626', 1),
('ew2626', 5),
('ew2627', 1),
('ew2627', 5),
('ew2628', 1),
('ew2628', 5),
('ew2629', 1),
('ew2629', 5),
('ew2630', 1),
('ew2630', 5),
('ew2631', 1),
('ew2631', 5),
('ew2632', 1),
('ew2632', 5),
('ew2633', 1),
('ew2633', 5),
('ew2634', 1),
('ew2634', 5),
('ew2635', 1),
('ew2635', 5),
('ew2636', 1),
('ew2636', 5),
('ew2637', 1),
('ew2637', 5),
('ew2638', 1),
('ew2638', 5),
('ew2639', 1),
('ew2639', 5),
('ew2640', 2),
('ew2640', 5),
('ew2641', 2),
('ew2641', 5),
('ew2641', 6),
('ew2642', 1),
('ew2642', 5),
('ew2643', 1),
('ew2643', 5),
('ew2645', 1),
('ew2645', 2),
('ew2645', 5),
('ew2667', 1),
('ew2667', 5),
('ew2668', 6),
('ew2669', 6),
('ew2676', 2),
('ew2677', 1),
('ew2677', 5),
('ew2678', 1),
('ew2678', 5),
('ew2679', 1),
('ew2679', 5),
('ew2680', 1),
('ew2680', 5),
('ew2681', 1),
('ew2681', 5),
('ew2682', 1),
('ew2682', 4),
('ew2682', 5),
('ew2683', 4),
('ew2683', 5),
('ew2684', 1),
('ew2684', 5),
('ew2685', 1),
('ew2685', 5),
('ew2686', 1),
('ew2686', 4),
('ew2686', 5),
('ew2686', 6),
('ew2695', 1),
('ew2695', 5),
('ew2696', 1),
('ew2696', 5),
('ew2697', 1),
('ew2697', 5),
('ew2698', 1),
('ew2698', 5),
('ew2699', 1),
('ew2699', 5),
('ew2700', 1),
('ew2700', 5),
('ew2701', 1),
('ew2701', 5),
('ew2704', 1),
('ew2704', 2),
('ew2720', 1),
('ew2720', 2),
('ew2720', 5),
('ew2723', 1),
('ew2723', 2),
('ew2723', 5),
('ew2724', 2),
('ew2724', 5),
('ew2729', 1),
('ew2730', 1),
('ew2730', 5),
('ew2734', 1),
('ew2734', 5),
('ew2735', 1),
('ew2735', 5),
('ew2736', 1),
('ew2736', 5),
('ew2737', 1),
('ew2737', 5),
('ew2738', 1),
('ew2738', 5),
('ew2739', 1),
('ew2739', 5),
('ew2740', 1),
('ew2740', 5),
('ew2742', 1),
('ew2742', 5),
('ew2743', 1),
('ew2743', 2),
('ew2746', 1),
('ew2746', 4),
('ew2746', 5),
('ew2747', 1),
('ew2747', 5),
('ew2748', 1);

-- --------------------------------------------------------

--
-- Table structure for table `item_season_tbl`
--

CREATE TABLE `item_season_tbl` (
  `ItemID` int(11) NOT NULL,
  `SeasonID` int(11) NOT NULL
) ENGINE=InnoDB DEFAULT CHARSET=utf8;

-- --------------------------------------------------------

--
-- Table structure for table `item_tbl`
--

CREATE TABLE `item_tbl` (
  `ItemID` varchar(50) NOT NULL,
  `BrandID` int(11) DEFAULT NULL,
  `GenderID` int(11) DEFAULT NULL,
  `SpeciesID` int(11) DEFAULT NULL,
  `GenusID` int(11) DEFAULT NULL,
  `MaterialID` int(11) DEFAULT NULL,
  `CountOrigID` int(11) DEFAULT NULL,
  `ColorID` int(11) DEFAULT NULL,
  `SizeID` int(11) DEFAULT NULL,
  `PatternID` int(11) DEFAULT NULL,
  `Quantity` int(11) DEFAULT NULL,
  `MSRP` varchar(11) DEFAULT NULL
) ENGINE=InnoDB DEFAULT CHARSET=utf8;

--
-- Dumping data for table `item_tbl`
--

INSERT INTO `item_tbl` (`ItemID`, `BrandID`, `GenderID`, `SpeciesID`, `GenusID`, `MaterialID`, `CountOrigID`, `ColorID`, `SizeID`, `PatternID`, `Quantity`, `MSRP`) VALUES
('ew1001', 1, 1, NULL, 1, NULL, NULL, 1, 1, NULL, NULL, '$28 '),
('ew1002', 1, 1, 1, 2, 1, 1, 2, 2, 1, NULL, '$48 '),
('ew1003', 1, 1, 1, 2, 1, 1, 2, 3, 1, 2, '$48 '),
('ew1004', 1, 1, 1, 2, 1, 1, 2, 4, 1, 2, '$48 '),
('ew1005', 1, 1, 2, 3, 1, 1, 5, 5, 2, 1, '$48 '),
('ew1006', 1, 1, 2, 3, 1, 1, 5, 1, 2, 1, '$48 '),
('ew1007', 1, 1, 2, 3, 1, 1, 5, 2, 2, 1, '$48 '),
('ew1008', 1, 1, 2, 3, 2, 1, 8, 6, 2, NULL, '$48 '),
('ew1009', 1, 1, 2, 3, 2, 1, 8, 2, 2, 1, '$48 '),
('ew1010', 1, 1, 2, 3, 2, 1, 8, 7, 2, 1, '$48 '),
('ew1011', 1, 1, 2, 3, 2, 1, 8, 3, 2, 1, '$48 '),
('ew1012', 1, 1, 2, 3, 2, 1, 8, 4, 2, 1, '$48 '),
('ew1013', 1, 1, 3, 4, 3, 2, 13, 2, 3, 1, '$68 '),
('ew1014', 1, 1, 3, 4, 3, 2, 13, 7, 3, 1, '$68 '),
('ew1015', 1, 1, 3, 4, 3, 2, 13, 8, 3, 1, '$68 '),
('ew1016', 1, 1, 3, 4, 3, 2, 13, 3, 3, 1, '$68 '),
('ew1017', 1, 1, 4, 5, 1, 3, 17, 9, 4, 2, '$36 '),
('ew1018', 1, 1, 4, 5, 1, 3, 17, 5, 4, 2, '$36 '),
('ew1019', 1, 1, 4, 5, 1, 3, 17, 2, 4, 2, '$36 '),
('ew1020', 1, 1, 4, 5, 1, 3, 17, 7, 4, 1, '$36 '),
('ew1021', 1, 1, 4, 5, 1, 3, 17, 3, 4, 2, '$36 '),
('ew1022', 1, 1, 4, 5, 1, 3, 17, 4, 4, 2, '$36 '),
('ew1023', 1, 1, 4, 5, 1, 3, 23, 5, 4, 1, '$36 '),
('ew1024', 1, 1, 4, 5, 1, 3, 23, 1, 4, 1, '$36 '),
('ew1025', 1, 1, 4, 5, 1, 3, 23, 2, 4, 2, '$36 '),
('ew1026', 1, 1, 4, 5, 1, 3, 23, 3, 4, 2, '$36 '),
('ew1027', 1, 1, 4, 5, 1, 3, 23, 4, 4, 2, '$36 '),
('ew1028', 1, 1, 4, 5, 4, 3, 23, 9, 4, 1, '$36 '),
('ew1029', 1, 1, 5, 5, 1, 3, 29, 6, 5, 1, '$22 '),
('ew1030', 1, 1, 5, 5, 1, 3, 29, 9, 5, 1, '$22 '),
('ew1031', 1, 1, 5, 5, 1, 3, 29, 5, 5, 1, '$22 '),
('ew1032', 1, 1, 5, 5, 1, 3, 29, 7, 5, 1, '$22 '),
('ew1033', 1, 1, 5, 5, 1, 3, 29, 3, 5, 1, '$22 '),
('ew1034', 1, 1, 5, 5, 1, 3, 29, 4, 5, 1, '$22 '),
('ew1035', 1, 1, 5, 5, 1, 3, 29, 10, 5, 1, '$22 '),
('ew1036', 1, 1, NULL, 6, NULL, NULL, 36, 9, NULL, NULL, '$42 '),
('ew1037', 1, 1, NULL, 6, NULL, NULL, 36, 5, NULL, NULL, '$42 '),
('ew1038', 1, 1, NULL, 6, NULL, NULL, 36, 1, NULL, NULL, '$42 '),
('ew1039', 1, 1, NULL, 6, NULL, NULL, 36, 2, NULL, NULL, '$42 '),
('ew1040', 1, 1, NULL, 6, NULL, NULL, 36, 7, NULL, NULL, '$42 '),
('ew1041', 2, 2, NULL, 7, NULL, NULL, 41, 11, NULL, NULL, '$48 '),
('ew1042', 2, 2, NULL, 7, NULL, NULL, 41, 12, NULL, NULL, '$48 '),
('ew1043', 2, 2, NULL, 7, NULL, NULL, 41, 12, NULL, NULL, '$48 '),
('ew1044', 2, 2, NULL, 8, NULL, NULL, 44, 11, NULL, NULL, '$52 '),
('ew1045', 2, 2, 6, 4, 1, 1, 45, 13, 6, 1, '$48 '),
('ew1046', 2, 2, 6, 4, 1, 1, 41, 14, 7, 1, '$48 '),
('ew1047', 2, 2, 6, 4, 1, 1, 47, 13, 6, 1, '$48 '),
('ew1048', 3, 1, NULL, 9, NULL, NULL, 29, 3, NULL, NULL, '$250 '),
('ew1049', 3, 1, NULL, 10, NULL, NULL, 49, 13, NULL, NULL, '$48 '),
('ew1050', 3, 1, NULL, 10, NULL, NULL, 49, 15, NULL, NULL, '$48 '),
('ew1051', 3, 1, NULL, 10, NULL, NULL, 49, 15, NULL, NULL, '$48 '),
('ew1052', 3, 1, 7, 5, 5, 4, 52, 13, 8, 1, '$48 '),
('ew1053', 3, 1, NULL, 10, NULL, NULL, 52, 15, NULL, NULL, '$48 '),
('ew1054', 3, 1, NULL, 11, NULL, NULL, 54, 7, NULL, NULL, '$78 '),
('ew1055', 3, 1, NULL, 12, NULL, NULL, 55, 9, NULL, NULL, '$260 '),
('ew1056', 3, 1, NULL, 12, NULL, NULL, 56, 9, NULL, NULL, '$250 '),
('ew1057', 3, 1, NULL, 12, NULL, NULL, 56, 5, NULL, NULL, '$250 '),
('ew1058', 3, 1, NULL, 13, NULL, NULL, 58, 16, NULL, NULL, '$260 '),
('ew1059', 3, 1, NULL, 13, NULL, NULL, 58, 17, NULL, NULL, '$260 '),
('ew1060', 3, 1, NULL, 13, NULL, NULL, 60, 5, NULL, NULL, '$260 '),
('ew1061', 3, 1, NULL, 13, NULL, NULL, 60, 3, NULL, NULL, '$260 '),
('ew1062', 3, 1, NULL, 13, NULL, NULL, 29, 12, NULL, NULL, '$180 '),
('ew1063', 3, 1, NULL, 13, NULL, NULL, 29, 12, NULL, NULL, '$180 '),
('ew1064', 3, 1, NULL, 13, NULL, NULL, 29, 7, NULL, NULL, '$216 '),
('ew1065', 3, 1, NULL, 13, NULL, NULL, 29, 14, NULL, NULL, '$180 '),
('ew1066', 3, 1, NULL, 13, NULL, NULL, 66, 9, NULL, NULL, '$196 '),
('ew1067', 3, 1, NULL, 13, NULL, NULL, 67, 9, NULL, NULL, '$226 '),
('ew1068', 3, 1, NULL, 13, NULL, NULL, 67, 5, NULL, NULL, '$226 '),
('ew1069', 3, 1, NULL, 13, NULL, NULL, 67, 3, NULL, NULL, '$226 '),
('ew1070', 3, 1, NULL, 13, NULL, NULL, 70, 5, NULL, NULL, '$240 '),
('ew1071', 3, 1, NULL, 13, NULL, NULL, 70, 3, NULL, NULL, '$270 '),
('ew1072', 3, 1, NULL, 13, NULL, NULL, 72, 17, NULL, NULL, '$226 '),
('ew1073', 3, 1, NULL, 14, NULL, NULL, 29, 13, NULL, NULL, '$188 '),
('ew1074', 3, 1, NULL, 14, NULL, NULL, 29, 15, NULL, NULL, '$188 '),
('ew1075', 3, 1, NULL, 15, NULL, NULL, 75, 13, NULL, NULL, '$150 '),
('ew1076', 3, 1, NULL, 16, NULL, NULL, 29, 13, NULL, NULL, '$68 '),
('ew1077', 3, 1, NULL, 17, NULL, NULL, 77, 9, NULL, NULL, '$204 '),
('ew1078', 3, 1, NULL, 17, NULL, NULL, 77, 9, NULL, NULL, '$204 '),
('ew1079', 3, 1, NULL, 17, NULL, NULL, 79, 9, NULL, NULL, '$204 '),
('ew1080', 3, 1, NULL, 17, NULL, NULL, 79, 5, NULL, NULL, '$204 '),
('ew1081', 3, 1, NULL, 17, NULL, NULL, 79, 7, NULL, NULL, '$236 '),
('ew1082', 3, 1, NULL, 17, NULL, NULL, 82, 15, NULL, NULL, '$204 '),
('ew1083', 3, 1, NULL, 18, NULL, NULL, 13, 12, NULL, NULL, '$110 '),
('ew1084', 3, 1, NULL, 18, NULL, NULL, 84, 12, NULL, NULL, '$110 '),
('ew1085', 3, 1, NULL, 18, NULL, NULL, 85, 12, NULL, NULL, '$110 '),
('ew1086', 3, 1, NULL, 19, NULL, NULL, 86, 5, NULL, NULL, '$240 '),
('ew1087', 3, 1, NULL, 20, NULL, NULL, 87, 13, NULL, NULL, '$78 '),
('ew1088', 3, 1, 8, 21, 1, 4, 49, 13, 9, 1, '$110 '),
('ew1089', 3, 1, 8, 21, 1, NULL, 49, 15, 9, NULL, '$92 '),
('ew1090', 3, 1, 8, 21, 1, NULL, 49, 16, 9, NULL, '$110 '),
('ew1091', 3, 1, 8, 21, 1, NULL, 49, 17, 9, NULL, '$110 '),
('ew1092', 3, 1, 8, 21, 1, 4, 49, 3, 9, 1, '$110 '),
('ew1093', 3, 1, NULL, 22, NULL, NULL, 29, 13, NULL, NULL, '$158 '),
('ew1094', 3, 1, NULL, 22, NULL, NULL, 29, 15, NULL, NULL, '$158 '),
('ew1095', 3, 1, NULL, 22, NULL, NULL, 29, 12, NULL, NULL, '$158 '),
('ew1096', 3, 1, NULL, 23, NULL, NULL, 96, 15, NULL, NULL, '$68 '),
('ew1097', 3, 1, NULL, 23, NULL, NULL, 96, 12, NULL, NULL, '$68 '),
('ew1098', 3, 1, NULL, 23, NULL, NULL, 96, 17, NULL, NULL, '$98 '),
('ew1099', 3, 1, NULL, 23, NULL, NULL, 96, 1, NULL, NULL, '$98 '),
('ew1100', 3, 1, NULL, 23, NULL, NULL, 96, 2, NULL, NULL, '$98 '),
('ew1101', 3, 1, NULL, 23, NULL, NULL, 96, 7, NULL, NULL, '$98 '),
('ew1102', 3, 1, 9, 2, NULL, NULL, 102, 12, NULL, NULL, '$110 '),
('ew1103', 3, 1, 9, 2, NULL, NULL, 103, 12, NULL, NULL, '$110 '),
('ew1104', 3, 1, 9, 2, NULL, NULL, 104, 12, NULL, NULL, '$110 '),
('ew1105', 3, 1, 9, 2, NULL, NULL, 105, 15, NULL, NULL, '$110 '),
('ew1106', 3, 1, 9, 2, NULL, NULL, 105, 12, NULL, NULL, '$110 '),
('ew1107', 3, 1, 9, 2, 1, 1, 54, 13, 5, 1, '$110 '),
('ew1108', 3, 1, 10, 2, 1, 1, 54, 15, 5, 1, '$65 '),
('ew1109', 3, 1, 2, 3, 1, 1, 109, 5, 2, 1, '$90 '),
('ew1110', 3, 1, 2, 3, 1, 1, 54, 15, 5, 1, '$78 '),
('ew1111', 3, 1, 2, 3, 1, 1, 54, 2, 5, 1, '$78 '),
('ew1112', 3, 1, 2, 3, 1, 1, 54, 14, 5, 1, '$78 '),
('ew1113', 3, 1, 2, 3, 1, 1, 54, 3, 5, 1, '$78 '),
('ew1114', 3, 1, NULL, 24, NULL, NULL, 114, 17, NULL, NULL, '$154 '),
('ew1115', 3, 1, NULL, 24, NULL, NULL, 114, 1, NULL, NULL, '$154 '),
('ew1116', 3, 1, NULL, 24, NULL, NULL, 114, 2, NULL, NULL, '$154 '),
('ew1117', 3, 1, NULL, 25, NULL, NULL, 29, 5, NULL, NULL, '$180 '),
('ew1118', 3, 1, NULL, 25, NULL, NULL, 29, 1, NULL, NULL, '$180 '),
('ew1119', 3, 1, NULL, 26, NULL, NULL, 29, 9, NULL, NULL, '$130 '),
('ew1120', 3, 1, NULL, 26, NULL, NULL, 29, 7, NULL, NULL, '$140 '),
('ew1121', 3, 1, NULL, 26, NULL, NULL, 29, 3, NULL, NULL, '$130 '),
('ew1122', 3, 1, NULL, 4, NULL, NULL, 29, 12, NULL, NULL, '$114 '),
('ew1123', 3, 1, 11, 5, 1, 4, 29, 16, 5, 1, '$52 '),
('ew1124', 3, 1, 11, 5, 1, 4, 29, 5, 5, 1, '$52 '),
('ew1125', 3, 1, 11, 5, 1, 4, 29, 7, 5, 1, '$52 '),
('ew1126', 3, 1, 11, 5, 1, NULL, 54, 7, 5, NULL, '$52 '),
('ew1127', 3, 1, 11, 5, 1, NULL, 54, 3, 5, NULL, '$52 '),
('ew1128', 3, 1, NULL, 27, NULL, NULL, 128, 15, NULL, NULL, '$198 '),
('ew1129', 3, 1, NULL, 28, NULL, NULL, 29, 9, NULL, NULL, '$154 '),
('ew1130', 3, 1, NULL, 28, NULL, NULL, 29, 1, NULL, NULL, '$154 '),
('ew1131', 3, 1, NULL, 29, NULL, NULL, 114, 16, NULL, NULL, '$220 '),
('ew1132', 3, 1, NULL, 29, NULL, NULL, 114, 17, NULL, NULL, '$220 '),
('ew1133', 3, 1, NULL, 29, NULL, NULL, 114, 2, NULL, NULL, '$220 '),
('ew1134', 3, 1, NULL, 29, NULL, NULL, 114, 3, NULL, NULL, '$220 '),
('ew1135', 3, 1, NULL, 30, NULL, NULL, 135, 7, NULL, NULL, '$115 '),
('ew1136', 3, 1, NULL, 30, NULL, NULL, 135, 3, NULL, NULL, '$115 '),
('ew1137', 3, 1, NULL, 31, NULL, NULL, 137, 18, NULL, NULL, '$78 '),
('ew1138', 3, 2, 12, 32, 1, 1, 96, 2, 10, 1, '$88 '),
('ew1139', 3, 2, NULL, 32, NULL, NULL, 139, 13, NULL, NULL, '$88 '),
('ew1140', 3, 2, NULL, 32, NULL, NULL, 140, 15, NULL, NULL, '$88 '),
('ew1141', 3, 2, NULL, 32, NULL, NULL, 140, 14, NULL, NULL, '$88 '),
('ew1142', 3, 2, NULL, 32, NULL, NULL, 140, 14, NULL, NULL, '$88 '),
('ew1143', 3, 2, NULL, 32, NULL, NULL, 54, 13, NULL, NULL, '$56 '),
('ew1144', 3, 2, NULL, 33, NULL, NULL, 144, 12, NULL, NULL, '$114 '),
('ew1145', 3, 2, NULL, 34, NULL, NULL, 145, 19, NULL, NULL, '$198 '),
('ew1146', 3, 2, NULL, 35, NULL, NULL, 146, 11, NULL, NULL, '$280 '),
('ew1147', 3, 2, NULL, 36, NULL, NULL, 45, 13, NULL, NULL, '$320 '),
('ew1148', 3, 2, NULL, 36, NULL, NULL, 45, 15, NULL, NULL, '$320 '),
('ew1149', 3, 2, NULL, 36, NULL, NULL, 45, 12, NULL, NULL, '$320 '),
('ew1150', 3, 2, NULL, 36, NULL, NULL, 45, 14, NULL, NULL, '$320 '),
('ew1151', 3, 2, NULL, 37, NULL, NULL, 151, 13, NULL, NULL, '$140 '),
('ew1152', 3, 2, NULL, 37, NULL, NULL, 151, 14, NULL, NULL, '$140 '),
('ew1153', 3, 2, NULL, 38, NULL, NULL, 45, 13, NULL, NULL, '$140 '),
('ew1154', 3, 2, NULL, 38, NULL, NULL, 45, 15, NULL, NULL, '$140 '),
('ew1155', 3, 2, NULL, 38, NULL, NULL, 45, 12, NULL, NULL, '$140 '),
('ew1156', 3, 2, NULL, 38, NULL, NULL, 146, 12, NULL, NULL, '$142 '),
('ew1157', 3, 2, NULL, 38, NULL, NULL, 146, 12, NULL, NULL, '$142 '),
('ew1158', 3, 2, NULL, 39, NULL, NULL, 146, 11, NULL, NULL, '$142 '),
('ew1159', 3, 2, NULL, 39, NULL, NULL, 146, 11, NULL, NULL, '$142 '),
('ew1160', 3, 2, NULL, 40, NULL, NULL, 146, 13, NULL, NULL, '$216 '),
('ew1161', 3, 2, NULL, 41, NULL, NULL, 146, 13, NULL, NULL, '$152 '),
('ew1162', 3, 2, NULL, 41, NULL, NULL, 146, 14, NULL, NULL, '$152 '),
('ew1163', 3, 2, NULL, 14, NULL, NULL, 163, 7, NULL, NULL, '$288 '),
('ew1164', 3, 2, NULL, 14, NULL, NULL, 163, 7, NULL, NULL, '$288 '),
('ew1165', 3, 2, NULL, 16, NULL, NULL, 165, 15, NULL, NULL, '$68 '),
('ew1166', 3, 2, NULL, 42, NULL, NULL, 166, 7, NULL, NULL, '$240 '),
('ew1167', 3, 2, NULL, 42, NULL, NULL, 166, 7, NULL, NULL, '$240 '),
('ew1168', 3, 2, NULL, 42, NULL, NULL, 166, 3, NULL, NULL, '$240 '),
('ew1169', 3, 2, NULL, 42, NULL, NULL, 166, 10, NULL, NULL, '$240 '),
('ew1170', 3, 2, NULL, 42, NULL, NULL, 170, 12, NULL, NULL, '$220 '),
('ew1171', 3, 2, NULL, 42, NULL, NULL, 170, 14, NULL, NULL, '$220 '),
('ew1172', 3, 2, NULL, 42, NULL, NULL, 13, 13, NULL, NULL, '$182 '),
('ew1173', 3, 2, NULL, 42, NULL, NULL, 13, 14, NULL, NULL, '$182 '),
('ew1174', 3, 2, NULL, 42, NULL, NULL, 174, 12, NULL, NULL, '$220 '),
('ew1175', 3, 2, NULL, 42, NULL, NULL, 174, 14, NULL, NULL, '$220 '),
('ew1176', 3, 2, NULL, 43, NULL, NULL, 176, 15, NULL, NULL, '$156 '),
('ew1177', 3, 2, NULL, 44, NULL, NULL, 146, 12, NULL, NULL, '$320 '),
('ew1178', 3, 2, NULL, 45, NULL, NULL, 165, 15, NULL, NULL, '$152 '),
('ew1179', 3, 2, NULL, 46, NULL, NULL, 47, 12, NULL, NULL, '$150 '),
('ew1180', 3, 2, NULL, 47, NULL, NULL, 49, 9, NULL, NULL, '$180 '),
('ew1181', 3, 2, NULL, 47, NULL, NULL, 49, 7, NULL, NULL, '$180 '),
('ew1182', 3, 2, NULL, 47, NULL, NULL, 49, 3, NULL, NULL, '$180 '),
('ew1183', 3, 2, NULL, 48, NULL, NULL, 144, 5, NULL, NULL, '$196 '),
('ew1184', 3, 2, 13, 21, 6, 1, 47, 13, 5, 1, '$68 '),
('ew1185', 3, 2, 13, 21, 6, 1, 47, 15, 5, 1, '$68 '),
('ew1186', 3, 2, 13, 21, 6, 1, 47, 14, 5, 1, '$68 '),
('ew1187', 3, 2, 13, 21, 6, 1, 29, 14, 5, 1, '$68 '),
('ew1188', 3, 2, 13, 21, 6, 1, 146, 15, 5, 1, '$68 '),
('ew1189', 3, 2, 13, 21, 6, 1, 146, 14, 5, 1, '$68 '),
('ew1190', 3, 2, 14, 21, 6, 1, 151, 15, 5, 1, '$68 '),
('ew1191', 3, 2, 15, 21, 1, 1, 191, 13, 11, 1, '$88 '),
('ew1192', 3, 2, 15, 21, 1, 1, 191, 14, 11, 1, '$88 '),
('ew1193', 3, 2, 16, 21, 1, 1, 193, 15, 12, 1, '$98 '),
('ew1194', 3, 2, 16, 21, 1, 1, 193, 14, 12, 1, '$98 '),
('ew1195', 3, 2, NULL, 21, NULL, NULL, 75, 13, NULL, NULL, '$50 '),
('ew1196', 3, 2, NULL, 21, NULL, NULL, 47, 12, NULL, NULL, '$50 '),
('ew1197', 3, 2, NULL, 21, NULL, NULL, 139, 13, NULL, NULL, '$98 '),
('ew1198', 3, 2, NULL, 21, NULL, NULL, 139, 12, NULL, NULL, '$98 '),
('ew1199', 3, 2, NULL, 21, NULL, NULL, 139, 5, NULL, NULL, '$98 '),
('ew1200', 3, 2, NULL, 21, NULL, NULL, 139, 14, NULL, NULL, '$98 '),
('ew1201', 3, 2, NULL, 21, NULL, NULL, 140, 12, NULL, NULL, '$98 '),
('ew1202', 3, 2, NULL, 22, NULL, NULL, 45, 9, NULL, NULL, '$180 '),
('ew1203', 3, 2, NULL, 22, NULL, NULL, 45, 1, NULL, NULL, '$180 '),
('ew1204', 3, 2, NULL, 22, NULL, NULL, 45, 7, NULL, NULL, '$180 '),
('ew1205', 3, 2, NULL, 22, NULL, NULL, 45, 3, NULL, NULL, '$180 '),
('ew1206', 3, 2, NULL, 22, NULL, NULL, 146, 12, NULL, NULL, '$158 '),
('ew1207', 3, 2, NULL, 49, NULL, NULL, 176, 12, NULL, NULL, '$88 '),
('ew1208', 3, 2, NULL, 50, NULL, NULL, 54, 13, NULL, NULL, '$65 '),
('ew1209', 3, 2, NULL, 50, NULL, NULL, 54, 13, NULL, NULL, '$65 '),
('ew1210', 3, 2, NULL, 50, NULL, NULL, 54, 15, NULL, NULL, '$65 '),
('ew1211', 3, 2, NULL, 50, NULL, NULL, 54, 12, NULL, NULL, '$65 '),
('ew1212', 3, 2, NULL, 50, NULL, NULL, 54, 12, NULL, NULL, '$65 '),
('ew1213', 3, 2, 17, 2, 1, 1, 213, 15, 5, 1, '$68 '),
('ew1214', 3, 2, 18, 2, 1, 1, 54, 5, 5, 1, '$65 '),
('ew1215', 3, 2, 18, 2, 1, 1, 54, 2, 5, NULL, '$65 '),
('ew1216', 3, 2, 18, 2, 1, 1, 54, 7, 5, NULL, '$65 '),
('ew1217', 3, 2, 19, 51, 1, 1, 191, 13, 11, 1, '$88 '),
('ew1218', 3, 2, 19, 51, 1, 1, 191, 15, 11, 1, '$88 '),
('ew1219', 3, 2, 19, 51, 1, 1, 193, 15, 11, 1, '$88 '),
('ew1220', 3, 2, 19, 51, 1, 1, 193, 14, 11, 1, '$88 '),
('ew1221', 3, 2, 20, 3, 1, 4, 221, 9, 11, 1, '$60 '),
('ew1222', 3, 2, 20, 3, 1, 4, 221, 7, 11, 1, '$60 '),
('ew1223', 3, 2, NULL, 52, NULL, NULL, 146, 1, NULL, NULL, '$160 '),
('ew1224', 3, 2, NULL, 53, NULL, NULL, 224, 1, NULL, NULL, '$160 '),
('ew1225', 3, 2, 21, 4, 6, NULL, 225, 13, 5, NULL, '$98 '),
('ew1226', 3, 2, 21, 4, 6, NULL, 225, 13, 5, NULL, '$98 '),
('ew1227', 3, 2, 21, 4, 6, NULL, 225, 15, 5, NULL, '$98 '),
('ew1228', 3, 2, 21, 4, 6, NULL, 225, 15, 5, NULL, '$98 '),
('ew1229', 3, 2, 21, 4, 6, NULL, 225, 14, 5, NULL, '$98 '),
('ew1230', 3, 2, 21, 4, 6, NULL, 225, 14, 5, NULL, '$98 '),
('ew1231', 3, 2, 21, 4, 6, NULL, 224, 13, 5, NULL, '$98 '),
('ew1232', 3, 2, 21, 4, 6, NULL, 224, 15, 5, NULL, '$98 '),
('ew1233', 3, 2, 21, 4, 6, NULL, 224, 14, 5, NULL, '$98 '),
('ew1234', 3, 2, 21, 4, 6, NULL, 224, 14, 5, NULL, '$98 '),
('ew1235', 3, 2, 22, 4, 6, 1, 54, 15, 13, 1, '$110 '),
('ew1236', 3, 2, 23, 4, 6, 1, 146, 13, 5, 1, '$102 '),
('ew1237', 3, 2, 23, 4, 6, 1, 146, 15, 5, 1, '$102 '),
('ew1238', 3, 2, 24, 54, 1, 4, 238, 1, 11, 1, '$82 '),
('ew1239', 3, 2, NULL, 55, NULL, NULL, 239, 13, NULL, NULL, '$228 '),
('ew1240', 3, 2, NULL, 55, NULL, NULL, 239, 15, NULL, NULL, '$228 '),
('ew1241', 3, 2, NULL, 55, NULL, NULL, 239, 15, NULL, NULL, '$228 '),
('ew1242', 3, 2, NULL, 56, NULL, NULL, 54, 7, NULL, NULL, '$82 '),
('ew1243', 3, 2, NULL, 57, NULL, NULL, 146, 14, NULL, NULL, '$102 '),
('ew1244', 3, 2, NULL, 58, NULL, NULL, 244, 15, NULL, NULL, '$140 '),
('ew1245', 3, 3, NULL, 59, NULL, NULL, 54, 14, NULL, NULL, '$32 '),
('ew1246', 3, 3, NULL, 60, NULL, NULL, 224, 13, NULL, NULL, '$220 '),
('ew1247', 3, 3, NULL, 60, NULL, NULL, 224, 14, NULL, NULL, '$220 '),
('ew1248', 3, 3, NULL, 61, NULL, NULL, 248, 15, NULL, NULL, '$120 '),
('ew1249', 3, 3, NULL, 61, NULL, NULL, 248, 12, NULL, NULL, '$120 '),
('ew1250', 3, 3, NULL, 61, NULL, NULL, 29, 13, NULL, NULL, '$120 '),
('ew1251', 3, 3, NULL, 61, NULL, NULL, 29, 13, NULL, NULL, '$120 '),
('ew1252', 3, 3, NULL, 62, NULL, NULL, 248, 13, NULL, NULL, '$152 '),
('ew1253', 3, 3, 25, 4, 6, 1, 253, 13, 14, 1, '$162 '),
('ew1254', 3, 3, 26, 21, 6, 1, 254, 13, 14, 1, '$58 '),
('ew1255', 3, 3, NULL, 63, NULL, NULL, 255, 14, NULL, NULL, '$280 '),
('ew1256', 3, 3, NULL, 63, NULL, NULL, 256, 12, NULL, NULL, '$310 '),
('ew1257', 3, 3, NULL, 63, NULL, NULL, 256, 14, NULL, NULL, '$310 '),
('ew1258', 3, 3, NULL, 63, NULL, NULL, 258, 14, NULL, NULL, '$310 '),
('ew1259', 3, 3, NULL, 63, NULL, NULL, 259, 13, NULL, NULL, '$310 '),
('ew1260', 3, 3, NULL, 64, NULL, NULL, 114, 12, NULL, NULL, '$130 '),
('ew1261', 3, 3, NULL, 64, NULL, NULL, 261, 12, NULL, NULL, '$130 '),
('ew1262', 3, 3, NULL, 64, NULL, NULL, 262, 12, NULL, NULL, '$130 '),
('ew1263', 3, 3, NULL, 64, NULL, NULL, 262, 14, NULL, NULL, '$130 '),
('ew1264', 3, 3, NULL, 65, NULL, NULL, 264, 12, NULL, NULL, '$128 '),
('ew1265', 3, 3, NULL, 65, NULL, NULL, 264, 14, NULL, NULL, '$128 '),
('ew1266', 3, 3, NULL, 65, NULL, NULL, 264, 14, NULL, NULL, '$128 '),
('ew1267', 3, 3, NULL, 66, NULL, NULL, 151, 13, NULL, NULL, '$228 '),
('ew1268', 3, 3, NULL, 66, NULL, NULL, 151, 13, NULL, NULL, '$228 '),
('ew1269', 3, 3, NULL, 66, NULL, NULL, 151, 15, NULL, NULL, '$228 '),
('ew1270', 3, 3, NULL, 66, NULL, NULL, 151, 15, NULL, NULL, '$228 '),
('ew1271', 3, 3, NULL, 66, NULL, NULL, 151, 12, NULL, NULL, '$228 '),
('ew1272', 3, 3, NULL, 67, NULL, NULL, 272, 15, NULL, NULL, '$43 '),
('ew1273', 3, 3, 27, 2, 1, 1, 54, 15, 5, 1, '$110 '),
('ew1274', 3, 3, 27, 2, 1, 1, 54, 14, 5, 1, '$110 '),
('ew1275', 3, 3, NULL, 3, NULL, NULL, 54, 13, NULL, NULL, '$68 '),
('ew1276', 3, 3, NULL, 3, NULL, NULL, 54, 15, NULL, NULL, '$68 '),
('ew1277', 3, 3, NULL, 68, NULL, NULL, 96, 14, NULL, NULL, '$142 '),
('ew1278', 3, 3, NULL, 68, NULL, NULL, 278, 15, NULL, NULL, '$142 '),
('ew1279', 3, 3, NULL, 68, NULL, NULL, 278, 12, NULL, NULL, '$142 '),
('ew1280', 3, 3, NULL, 68, NULL, NULL, 278, 14, NULL, NULL, '$142 '),
('ew1281', 3, 3, NULL, 68, NULL, NULL, 13, 15, NULL, NULL, '$142 '),
('ew1282', 3, 3, NULL, 68, NULL, NULL, 13, 12, NULL, NULL, '$142 '),
('ew1283', 3, 3, NULL, 4, NULL, NULL, 283, 12, NULL, NULL, '$180 '),
('ew1284', 3, 3, NULL, 4, NULL, NULL, 72, 13, NULL, NULL, '$198 '),
('ew1285', 3, 3, NULL, 4, NULL, NULL, 72, 12, NULL, NULL, '$186 '),
('ew1286', 3, 3, NULL, 4, NULL, NULL, 72, 14, NULL, NULL, '$198 '),
('ew1287', 3, 3, NULL, 69, NULL, NULL, 114, 15, NULL, NULL, '$198 '),
('ew1288', 3, 3, NULL, 29, NULL, NULL, 114, 15, NULL, NULL, '$210 '),
('ew1289', 3, 3, NULL, 70, NULL, NULL, 289, 13, NULL, NULL, '$142 '),
('ew1290', 3, 3, NULL, 70, NULL, NULL, 289, 15, NULL, NULL, '$142 '),
('ew1291', 3, 3, NULL, 70, NULL, NULL, 289, 14, NULL, NULL, '$142 '),
('ew1292', 4, 2, NULL, 67, NULL, NULL, 146, 20, NULL, NULL, '$36 '),
('ew1293', 4, 2, NULL, 67, NULL, NULL, 146, 20, NULL, NULL, '$36 '),
('ew1294', 4, 2, NULL, 67, NULL, NULL, 146, 21, NULL, NULL, '$36 '),
('ew1295', 4, 2, 11, 5, 1, 4, 146, 21, 5, 1, '$36 '),
('ew1296', 5, 1, NULL, 13, NULL, NULL, 29, 13, NULL, NULL, '$158 '),
('ew1297', 5, 1, NULL, 13, NULL, NULL, 29, 15, NULL, NULL, '$165 '),
('ew1298', 5, 1, NULL, 13, NULL, NULL, 29, 3, NULL, NULL, '$190 '),
('ew1299', 5, 1, NULL, 13, NULL, NULL, 29, 10, NULL, NULL, '$190 '),
('ew1300', 5, 2, 6, 7, 7, 1, 300, 13, 15, 2, '$78 '),
('ew1301', 5, 2, 6, 7, 7, 1, 300, 15, 15, 1, '$78 '),
('ew1302', 5, 2, NULL, 7, NULL, NULL, 54, 14, NULL, NULL, '$78 '),
('ew1303', 5, 2, NULL, 35, NULL, NULL, 29, 13, NULL, NULL, '$160 '),
('ew1304', 5, 2, NULL, 35, NULL, NULL, 29, 15, NULL, NULL, '$160 '),
('ew1305', 5, 2, NULL, 35, NULL, NULL, 29, 14, NULL, NULL, '$160 '),
('ew1306', 5, 2, 6, 4, 7, 1, 306, 13, 15, 2, '$78 '),
('ew1307', 5, 2, 6, 4, 7, 1, 306, 15, 15, 1, '$78 '),
('ew1308', 5, 2, 6, 4, 7, 1, 306, 14, 15, 1, '$78 '),
('ew1309', 5, 2, 6, 4, 7, 1, 309, 15, 15, 1, '$78 '),
('ew1310', 5, 2, 6, 4, 7, 1, 309, 14, 15, 1, '$78 '),
('ew1311', 5, 2, 28, 4, 7, 1, 311, 7, 16, 1, '$78 '),
('ew1312', 5, 2, 29, 4, 7, 1, 47, 13, 5, 1, '$78 '),
('ew1313', 5, 2, 29, 4, 7, 1, 47, 14, 5, 1, '$78 '),
('ew1314', 5, 2, 29, 4, 7, 1, 54, 13, 5, 2, '$78 '),
('ew1315', 5, 2, 29, 4, 7, 1, 54, 15, 5, 1, '$78 '),
('ew1316', 5, 2, 29, 4, 7, 1, 54, 9, 5, 1, '$78 '),
('ew1317', 5, 2, 29, 4, 7, 1, 54, 1, 5, 1, '$78 '),
('ew1318', 5, 2, 29, 4, 7, 1, 54, 7, 5, 1, '$78 '),
('ew1319', 5, 2, 29, 4, 7, 1, 54, 14, 5, 1, '$78 '),
('ew1320', 5, 2, 30, 4, 7, 1, 320, 9, 17, 1, '$78 '),
('ew1321', 5, 3, NULL, 13, NULL, NULL, 224, 13, NULL, NULL, '$165 '),
('ew1322', 6, 1, NULL, 71, NULL, NULL, 29, 9, NULL, NULL, '$152 '),
('ew1323', 6, 1, NULL, 71, NULL, NULL, 29, 7, NULL, NULL, '$152 '),
('ew1324', 6, 1, NULL, 71, NULL, NULL, 29, 3, NULL, NULL, '$152 '),
('ew1325', 6, 1, NULL, 67, NULL, NULL, 325, 22, NULL, NULL, '$48 '),
('ew1326', 6, 1, 30, 2, 1, 5, 326, 9, 15, 1, '$48 '),
('ew1327', 6, 1, 31, 3, 8, 5, 327, 2, 10, 1, '$58 '),
('ew1328', 6, 1, 31, 3, 8, 5, 327, 20, 10, 1, '$58 '),
('ew1329', 6, 1, NULL, 72, NULL, NULL, 329, 16, NULL, NULL, '$58 '),
('ew1330', 6, 2, 32, 2, 1, 5, 330, 23, 18, 1, '$48 '),
('ew1331', 6, 2, 32, 2, 1, 5, 330, 9, 18, 1, '$48 '),
('ew1332', 6, 2, NULL, 73, NULL, NULL, 332, 3, NULL, NULL, '$88 '),
('ew1333', 7, 1, NULL, 74, NULL, NULL, 29, 9, NULL, NULL, '$220 '),
('ew1334', 7, 1, NULL, 74, NULL, NULL, 109, 24, NULL, NULL, '$240 '),
('ew1335', 7, 1, NULL, 74, NULL, NULL, 109, 6, NULL, NULL, '$240 '),
('ew1336', 7, 1, NULL, 75, NULL, NULL, 336, 9, NULL, NULL, NULL),
('ew1337', 7, 1, NULL, 75, NULL, NULL, 337, 9, NULL, NULL, NULL),
('ew1338', 7, 1, NULL, 75, NULL, NULL, 337, 2, NULL, NULL, NULL),
('ew1339', 7, 1, NULL, 75, NULL, NULL, 337, 3, NULL, NULL, NULL),
('ew1340', 7, 1, 1, 2, 1, 1, 340, 3, 19, 1, NULL),
('ew1341', 7, 1, NULL, 11, NULL, NULL, 29, 16, NULL, NULL, NULL),
('ew1342', 7, 1, NULL, 11, NULL, NULL, 29, 17, NULL, NULL, NULL),
('ew1343', 7, 1, NULL, 11, NULL, NULL, 29, 1, NULL, NULL, NULL),
('ew1344', 7, 1, NULL, 11, NULL, NULL, 29, 7, NULL, NULL, NULL),
('ew1345', 7, 1, NULL, 11, NULL, NULL, 29, 3, NULL, NULL, NULL),
('ew1346', 7, 1, NULL, 11, NULL, NULL, 54, 9, NULL, NULL, NULL),
('ew1347', 7, 1, NULL, 11, NULL, NULL, 54, 5, NULL, NULL, NULL),
('ew1348', 7, 1, NULL, 13, NULL, NULL, 348, 16, NULL, NULL, NULL),
('ew1349', 7, 1, NULL, 13, NULL, NULL, 348, 17, NULL, NULL, NULL),
('ew1350', 7, 1, NULL, 13, NULL, NULL, 348, 2, NULL, NULL, NULL),
('ew1351', 7, 1, NULL, 13, NULL, NULL, 348, 3, NULL, NULL, NULL),
('ew1352', 7, 1, NULL, 76, NULL, NULL, 352, 24, NULL, NULL, NULL),
('ew1353', 7, 1, NULL, 76, NULL, NULL, 352, 10, NULL, NULL, NULL),
('ew1354', 7, 1, NULL, 77, NULL, NULL, 352, 2, NULL, NULL, NULL),
('ew1355', 7, 1, NULL, 71, NULL, NULL, 352, 6, NULL, NULL, NULL),
('ew1356', 7, 1, NULL, 71, NULL, NULL, 352, 9, NULL, NULL, NULL),
('ew1357', 7, 1, NULL, 71, NULL, NULL, 352, 1, NULL, NULL, NULL),
('ew1358', 7, 1, NULL, 71, NULL, NULL, 352, 7, NULL, NULL, NULL),
('ew1359', 7, 1, NULL, 71, NULL, NULL, 352, 3, NULL, NULL, NULL),
('ew1360', 7, 1, NULL, 17, NULL, NULL, 360, 24, NULL, NULL, NULL),
('ew1361', 7, 1, NULL, 17, NULL, NULL, 360, 10, NULL, NULL, NULL),
('ew1362', 7, 1, NULL, 78, NULL, NULL, 362, 17, NULL, NULL, NULL),
('ew1363', 7, 1, NULL, 79, NULL, NULL, 363, 9, NULL, NULL, NULL),
('ew1364', 7, 1, 33, 5, 5, 4, 364, 1, 20, 1, NULL),
('ew1365', 7, 1, 34, 21, 1, 1, 352, 1, 5, 1, '$84 '),
('ew1366', 7, 1, 8, 21, NULL, 4, 2, 3, 5, 1, '$110 '),
('ew1367', 7, 1, 15, 21, 9, 1, 135, 15, 5, NULL, '$92 '),
('ew1368', 7, 1, 15, 21, 9, 1, 135, 9, 5, 1, '$92 '),
('ew1369', 7, 1, 15, 21, 9, 1, 135, 3, 5, 1, '$92 '),
('ew1370', 7, 1, 15, 21, 9, 1, 363, 13, 5, 1, '$92 '),
('ew1371', 7, 1, 15, 21, 9, 1, 363, 1, 5, 1, '$92 '),
('ew1372', 7, 1, NULL, 21, NULL, NULL, 13, 3, NULL, NULL, NULL),
('ew1373', 7, 1, NULL, 21, NULL, NULL, 373, 16, NULL, NULL, NULL),
('ew1374', 7, 1, NULL, 21, NULL, NULL, 373, 3, NULL, NULL, NULL),
('ew1375', 7, 1, NULL, 67, NULL, NULL, 29, 3, NULL, NULL, NULL),
('ew1376', 7, 1, NULL, 80, NULL, NULL, 376, 1, NULL, NULL, NULL),
('ew1377', 7, 1, NULL, 80, NULL, NULL, 376, 7, NULL, NULL, NULL),
('ew1378', 7, 1, NULL, 80, NULL, NULL, 376, 3, NULL, NULL, NULL),
('ew1379', 7, 1, NULL, 80, NULL, NULL, 379, 5, NULL, NULL, NULL),
('ew1380', 7, 1, NULL, 80, NULL, NULL, 379, 1, NULL, NULL, NULL),
('ew1381', 7, 1, NULL, 80, NULL, NULL, 379, 3, NULL, NULL, NULL),
('ew1382', 7, 1, NULL, 81, NULL, NULL, 29, 24, NULL, NULL, NULL),
('ew1383', 7, 1, 1, 2, 1, 1, 29, 16, 21, 1, NULL),
('ew1384', 7, 1, 1, 2, 1, 1, 29, 3, 21, 1, NULL),
('ew1385', 7, 1, 1, 2, 10, 1, 54, 16, 5, 1, '$68 '),
('ew1386', 7, 1, 1, 2, 10, 1, 54, 5, 5, 1, '$68 '),
('ew1387', 7, 1, 1, 2, 10, 1, 54, 1, 5, 1, '$68 '),
('ew1388', 7, 1, 1, 2, 10, 1, 54, 3, 5, 1, '$68 '),
('ew1389', 7, 1, 35, 2, 1, 1, 389, 7, 19, 1, '$88 '),
('ew1390', 7, 1, 36, 3, 1, 1, 96, 24, 22, NULL, '$98 '),
('ew1391', 7, 1, 36, 3, 1, 1, 96, 2, 22, 2, '$98 '),
('ew1392', 7, 1, 36, 3, 1, 1, 96, 7, 22, 1, '$98 '),
('ew1393', 7, 1, 37, 3, 1, 1, 54, 1, 5, 1, '$78 '),
('ew1394', 7, 1, 37, 3, 1, 1, 54, 7, 5, 1, '$78 '),
('ew1395', 7, 1, 38, 3, 11, 1, 395, 9, 2, 1, '$98 '),
('ew1396', 7, 1, 38, 3, 11, 1, 395, 5, 2, 1, '$98 '),
('ew1397', 7, 1, 38, 3, 11, 1, 395, 7, 2, 1, '$98 '),
('ew1398', 7, 1, 38, 3, 11, 1, 395, 3, 2, 1, '$98 '),
('ew1399', 7, 1, 38, 3, 1, 1, 29, 5, 5, NULL, '$79 '),
('ew1400', 7, 1, 38, 3, 1, 1, 29, 1, 5, 1, '$79 '),
('ew1401', 7, 1, 38, 3, 1, 1, 29, 7, 5, 1, '$79 '),
('ew1402', 7, 1, 38, 3, 1, 1, 402, 5, 2, 1, '$98 '),
('ew1403', 7, 1, 38, 3, 1, 1, 402, 3, 2, 2, '$98 '),
('ew1404', 7, 1, 39, 3, 8, 4, 404, 7, 23, 1, '$84 '),
('ew1405', 7, 1, 31, 3, 8, 4, 13, 1, 24, 1, '$84 '),
('ew1406', 7, 1, 31, 3, 8, 4, 13, 7, 24, 1, '$84 '),
('ew1407', 7, 1, 31, 3, 8, 4, 407, 1, 23, 1, '$84 '),
('ew1408', 7, 1, 31, 3, 8, 4, 408, 7, 23, 1, '$84 '),
('ew1409', 7, 1, NULL, 3, NULL, NULL, 29, 3, NULL, NULL, NULL),
('ew1410', 7, 1, NULL, 3, NULL, NULL, 54, 9, NULL, NULL, NULL),
('ew1411', 7, 1, NULL, 3, NULL, NULL, 54, 9, NULL, NULL, NULL),
('ew1412', 7, 1, NULL, 82, NULL, NULL, 407, 9, NULL, NULL, NULL),
('ew1413', 7, 1, NULL, 82, NULL, NULL, 407, 5, NULL, NULL, NULL),
('ew1414', 7, 1, NULL, 82, NULL, NULL, 407, 7, NULL, NULL, NULL),
('ew1415', 7, 1, 40, 4, 6, 1, 256, 24, 5, 1, '$98 '),
('ew1416', 7, 1, 40, 4, 6, 1, 256, 7, 5, 1, '$92 '),
('ew1417', 7, 1, 40, 4, 6, 1, 256, 14, 5, 1, '$92 '),
('ew1418', 7, 1, NULL, 72, NULL, NULL, 418, 9, NULL, NULL, NULL),
('ew1419', 7, 1, NULL, 72, NULL, NULL, 418, 16, NULL, NULL, NULL),
('ew1420', 7, 1, NULL, 72, NULL, NULL, 420, 9, NULL, NULL, NULL),
('ew1421', 7, 1, NULL, 72, NULL, NULL, 421, 5, NULL, NULL, NULL),
('ew1422', 7, 1, 41, 5, 5, 4, 54, 6, 25, 1, NULL),
('ew1423', 7, 1, NULL, 5, NULL, NULL, 423, 9, NULL, NULL, NULL),
('ew1424', 7, 2, NULL, 83, NULL, NULL, 330, 6, NULL, NULL, NULL),
('ew1425', 7, 2, NULL, 84, NULL, NULL, 244, 10, NULL, NULL, NULL),
('ew1426', 7, 2, NULL, 35, NULL, NULL, 426, 5, NULL, NULL, NULL),
('ew1427', 7, 2, NULL, 35, NULL, NULL, 426, 1, NULL, NULL, NULL),
('ew1428', 7, 2, NULL, 35, NULL, NULL, 426, 3, NULL, NULL, NULL),
('ew1429', 7, 2, NULL, 35, NULL, NULL, 176, 16, NULL, NULL, NULL),
('ew1430', 7, 2, NULL, 35, NULL, NULL, 176, 17, NULL, NULL, NULL),
('ew1431', 7, 2, NULL, 35, NULL, NULL, 176, 2, NULL, NULL, NULL),
('ew1432', 7, 2, NULL, 35, NULL, NULL, 176, 3, NULL, NULL, NULL),
('ew1433', 7, 2, NULL, 35, NULL, NULL, 256, 9, NULL, NULL, NULL),
('ew1434', 7, 2, NULL, 35, NULL, NULL, 256, 5, NULL, NULL, NULL),
('ew1435', 7, 2, NULL, 35, NULL, NULL, 256, 2, NULL, NULL, NULL),
('ew1436', 7, 2, NULL, 35, NULL, NULL, 256, 7, NULL, NULL, NULL),
('ew1437', 7, 2, NULL, 35, NULL, NULL, 256, 3, NULL, NULL, NULL),
('ew1438', 7, 2, NULL, 35, NULL, NULL, 45, 17, NULL, NULL, NULL),
('ew1439', 7, 2, NULL, 35, NULL, NULL, 45, 1, NULL, NULL, NULL),
('ew1440', 7, 2, NULL, 35, NULL, NULL, 45, 3, NULL, NULL, NULL),
('ew1441', 7, 2, NULL, 35, NULL, NULL, 29, 5, NULL, NULL, NULL),
('ew1442', 7, 2, NULL, 35, NULL, NULL, 29, 5, NULL, NULL, NULL),
('ew1443', 7, 2, NULL, 35, NULL, NULL, 29, 1, NULL, NULL, NULL),
('ew1444', 7, 2, NULL, 35, NULL, NULL, 29, 1, NULL, NULL, NULL),
('ew1445', 7, 2, NULL, 35, NULL, NULL, 29, 7, NULL, NULL, NULL),
('ew1446', 7, 2, NULL, 35, NULL, NULL, 29, 7, NULL, NULL, NULL),
('ew1447', 7, 2, NULL, 35, NULL, NULL, 29, 3, NULL, NULL, NULL),
('ew1448', 7, 2, NULL, 35, NULL, NULL, 29, 3, NULL, NULL, NULL),
('ew1449', 7, 2, NULL, 85, NULL, NULL, 163, 19, NULL, NULL, NULL),
('ew1450', 7, 2, NULL, 85, NULL, NULL, 163, 25, NULL, NULL, NULL),
('ew1451', 7, 2, NULL, 86, NULL, NULL, 451, 17, NULL, NULL, NULL),
('ew1452', 7, 2, NULL, 86, NULL, NULL, 451, 2, NULL, NULL, NULL),
('ew1453', 7, 2, NULL, 86, NULL, NULL, 451, 3, NULL, NULL, NULL),
('ew1454', 7, 2, NULL, 87, NULL, NULL, 454, 1, NULL, NULL, NULL),
('ew1455', 7, 2, NULL, 87, NULL, NULL, 454, 3, NULL, NULL, NULL),
('ew1456', 7, 2, NULL, 88, NULL, NULL, 29, 5, NULL, NULL, NULL),
('ew1457', 7, 2, NULL, 88, NULL, NULL, 29, 1, NULL, NULL, NULL),
('ew1458', 7, 2, 42, 42, 1, 1, 85, 17, 26, 1, '$152 '),
('ew1459', 7, 2, 42, 42, 1, 1, 85, 2, 26, 1, '$152 '),
('ew1460', 7, 2, 42, 42, 1, 1, 85, 7, 26, 1, '$152 '),
('ew1461', 7, 2, 43, 42, NULL, 1, 13, 9, 24, NULL, '$142 '),
('ew1462', 7, 2, 43, 42, NULL, 1, 13, 2, 24, NULL, '$142 '),
('ew1463', 7, 2, 43, 42, NULL, 1, 13, 2, 24, NULL, '$142 '),
('ew1464', 7, 2, 43, 42, NULL, 1, 13, 7, 24, 1, '$142 '),
('ew1465', 7, 2, 43, 42, NULL, 1, 13, 3, 24, 2, '$142 '),
('ew1466', 7, 2, 43, 42, NULL, 1, 13, 10, 24, NULL, '$142 '),
('ew1467', 7, 2, NULL, 42, NULL, NULL, 467, 17, NULL, NULL, NULL),
('ew1468', 7, 2, NULL, 42, NULL, NULL, 467, 2, NULL, NULL, NULL),
('ew1469', 7, 2, NULL, 42, NULL, NULL, 467, 7, NULL, NULL, NULL),
('ew1470', 7, 2, NULL, 42, NULL, NULL, 467, 3, NULL, NULL, NULL),
('ew1471', 7, 2, NULL, 42, NULL, NULL, 29, 1, NULL, NULL, NULL),
('ew1472', 7, 2, NULL, 42, NULL, NULL, 29, 3, NULL, NULL, NULL),
('ew1473', 7, 2, NULL, 42, NULL, NULL, 163, 3, NULL, NULL, NULL),
('ew1474', 7, 2, NULL, 42, NULL, NULL, 13, 1, NULL, NULL, NULL),
('ew1475', 7, 2, NULL, 42, NULL, NULL, 475, 2, NULL, NULL, NULL),
('ew1476', 7, 2, NULL, 42, NULL, NULL, 475, 7, NULL, NULL, NULL),
('ew1477', 7, 2, NULL, 42, NULL, NULL, 475, 7, NULL, NULL, NULL),
('ew1478', 7, 2, NULL, 42, NULL, NULL, 475, 3, NULL, NULL, NULL),
('ew1479', 7, 2, NULL, 42, NULL, NULL, 475, 3, NULL, NULL, NULL),
('ew1480', 7, 2, NULL, 42, NULL, NULL, 475, 3, NULL, NULL, NULL),
('ew1481', 7, 2, NULL, 42, NULL, NULL, 481, 16, NULL, NULL, NULL),
('ew1482', 7, 2, NULL, 42, NULL, NULL, 85, 1, NULL, NULL, NULL),
('ew1483', 7, 2, NULL, 42, NULL, NULL, 483, 16, NULL, NULL, NULL),
('ew1484', 7, 2, NULL, 42, NULL, NULL, 483, 2, NULL, NULL, NULL),
('ew1485', 7, 2, NULL, 42, NULL, NULL, 483, 7, NULL, NULL, NULL),
('ew1486', 7, 2, NULL, 42, NULL, NULL, 483, 3, NULL, NULL, NULL),
('ew1487', 7, 2, NULL, 19, NULL, NULL, 29, 3, NULL, NULL, NULL),
('ew1488', 7, 2, NULL, 89, NULL, NULL, 488, 24, NULL, NULL, NULL),
('ew1489', 7, 2, 15, 21, 1, 1, 489, 5, 11, 1, '$98 '),
('ew1490', 7, 2, NULL, 90, NULL, NULL, 29, 7, NULL, NULL, NULL),
('ew1491', 7, 2, 44, 2, 13, 1, 13, 7, 27, 1, '$120 '),
('ew1492', 7, 2, 45, 2, 1, 1, 54, 7, 5, 2, '$65 '),
('ew1493', 7, 2, 46, 3, 1, 1, 54, 1, 5, 1, '$78 '),
('ew1494', 7, 2, 47, 3, 14, 1, 13, 5, 10, 1, '$75 '),
('ew1495', 7, 2, 47, 3, 14, 1, 13, 1, 10, 1, '$75 '),
('ew1496', 7, 2, NULL, 53, NULL, NULL, 496, 9, NULL, NULL, NULL),
('ew1497', 7, 2, NULL, 53, NULL, NULL, 29, 5, NULL, NULL, NULL),
('ew1498', 7, 2, NULL, 53, NULL, NULL, 29, 5, NULL, NULL, NULL),
('ew1499', 7, 2, NULL, 53, NULL, NULL, 29, 1, NULL, NULL, NULL),
('ew1500', 7, 2, NULL, 53, NULL, NULL, 29, 2, NULL, NULL, NULL),
('ew1501', 7, 2, NULL, 53, NULL, NULL, 224, 6, NULL, NULL, NULL),
('ew1502', 7, 2, NULL, 53, NULL, NULL, 224, 6, NULL, NULL, NULL),
('ew1503', 7, 2, NULL, 53, NULL, NULL, 224, 9, NULL, NULL, NULL),
('ew1504', 7, 2, NULL, 53, NULL, NULL, 224, 1, NULL, NULL, NULL),
('ew1505', 7, 2, NULL, 53, NULL, NULL, 86, 1, NULL, NULL, NULL),
('ew1506', 7, 2, NULL, 91, NULL, NULL, 29, 5, NULL, NULL, NULL),
('ew1507', 7, 2, NULL, 91, NULL, NULL, 29, 5, NULL, NULL, NULL),
('ew1508', 7, 2, NULL, 91, NULL, NULL, 29, 1, NULL, NULL, NULL),
('ew1509', 7, 2, NULL, 91, NULL, NULL, 29, 1, NULL, NULL, NULL),
('ew1510', 7, 2, NULL, 91, NULL, NULL, 29, 7, NULL, NULL, NULL),
('ew1511', 7, 2, NULL, 91, NULL, NULL, 29, 7, NULL, NULL, NULL),
('ew1512', 7, 2, NULL, 91, NULL, NULL, 29, 3, NULL, NULL, NULL),
('ew1513', 7, 2, NULL, 91, NULL, NULL, 29, 3, NULL, NULL, NULL),
('ew1514', 7, 2, NULL, 4, NULL, NULL, 29, 24, NULL, NULL, NULL),
('ew1515', 7, 2, NULL, 4, NULL, NULL, 29, 3, NULL, NULL, NULL),
('ew1516', 7, 2, NULL, 4, NULL, NULL, 29, 10, NULL, NULL, NULL),
('ew1517', 7, 2, NULL, 4, NULL, NULL, 146, 24, NULL, NULL, NULL),
('ew1518', 7, 2, NULL, 4, NULL, NULL, 146, 6, NULL, NULL, NULL),
('ew1519', 7, 2, NULL, 4, NULL, NULL, 146, 10, NULL, NULL, NULL),
('ew1520', 7, 2, 48, 92, 6, 1, 29, 9, 5, 1, '$120 '),
('ew1521', 7, 2, 48, 92, 6, 1, 29, 7, 5, 1, '$120 '),
('ew1522', 7, 2, 48, 92, 6, 1, 29, 3, 5, NULL, '$120 '),
('ew1523', 7, 2, 48, 92, 6, 1, 224, 16, 5, 1, '$120 '),
('ew1524', 7, 2, 48, 92, 6, 1, 224, 17, 5, 1, '$120 '),
('ew1525', 7, 2, 48, 92, 6, 1, 224, 1, 5, 1, '$120 '),
('ew1526', 7, 2, 48, 92, 6, 1, 224, 3, 5, 1, '$120 '),
('ew1527', 7, 2, 49, 92, 6, 1, 29, 17, 5, 1, '$120 '),
('ew1528', 7, 2, 49, 92, 6, 1, 29, 3, 5, 1, '$120 '),
('ew1529', 7, 2, 50, 92, 6, 1, 454, 14, 28, 1, '$110 '),
('ew1530', 7, 2, 50, 92, 6, 1, 454, 13, 28, 1, '$110 '),
('ew1531', 7, 2, 50, 92, 6, 1, 454, 15, 28, 1, '$110 '),
('ew1532', 7, 2, 50, 92, 6, 1, 454, 16, 28, 1, '$110 '),
('ew1533', 7, 2, 50, 92, 6, 1, 454, 17, 28, 2, '$110 '),
('ew1534', 7, 2, 50, 92, 6, 1, 454, 2, 28, 2, '$110 '),
('ew1535', 7, 2, 50, 92, 6, 1, 454, 7, 28, 2, '$110 '),
('ew1536', 7, 2, 50, 92, 6, 1, 454, 3, 28, 2, '$110 '),
('ew1537', 7, 2, 50, 92, 6, 1, 224, 13, 28, 2, '$110 '),
('ew1538', 7, 2, 50, 92, 6, 1, 224, 15, 28, 1, '$110 '),
('ew1539', 7, 2, 50, 92, 6, 1, 224, 14, 28, 2, '$110 '),
('ew1540', 7, 2, 51, 92, 6, 1, 146, 13, 5, 1, '$110 '),
('ew1541', 7, 2, 51, 92, 6, 1, 146, 15, 5, 1, '$110 '),
('ew1542', 7, 2, 51, 92, 6, 1, 146, 14, 5, 1, '$110 '),
('ew1543', 7, 2, NULL, 93, NULL, NULL, 543, 24, NULL, NULL, NULL),
('ew1544', 7, 2, NULL, 30, NULL, NULL, 29, 10, NULL, NULL, NULL),
('ew1545', 8, 1, 52, 21, 1, 6, 300, 7, 29, NULL, '$45 '),
('ew1546', 8, 1, 52, 21, NULL, NULL, 300, 10, 30, NULL, NULL),
('ew1547', 8, 1, NULL, 94, NULL, NULL, 49, 12, NULL, NULL, NULL),
('ew1548', 8, 1, NULL, 94, NULL, NULL, 49, 10, NULL, NULL, NULL),
('ew1549', 8, 1, NULL, 94, NULL, NULL, 224, 10, NULL, NULL, NULL),
('ew1550', 8, 1, 30, 2, 15, 4, 213, 17, 31, 1, '$34 '),
('ew1551', 8, 1, 30, 2, 15, 4, 213, 2, 31, 1, '$34 '),
('ew1552', 8, 1, 30, 2, 15, 4, 213, 7, 31, 1, '$34 '),
('ew1553', 8, 1, 30, 2, 15, 4, 213, 3, 31, 1, '$34 '),
('ew1554', 8, 2, 53, 42, 1, 6, 96, 7, 32, 1, '$78 '),
('ew1555', 8, 2, NULL, 95, NULL, NULL, 555, 4, NULL, NULL, NULL),
('ew1556', 8, 2, 30, 2, 15, 6, 330, 10, 15, 1, '$56 '),
('ew1557', 8, 2, NULL, 96, NULL, NULL, 543, 9, NULL, NULL, NULL),
('ew1558', 9, 2, 54, 2, 1, 4, 54, 20, 5, 1, NULL),
('ew1559', 9, 2, 54, 2, 1, 4, 54, 21, 5, 1, NULL),
('ew1560', 9, 2, 54, 2, 1, 4, 54, 5, 5, 1, NULL),
('ew1561', 9, 2, 54, 2, 1, 4, 54, 3, 5, NULL, NULL),
('ew1562', 9, 2, 54, 2, 1, 4, 54, 4, 5, 1, NULL),
('ew1563', 9, 2, 54, 2, 1, 4, 54, 10, 5, NULL, NULL),
('ew1564', 10, 1, 55, 3, 16, 7, 54, 22, 5, 1, '$68 '),
('ew1565', 10, 1, NULL, 97, NULL, NULL, 54, 20, NULL, NULL, NULL),
('ew1566', 10, 1, 56, 98, 16, NULL, 54, 21, 5, 1, NULL),
('ew1567', 10, 1, NULL, 99, NULL, NULL, 54, 20, NULL, NULL, NULL),
('ew1568', 10, 2, NULL, 100, NULL, NULL, 146, 26, NULL, NULL, NULL),
('ew1569', 10, 2, 57, 53, 17, 8, 193, 16, 10, 1, '$48 '),
('ew1570', 10, 2, 57, 53, 17, 8, 193, 17, 10, 1, '$48 '),
('ew1571', 10, 2, 57, 53, 17, 8, 193, 7, 10, 1, '$48 '),
('ew1572', 10, 2, NULL, 101, NULL, NULL, 146, 22, NULL, NULL, NULL),
('ew1573', 10, 3, 58, 3, 1, 8, 213, 20, 15, 1, NULL),
('ew1574', 10, 3, NULL, 3, NULL, NULL, 574, 27, NULL, NULL, NULL),
('ew1575', 10, 3, NULL, 97, NULL, NULL, 54, 27, NULL, NULL, NULL),
('ew1576', 10, 3, NULL, 97, NULL, NULL, 54, 27, NULL, NULL, NULL),
('ew1577', 10, 3, NULL, 97, NULL, NULL, 54, 22, NULL, NULL, NULL),
('ew1578', 11, 1, NULL, 102, NULL, NULL, 578, 2, NULL, NULL, NULL),
('ew1579', 11, 1, NULL, 75, NULL, NULL, 176, 27, NULL, NULL, NULL),
('ew1580', 11, 1, NULL, 103, NULL, NULL, 580, 10, NULL, NULL, NULL),
('ew1581', 11, 1, 59, 104, 1, 9, 581, 7, 2, 1, '$72 '),
('ew1582', 11, 1, 60, 104, 1, 9, 96, 2, 23, 1, '$38 '),
('ew1583', 11, 1, 60, 104, 1, 9, 96, 3, 23, NULL, '$38 '),
('ew1584', 11, 1, 60, 104, 1, 9, 96, 10, 23, 1, '$38 '),
('ew1585', 11, 1, 61, 104, 1, 9, 54, 3, 33, NULL, '$58 '),
('ew1586', 11, 1, 61, 104, 1, 9, 54, 10, 33, NULL, '$58 '),
('ew1587', 11, 1, 62, 21, 1, 9, 29, 2, 5, 1, '$74 '),
('ew1588', 11, 1, NULL, 105, NULL, NULL, 588, 24, NULL, NULL, NULL),
('ew1589', 11, 1, 63, 104, 1, 9, 581, 3, 2, 1, NULL),
('ew1590', 11, 1, NULL, 105, NULL, NULL, 75, 10, NULL, NULL, NULL),
('ew1591', 11, 1, NULL, 105, NULL, NULL, 591, 7, NULL, NULL, NULL),
('ew1592', 11, 1, NULL, 80, NULL, NULL, 592, 7, NULL, NULL, NULL),
('ew1593', 11, 1, 64, 2, 1, 9, 593, 3, 21, 1, '$68 '),
('ew1594', 11, 1, 65, 4, 18, 9, 594, 10, 14, 1, '$82 '),
('ew1595', 11, 1, 65, 4, 18, 9, 595, 21, 14, 1, '$82 '),
('ew1596', 11, 1, 65, 4, 18, 9, 595, 3, 14, 1, '$82 '),
('ew1597', 11, 1, 65, 4, 18, 9, 597, 3, 14, 1, '$82 '),
('ew1598', 11, 1, 6, 4, 19, NULL, 598, 20, 34, NULL, NULL),
('ew1599', 11, 1, 66, 4, 18, 9, 599, 3, 35, 1, '$82 '),
('ew1600', 11, 1, 66, 4, 18, 9, 599, 10, 35, 1, '$82 '),
('ew1601', 11, 2, NULL, 106, NULL, NULL, 601, 16, NULL, NULL, NULL),
('ew1602', 11, 2, NULL, 65, NULL, NULL, 376, 20, NULL, NULL, '$20 '),
('ew1603', 11, 2, NULL, 65, NULL, NULL, 603, 24, NULL, NULL, NULL),
('ew1604', 11, 2, 67, 104, 20, 9, 193, 21, 11, 1, '$72 '),
('ew1605', 11, 2, 67, 104, 20, 9, 193, 16, 11, 2, '$72 '),
('ew1606', 11, 2, 67, 104, 20, 9, 193, 17, 11, 1, '$72 '),
('ew1607', 11, 2, 67, 104, 20, 9, 193, 10, 11, 1, '$72 '),
('ew1608', 11, 2, 68, 104, 1, 9, 239, 17, 36, 2, '$58 '),
('ew1609', 11, 2, 69, 4, 1, 9, 49, 16, 5, 1, '$76 '),
('ew1610', 12, 1, NULL, 107, NULL, NULL, 29, 7, NULL, NULL, NULL),
('ew1611', 12, 1, NULL, 108, NULL, NULL, 611, 24, NULL, NULL, NULL),
('ew1612', 12, 1, NULL, 109, NULL, NULL, 612, 7, NULL, NULL, NULL),
('ew1613', 12, 1, NULL, 110, NULL, NULL, 29, 3, NULL, NULL, NULL),
('ew1614', 12, 1, NULL, 77, NULL, NULL, 29, 1, NULL, NULL, NULL),
('ew1615', 12, 1, NULL, 111, NULL, NULL, 54, 10, NULL, NULL, NULL),
('ew1616', 12, 1, 70, 104, 1, 1, 616, 19, 37, 1, '$28 '),
('ew1617', 12, 1, NULL, 112, 1, 1, 616, 28, NULL, NULL, '$28 '),
('ew1618', 12, 1, NULL, 112, 1, 1, 616, 28, NULL, NULL, '$28 '),
('ew1619', 12, 1, NULL, 113, NULL, NULL, 619, 5, NULL, NULL, NULL),
('ew1620', 12, 1, NULL, 113, NULL, NULL, 619, 1, NULL, NULL, NULL),
('ew1621', 12, 1, NULL, 113, NULL, NULL, 619, 2, NULL, NULL, NULL),
('ew1622', 12, 1, NULL, 113, NULL, NULL, 619, 3, NULL, NULL, NULL),
('ew1623', 12, 1, NULL, 113, NULL, NULL, 619, 3, NULL, NULL, NULL),
('ew1624', 12, 1, NULL, 113, NULL, NULL, 619, 4, NULL, NULL, NULL),
('ew1625', 12, 1, NULL, 113, NULL, NULL, 619, 4, NULL, NULL, NULL),
('ew1626', 12, 1, 52, 21, 1, 1, 54, 2, 5, 1, '$42 '),
('ew1627', 12, 1, 71, 21, 1, 1, 611, 3, 38, 1, '$53 '),
('ew1628', 12, 1, 71, 21, 1, 1, 611, 1, 38, 2, '$53 '),
('ew1629', 12, 1, 70, 104, 1, 1, 49, 19, 37, 1, '$28 '),
('ew1630', 12, 1, 70, 104, 1, 1, 49, 28, 37, NULL, '$28 '),
('ew1631', 12, 1, 70, 104, 1, 1, 49, 28, 37, 1, '$28 '),
('ew1632', 12, 1, 70, 104, 1, 1, 75, 19, 39, 1, '$28 '),
('ew1633', 12, 1, 70, 104, 1, 1, 75, 28, 39, NULL, '$28 '),
('ew1634', 12, 1, 72, 21, 1, 1, 634, 5, 5, 1, '$48 '),
('ew1635', 12, 1, 72, 21, 1, 1, 29, 9, 5, 1, '$48 '),
('ew1636', 12, 1, 72, 21, 1, 1, 29, 5, 5, 2, '$48 '),
('ew1637', 12, 1, 72, 21, 1, 1, 29, 1, 5, 3, '$48 '),
('ew1638', 12, 1, 72, 21, 1, 1, 29, 2, 5, 1, '$48 '),
('ew1639', 12, 1, 73, 21, 1, 1, 29, 7, 5, 1, '$48 '),
('ew1640', 12, 1, 73, 21, 1, 1, 29, 3, 5, 2, '$48 '),
('ew1641', 12, 1, 73, 21, 1, 1, 29, 4, 5, 2, '$48 '),
('ew1642', 12, 1, NULL, 21, NULL, NULL, 642, 6, NULL, NULL, NULL),
('ew1643', 12, 1, NULL, 21, NULL, NULL, 643, 1, NULL, NULL, NULL),
('ew1644', 12, 1, NULL, 21, NULL, NULL, 643, 3, NULL, NULL, NULL),
('ew1645', 12, 1, NULL, 21, NULL, NULL, 54, 24, NULL, NULL, NULL),
('ew1646', 12, 1, NULL, 21, NULL, NULL, 54, 9, NULL, NULL, NULL),
('ew1647', 12, 1, 15, 21, 1, 1, 54, 1, 5, 1, NULL),
('ew1648', 12, 1, NULL, 21, NULL, NULL, 54, 3, NULL, NULL, NULL),
('ew1649', 12, 1, NULL, 21, NULL, NULL, 54, 4, NULL, NULL, NULL),
('ew1650', 12, 1, NULL, 21, NULL, NULL, 54, 10, NULL, NULL, NULL),
('ew1651', 12, 1, NULL, 67, NULL, NULL, 224, 10, NULL, NULL, NULL),
('ew1652', 12, 1, NULL, 50, NULL, NULL, 379, 6, NULL, NULL, NULL),
('ew1653', 12, 1, 74, 2, 1, 3, 96, 5, 15, NULL, '$48 '),
('ew1654', 12, 1, 74, 2, 1, 3, 96, 1, 15, 3, '$48 '),
('ew1655', 12, 1, 74, 2, 1, 3, 96, 7, 15, NULL, '$48 '),
('ew1656', 12, 1, 74, 2, 1, 3, 96, 3, 15, 2, '$48 '),
('ew1657', 12, 1, 74, 2, 1, 3, 96, 3, 15, NULL, '$48 '),
('ew1658', 12, 1, 74, 2, 1, 3, 96, 4, 15, 1, '$48 '),
('ew1659', 12, 1, 74, 2, 1, 1, 13, 9, 21, 1, '$42 '),
('ew1660', 12, 1, 74, 2, 1, 1, 13, 5, 21, 1, '$42 '),
('ew1661', 12, 1, 74, 2, 1, 1, 13, 3, 21, 1, '$42 '),
('ew1662', 12, 1, 75, 2, 1, 1, 662, 2, 2, 3, '$42 '),
('ew1663', 12, 1, 75, 2, 1, 1, 662, 7, 2, 1, '$42 '),
('ew1664', 12, 1, 75, 2, 1, 1, 662, 4, 2, 2, '$42 '),
('ew1665', 12, 1, 46, 3, 1, 1, 29, 24, 5, NULL, '$38 '),
('ew1666', 12, 1, 46, 3, 1, 1, 29, 9, 5, 1, '$38 '),
('ew1667', 12, 1, 46, 3, 1, 1, 29, 1, 5, NULL, '$38 '),
('ew1668', 12, 1, 46, 3, 10, 1, 54, 24, 5, NULL, '$38 '),
('ew1669', 12, 1, 46, 3, 10, 1, 54, 6, 5, NULL, '$38 '),
('ew1670', 12, 1, 46, 3, 10, 1, 54, 21, 5, NULL, '$38 '),
('ew1671', 12, 1, 46, 3, 10, 1, 54, 5, 5, NULL, '$38 '),
('ew1672', 12, 1, 46, 3, 10, 1, 54, 2, 5, 1, '$38 '),
('ew1673', 12, 1, 46, 3, 10, 1, 54, 7, 5, 1, '$38 '),
('ew1674', 12, 1, 46, 3, 10, 1, 54, 4, 5, NULL, '$38 '),
('ew1675', 12, 1, 46, 3, 10, 1, 54, 10, 5, NULL, '$38 '),
('ew1676', 12, 1, 36, 3, 1, 1, 676, 2, 40, 4, '$48 '),
('ew1677', 12, 1, 36, 3, 1, 1, 677, 6, 16, NULL, '$48 '),
('ew1678', 12, 1, 36, 3, 1, 1, 677, 6, 16, NULL, '$48 '),
('ew1679', 12, 1, 36, 3, 1, 1, 677, 2, 16, 1, '$48 '),
('ew1680', 12, 1, 36, 3, 1, 1, 677, 4, 16, NULL, '$48 '),
('ew1681', 12, 1, 36, 3, 1, 1, 677, 10, 16, NULL, '$48 '),
('ew1682', 12, 1, 36, 3, 1, 1, 326, 7, 41, 1, '$48 '),
('ew1683', 12, 1, 36, 3, 1, 1, 326, 4, 41, 1, '$48 '),
('ew1684', 12, 1, 36, 3, 1, 1, 611, 6, 5, 1, '$38 '),
('ew1685', 12, 1, 36, 3, 1, 1, 611, 29, 5, 1, '$38 '),
('ew1686', 12, 1, 36, 3, 1, 1, 611, 2, 5, 4, '$38 '),
('ew1687', 12, 1, 36, 3, 1, 1, 687, 4, 16, 1, '$48 '),
('ew1688', 12, 1, 36, 3, 1, 1, 688, 20, 2, 1, '$48 '),
('ew1689', 12, 1, 36, 3, 1, 1, 688, 10, 2, 1, '$48 '),
('ew1690', 12, 1, 36, 3, 1, 1, 688, 6, 2, 1, '$48 '),
('ew1691', 12, 1, 36, 3, 1, 1, 688, 5, 2, NULL, '$48 '),
('ew1692', 12, 1, 36, 3, 1, 1, 688, 1, 2, NULL, '$48 '),
('ew1693', 12, 1, 36, 3, 1, 1, 688, 2, 2, 1, '$48 '),
('ew1694', 12, 1, 36, 3, 1, 1, 688, 7, 2, 1, '$48 '),
('ew1695', 12, 1, 38, 3, 1, 1, 695, 4, 42, 2, '$48 '),
('ew1696', 12, 1, 38, 3, 1, 1, 695, 2, 42, 1, '$48 '),
('ew1697', 12, 1, 38, 3, 1, 1, 697, 4, 42, 1, '$48 '),
('ew1698', 12, 1, 38, 3, 1, 1, 662, 4, 5, 1, '$48 '),
('ew1699', 12, 1, NULL, 3, NULL, NULL, 699, 6, NULL, NULL, NULL),
('ew1700', 12, 1, NULL, 3, NULL, NULL, 699, 6, NULL, NULL, NULL),
('ew1701', 12, 1, NULL, 3, NULL, NULL, 699, 10, NULL, NULL, NULL),
('ew1702', 12, 1, NULL, 3, NULL, NULL, 702, 4, NULL, NULL, NULL),
('ew1703', 12, 1, NULL, 3, NULL, NULL, 86, 10, NULL, NULL, NULL),
('ew1704', 12, 1, NULL, 3, NULL, NULL, 704, 1, NULL, NULL, NULL),
('ew1705', 12, 1, NULL, 3, NULL, NULL, 705, 9, NULL, NULL, NULL),
('ew1706', 12, 1, NULL, 3, NULL, NULL, 705, 5, NULL, NULL, NULL),
('ew1707', 12, 1, NULL, 3, NULL, NULL, 705, 1, NULL, NULL, NULL),
('ew1708', 12, 1, NULL, 3, NULL, NULL, 705, 1, NULL, NULL, NULL),
('ew1709', 12, 1, NULL, 3, NULL, NULL, 705, 2, NULL, NULL, NULL),
('ew1710', 12, 1, NULL, 3, NULL, NULL, 705, 4, NULL, NULL, NULL),
('ew1711', 12, 1, NULL, 3, NULL, NULL, 711, 6, NULL, NULL, NULL),
('ew1712', 12, 1, NULL, 3, NULL, NULL, 711, 2, NULL, NULL, NULL),
('ew1713', 12, 1, NULL, 3, NULL, NULL, 711, 3, NULL, NULL, NULL),
('ew1714', 12, 1, NULL, 3, NULL, NULL, 711, 4, NULL, NULL, NULL),
('ew1715', 12, 1, NULL, 3, NULL, NULL, 711, 10, NULL, NULL, NULL),
('ew1716', 12, 1, 76, 4, NULL, NULL, 224, 6, NULL, NULL, NULL),
('ew1717', 12, 1, 77, 4, 1, 2, 224, 6, 5, 1, '$54 '),
('ew1718', 12, 1, 78, 5, 1, NULL, 718, 16, 43, NULL, NULL),
('ew1719', 12, 1, 78, 5, 1, 3, 718, 16, 43, NULL, '$32 '),
('ew1720', 12, 1, 78, 5, 1, 3, 718, 16, 43, 1, '$32 '),
('ew1721', 12, 1, 78, 5, 1, 3, 718, 17, 43, 1, '$32 '),
('ew1722', 12, 1, 78, 5, 1, 3, 718, 2, 43, 2, '$32 '),
('ew1723', 12, 1, 78, 5, 1, 3, 718, 2, 43, NULL, '$32 '),
('ew1724', 12, 1, 78, 5, 1, NULL, 718, 7, 43, NULL, NULL),
('ew1725', 12, 1, 78, 5, 1, NULL, 718, 4, 43, NULL, NULL),
('ew1726', 12, 1, 11, 5, 1, 3, 29, 24, 5, NULL, '$32 '),
('ew1727', 12, 1, 11, 5, 1, 3, 29, 6, 5, 1, '$32 '),
('ew1728', 12, 1, 11, 5, 1, 3, 29, 9, 5, 1, '$32 '),
('ew1729', 12, 1, 11, 5, 1, 3, 29, 1, 5, NULL, '$32 '),
('ew1730', 12, 1, 11, 5, 1, 3, 29, 2, 5, NULL, '$32 '),
('ew1731', 12, 1, 11, 5, 1, 3, 29, 7, 5, NULL, '$32 '),
('ew1732', 12, 1, 11, 5, 1, 3, 29, 3, 5, NULL, '$32 '),
('ew1733', 12, 1, 11, 5, 1, 3, 29, 10, 5, 1, '$32 '),
('ew1734', 12, 1, 11, 5, 1, 3, 224, 24, 5, NULL, '$32 '),
('ew1735', 12, 1, 11, 5, 1, 3, 224, 6, 5, NULL, '$32 '),
('ew1736', 12, 1, 11, 5, 1, 3, 224, 5, 5, NULL, '$32 '),
('ew1737', 12, 1, 11, 5, 1, 3, 224, 1, 5, 3, '$32 '),
('ew1738', 12, 1, 11, 5, 1, 3, 224, 7, 5, NULL, '$32 '),
('ew1739', 12, 1, 11, 5, 1, 3, 224, 3, 5, NULL, '$32 '),
('ew1740', 12, 1, 11, 5, 1, 3, 224, 4, 5, NULL, '$32 '),
('ew1741', 12, 1, 11, 5, 1, 3, 224, 10, 5, 1, '$32 '),
('ew1742', 12, 1, 79, 5, 1, 3, 54, 10, 5, 1, '$22 '),
('ew1743', 12, 1, 5, 5, 1, 3, 29, 24, 5, 1, '$22 '),
('ew1744', 12, 1, 5, 5, 1, 3, 29, 6, 5, 1, '$22 '),
('ew1745', 12, 1, 5, 5, 1, 3, 29, 7, 5, NULL, '$22 '),
('ew1746', 12, 1, 5, 5, 1, 3, 29, 3, 5, NULL, '$22 '),
('ew1747', 12, 1, 5, 5, 1, 3, 29, 4, 5, NULL, '$22 '),
('ew1748', 12, 1, 5, 5, 1, 3, 29, 10, 5, NULL, '$22 '),
('ew1749', 12, 1, 5, 5, 1, 3, 54, 7, 5, 1, '$22 '),
('ew1750', 12, 1, NULL, 114, NULL, NULL, 54, 3, NULL, NULL, NULL),
('ew1751', 12, 1, NULL, 114, NULL, NULL, 54, 4, NULL, NULL, NULL),
('ew1752', 12, 1, NULL, 115, NULL, NULL, 752, 24, NULL, NULL, NULL),
('ew1753', 12, 1, NULL, 115, NULL, NULL, 752, 6, NULL, NULL, NULL),
('ew1754', 12, 2, NULL, 116, NULL, NULL, 224, 20, NULL, NULL, NULL),
('ew1755', 12, 2, NULL, 117, NULL, NULL, 54, 5, NULL, NULL, NULL),
('ew1756', 12, 2, NULL, 117, NULL, NULL, 54, 10, NULL, NULL, NULL),
('ew1757', 12, 2, NULL, 118, NULL, NULL, 2, 6, NULL, NULL, NULL),
('ew1758', 12, 2, NULL, 118, NULL, NULL, 2, 3, NULL, NULL, NULL),
('ew1759', 12, 2, NULL, 89, NULL, NULL, 759, 21, NULL, NULL, NULL),
('ew1760', 12, 2, NULL, 89, NULL, NULL, 759, 9, NULL, NULL, NULL),
('ew1761', 12, 2, NULL, 89, NULL, NULL, 759, 3, NULL, NULL, NULL),
('ew1762', 12, 2, NULL, 89, NULL, 3, 759, 3, NULL, NULL, '$28 '),
('ew1763', 12, 2, 8, 21, 21, 1, 763, 5, 5, 1, '$48 '),
('ew1764', 12, 2, 26, 21, 22, 3, 764, 1, 5, 1, '$18 '),
('ew1765', 12, 2, 26, 21, 22, 3, 764, 10, 5, NULL, '$18 '),
('ew1766', 12, 2, 70, 21, 1, 1, 45, 30, 44, 2, '$28 '),
('ew1767', 12, 2, 70, 21, 1, 1, 45, 28, 44, 1, '$28 '),
('ew1768', 12, 2, 70, 21, 1, 1, 146, 30, 45, 1, '$28 '),
('ew1769', 12, 2, 70, 21, 1, 1, 146, 28, 45, 2, '$28 '),
('ew1770', 12, 2, 80, 3, 23, 1, 54, 7, 5, 1, '$48 '),
('ew1771', 12, 2, NULL, 3, NULL, NULL, 54, 3, NULL, NULL, NULL),
('ew1772', 12, 2, 46, 3, 23, 1, 54, 10, 5, 1, '$48 '),
('ew1773', 12, 2, NULL, 119, NULL, NULL, 773, 6, NULL, NULL, NULL),
('ew1774', 12, 2, 81, 5, 24, 3, 54, 10, 5, NULL, '$48 '),
('ew1775', 12, 2, 82, 5, 1, 3, 775, 5, 4, NULL, '$28 '),
('ew1776', 12, 2, 82, 5, 1, 3, 775, 2, 4, 2, '$28 '),
('ew1777', 12, 2, 82, 5, 1, 3, 775, 7, 4, 1, '$28 '),
('ew1778', 12, 2, 82, 5, 1, 3, 775, 3, 4, 1, '$28 '),
('ew1779', 12, 2, 82, 5, 1, 3, 54, 5, 5, 1, '$28 '),
('ew1780', 12, 2, NULL, 120, NULL, NULL, 759, 31, NULL, NULL, NULL),
('ew1781', 12, 2, NULL, 120, NULL, NULL, 759, 32, NULL, NULL, NULL),
('ew1782', 12, 2, NULL, 120, NULL, NULL, 759, 8, NULL, NULL, NULL),
('ew1783', 12, 3, NULL, 3, NULL, NULL, 54, 21, NULL, NULL, '$32 '),
('ew1784', 13, 1, NULL, 121, NULL, NULL, 784, 27, NULL, NULL, NULL),
('ew1785', 13, 2, 83, 42, 25, 10, 785, 1, 4, 1, '$90 '),
('ew1786', 13, 2, NULL, 42, NULL, NULL, 785, 5, NULL, NULL, NULL),
('ew1787', 13, 2, NULL, 122, NULL, NULL, 96, 24, NULL, NULL, NULL),
('ew1788', 13, 2, 84, 2, 10, 10, 788, 2, 29, NULL, '$60 '),
('ew1789', 13, 2, 84, 2, 10, 10, 788, 2, 29, 1, '$60 '),
('ew1790', 13, 2, 84, 2, 10, 10, 788, 8, 29, 1, '$60 '),
('ew1791', 13, 2, 84, 2, 10, 10, 788, 3, 29, 1, '$60 '),
('ew1792', 13, 2, 84, 2, 10, 10, 788, 10, 29, NULL, '$60 '),
('ew1793', 13, 2, NULL, 123, NULL, NULL, 793, 1, NULL, NULL, NULL),
('ew1794', 13, 2, 28, 4, 26, 4, 794, 3, 46, 1, '$84 '),
('ew1795', 13, 2, 28, 4, 26, 4, 794, 4, 46, 1, '$84 '),
('ew1796', 14, 3, 85, 5, 27, 6, 796, 13, 47, 1, '$6 '),
('ew1797', 15, 2, NULL, 124, NULL, NULL, 797, 33, NULL, NULL, '$14 '),
('ew1798', 16, 2, 86, 42, NULL, NULL, 407, 1, 2, NULL, NULL),
('ew1799', 16, 2, NULL, 125, NULL, NULL, 799, 12, NULL, NULL, NULL),
('ew1800', 16, 2, NULL, 126, NULL, NULL, 800, 5, NULL, NULL, NULL),
('ew1801', 16, 2, NULL, 126, NULL, NULL, 800, 2, NULL, NULL, NULL),
('ew1802', 16, 2, NULL, 126, NULL, NULL, 802, 5, NULL, NULL, NULL),
('ew1803', 16, 2, NULL, 126, NULL, NULL, 803, 5, NULL, NULL, NULL),
('ew1804', 16, 2, NULL, 105, NULL, NULL, 239, 11, NULL, NULL, NULL),
('ew1805', 16, 2, NULL, 105, NULL, NULL, 239, 12, NULL, NULL, NULL),
('ew1806', 16, 2, NULL, 127, NULL, NULL, 213, 3, NULL, NULL, NULL),
('ew1807', 16, 3, 87, 5, 1, 11, 54, 2, 16, 1, '$32 '),
('ew1808', 17, 2, NULL, 128, NULL, NULL, NULL, 13, NULL, NULL, NULL),
('ew1809', 17, 2, NULL, 128, NULL, NULL, NULL, 13, NULL, NULL, NULL),
('ew1810', 17, 2, NULL, 128, NULL, NULL, NULL, 12, NULL, NULL, NULL),
('ew1811', 17, 2, NULL, 128, NULL, NULL, NULL, 33, NULL, NULL, NULL),
('ew1812', 17, 2, NULL, 128, NULL, NULL, NULL, 23, NULL, NULL, NULL),
('ew1813', 17, 2, NULL, 128, NULL, NULL, NULL, 23, NULL, NULL, NULL),
('ew1814', 17, 2, NULL, 125, NULL, NULL, 804, 12, NULL, NULL, NULL),
('ew1815', 17, 2, NULL, 129, NULL, NULL, 805, 12, NULL, NULL, NULL),
('ew1816', 17, 2, NULL, 129, NULL, NULL, 805, 34, NULL, NULL, NULL),
('ew1817', 17, 2, NULL, 130, NULL, NULL, 54, 13, NULL, NULL, NULL),
('ew1818', 17, 2, 26, 21, 5, 4, 47, 33, 5, 1, NULL),
('ew1819', 17, 2, NULL, 131, NULL, NULL, 146, 33, NULL, NULL, NULL),
('ew1820', 17, 3, NULL, 132, NULL, NULL, 54, 12, NULL, NULL, NULL),
('ew1821', 17, 3, NULL, 132, NULL, NULL, 54, 27, NULL, NULL, NULL),
('ew1822', 17, 3, NULL, 125, NULL, NULL, 272, 33, NULL, NULL, NULL),
('ew1823', 17, 3, NULL, 125, NULL, NULL, 272, 34, NULL, NULL, NULL),
('ew1824', 17, 3, NULL, 125, NULL, NULL, 272, 34, NULL, NULL, NULL),
('ew1825', 17, 3, 88, 130, 5, 4, 806, 13, 48, 1, NULL),
('ew1826', 17, 3, NULL, 125, NULL, NULL, 807, 26, NULL, NULL, NULL),
('ew1827', 17, 3, NULL, 125, NULL, NULL, 807, 26, NULL, NULL, NULL),
('ew1828', 17, 3, NULL, 125, NULL, NULL, 808, 11, NULL, NULL, NULL),
('ew1829', 17, 3, NULL, 125, NULL, NULL, 808, 33, NULL, NULL, NULL);
INSERT INTO `item_tbl` (`ItemID`, `BrandID`, `GenderID`, `SpeciesID`, `GenusID`, `MaterialID`, `CountOrigID`, `ColorID`, `SizeID`, `PatternID`, `Quantity`, `MSRP`) VALUES
('ew1830', 17, 3, NULL, 129, NULL, NULL, 809, 34, NULL, NULL, NULL),
('ew1831', 17, 3, NULL, 129, NULL, NULL, 54, 26, NULL, NULL, NULL),
('ew1832', 17, 3, NULL, 129, NULL, NULL, 810, 34, NULL, NULL, NULL),
('ew1833', 17, 3, NULL, 129, NULL, NULL, 811, 13, NULL, NULL, NULL),
('ew1834', 17, 3, NULL, 129, NULL, NULL, 811, 23, NULL, NULL, NULL),
('ew1835', 17, 3, NULL, 129, NULL, NULL, 811, 34, NULL, NULL, NULL),
('ew1836', 17, 3, NULL, 133, NULL, NULL, 812, 11, NULL, NULL, NULL),
('ew1837', 17, 3, NULL, 133, NULL, NULL, 812, 33, NULL, NULL, NULL),
('ew1838', 17, 3, NULL, 133, NULL, NULL, 812, 33, NULL, NULL, NULL),
('ew1839', 17, 3, NULL, 133, NULL, NULL, 812, 26, NULL, NULL, NULL),
('ew1840', 17, 3, NULL, 133, NULL, NULL, 812, 26, NULL, NULL, NULL),
('ew1841', 17, 3, NULL, 133, NULL, NULL, 813, 26, NULL, NULL, NULL),
('ew1842', 17, 3, NULL, 133, NULL, NULL, 813, 26, NULL, NULL, NULL),
('ew1843', 17, 3, NULL, 133, NULL, NULL, 813, 34, NULL, NULL, NULL),
('ew1844', 17, 3, NULL, 133, NULL, NULL, 814, 33, NULL, NULL, NULL),
('ew1845', 17, 3, NULL, 133, NULL, NULL, 814, 26, NULL, NULL, NULL),
('ew1846', 17, 3, 89, 130, 5, 4, 578, 23, 48, 1, '$48 '),
('ew1847', 17, 3, 90, 130, 28, 4, 300, 33, 49, 1, '$68 '),
('ew1848', 17, 3, 91, 130, 5, 4, 815, 33, 50, 1, '$68 '),
('ew1849', 17, 3, 92, 130, 5, 4, 54, 33, 5, 1, '$24 '),
('ew1850', 17, 3, 92, 130, 5, 4, 54, 13, 5, 1, '$24 '),
('ew1851', 17, 3, 93, 130, 5, 4, 54, 33, 51, 1, '$48 '),
('ew1852', 17, 3, 94, 130, 5, 4, 816, 33, 4, 1, '$42 '),
('ew1853', 17, 3, 95, 130, 10, 4, 54, 23, 49, 1, '$48 '),
('ew1854', 17, 3, 96, 130, 5, 4, 54, 33, 5, 1, NULL),
('ew1855', 17, 3, NULL, 130, NULL, NULL, 817, 35, NULL, NULL, NULL),
('ew1856', 17, 3, NULL, 130, NULL, NULL, 817, 35, NULL, NULL, NULL),
('ew1857', 17, 3, 97, 104, 5, 4, 578, 33, 52, 1, '$42 '),
('ew1858', 17, 3, 98, 104, 5, 4, 75, 33, 53, 1, '$58 '),
('ew1859', 17, 3, NULL, 134, NULL, NULL, 808, 34, NULL, NULL, NULL),
('ew1860', 17, 3, NULL, 134, NULL, NULL, 815, 12, NULL, NULL, NULL),
('ew1861', 17, 3, NULL, 135, NULL, NULL, 54, 11, NULL, NULL, NULL),
('ew1862', 17, 3, NULL, 136, NULL, NULL, 54, 34, NULL, NULL, NULL),
('ew1863', 17, 3, 99, 4, 1, 4, 818, 13, 54, 1, '$62 '),
('ew1864', 17, 3, 26, 21, 1, 4, 272, 15, 55, 1, '$62 '),
('ew1865', 17, 3, 100, 4, 1, 4, 47, 33, 14, 1, '$62 '),
('ew1866', 17, 3, 101, 21, 1, 4, 47, 33, 5, 1, '$62 '),
('ew1867', 17, 3, NULL, 4, NULL, NULL, 13, 12, NULL, NULL, NULL),
('ew1868', 17, 3, NULL, 137, NULL, NULL, 578, 11, NULL, NULL, NULL),
('ew1869', 17, 3, NULL, 137, NULL, NULL, 578, 11, NULL, NULL, NULL),
('ew1870', 17, 3, NULL, 137, NULL, NULL, 578, 12, NULL, NULL, NULL),
('ew1871', 17, 3, NULL, 137, NULL, NULL, 578, 12, NULL, NULL, NULL),
('ew1872', 17, 3, 102, 130, 30, 4, 272, 23, 56, 1, '$52 '),
('ew1873', 18, 2, NULL, 138, NULL, NULL, 54, 20, NULL, NULL, NULL),
('ew1874', 18, 2, NULL, 138, NULL, NULL, 54, 21, NULL, NULL, NULL),
('ew1875', 18, 2, NULL, 138, NULL, NULL, 54, 27, NULL, NULL, NULL),
('ew1876', 19, 2, NULL, 59, NULL, NULL, 819, 22, NULL, NULL, NULL),
('ew1877', 19, 3, NULL, 139, NULL, NULL, 54, 20, NULL, NULL, NULL),
('ew1878', 20, 2, NULL, 32, NULL, NULL, 820, 27, NULL, NULL, NULL),
('ew1879', 20, 2, 88, 130, 1, 9, 821, 23, 27, 1, NULL),
('ew1880', 20, 2, 103, 130, 1, 9, 822, 21, 57, 1, '$62 '),
('ew1881', 20, 2, NULL, 140, NULL, NULL, 54, 21, NULL, NULL, NULL),
('ew1882', 20, 2, 104, 2, 1, 9, 54, 20, 5, 2, '$62 '),
('ew1883', 20, 2, 104, 2, 1, 9, 54, 21, 5, 1, '$62 '),
('ew1884', 21, 1, 105, 3, 1, 1, 611, 9, 58, 1, '$28 '),
('ew1885', 21, 1, 106, 5, 31, 1, 823, 9, 5, 1, '$48 '),
('ew1886', 22, 1, NULL, 67, NULL, NULL, 54, 7, NULL, NULL, NULL),
('ew1887', 23, 3, NULL, 125, NULL, NULL, 824, 12, NULL, NULL, NULL),
('ew1888', 23, 3, NULL, 125, NULL, NULL, 825, 12, NULL, NULL, NULL),
('ew1889', 24, 2, NULL, 141, NULL, NULL, 826, 2, NULL, NULL, NULL),
('ew1890', 24, 2, NULL, 141, NULL, NULL, 826, 2, NULL, NULL, NULL),
('ew1891', 25, 2, NULL, 3, NULL, NULL, 827, 10, NULL, NULL, NULL),
('ew1892', 25, 2, 107, 3, 1, 5, 146, 4, 5, 1, NULL),
('ew1893', 25, 2, 108, 5, 32, 5, 828, 10, 15, NULL, '$59 '),
('ew1894', 25, 2, 109, 5, 1, 5, 330, 16, 15, 1, '$48 '),
('ew1895', 26, 2, NULL, 142, NULL, NULL, 574, 36, NULL, NULL, '$20 '),
('ew1896', 27, 2, NULL, 42, NULL, NULL, 829, 4, NULL, NULL, '$22 '),
('ew1897', 28, 1, 9, 2, 33, 1, 830, 29, 5, 1, '$42 '),
('ew1898', 28, 1, 110, 3, 1, 1, 13, 29, 59, 1, '$20 '),
('ew1899', 29, 1, NULL, 105, NULL, NULL, 831, 3, NULL, NULL, NULL),
('ew1900', 29, 1, NULL, 143, NULL, NULL, 832, 9, NULL, NULL, NULL),
('ew1901', 29, 3, 111, 144, 34, 1, 833, 3, 60, 1, '42'),
('ew1902', 29, 3, 61, 144, 34, 1, 578, 9, 40, 1, '42'),
('ew1903', 30, 3, NULL, 129, NULL, NULL, 54, 26, NULL, NULL, NULL),
('ew1904', 31, 1, NULL, 113, NULL, NULL, 834, 16, NULL, NULL, NULL),
('ew1905', 31, 1, 1, 2, 1, 9, 835, 37, 5, 1, NULL),
('ew1906', 31, 1, 1, 2, 1, 9, 835, 3, 5, 2, NULL),
('ew1907', 31, 2, NULL, 145, NULL, NULL, 261, 16, NULL, NULL, NULL),
('ew1908', 31, 2, NULL, 145, NULL, NULL, 261, 17, NULL, NULL, NULL),
('ew1909', 31, 2, NULL, 145, NULL, NULL, 261, 2, NULL, NULL, NULL),
('ew1910', 31, 2, NULL, 145, NULL, NULL, 261, 3, NULL, NULL, NULL),
('ew1911', 31, 2, NULL, 146, NULL, NULL, 836, 20, NULL, NULL, NULL),
('ew1912', 31, 2, NULL, 146, NULL, NULL, 836, 20, NULL, NULL, NULL),
('ew1913', 31, 2, NULL, 147, NULL, NULL, 836, 16, NULL, NULL, NULL),
('ew1914', 31, 2, NULL, 147, NULL, NULL, 836, 2, NULL, NULL, NULL),
('ew1915', 31, 2, NULL, 148, NULL, NULL, 837, 20, NULL, NULL, NULL),
('ew1916', 31, 2, NULL, 149, NULL, NULL, 54, 21, NULL, NULL, NULL),
('ew1917', 31, 2, NULL, 149, NULL, NULL, 54, 3, NULL, NULL, NULL),
('ew1918', 31, 2, NULL, 150, NULL, NULL, 86, 17, NULL, NULL, NULL),
('ew1919', 31, 2, NULL, 150, NULL, NULL, 86, 2, NULL, NULL, NULL),
('ew1920', 31, 2, NULL, 150, NULL, NULL, 86, 7, NULL, NULL, NULL),
('ew1921', 31, 2, NULL, 150, NULL, NULL, 86, 3, NULL, NULL, NULL),
('ew1922', 31, 2, NULL, 151, NULL, NULL, 838, 20, NULL, NULL, NULL),
('ew1923', 31, 2, NULL, 151, NULL, NULL, 838, 20, NULL, NULL, NULL),
('ew1924', 31, 2, NULL, 151, NULL, NULL, 838, 17, NULL, NULL, NULL),
('ew1925', 31, 2, NULL, 152, NULL, NULL, 836, 20, NULL, NULL, NULL),
('ew1926', 31, 2, NULL, 152, NULL, NULL, 836, 20, NULL, NULL, NULL),
('ew1927', 31, 2, NULL, 152, NULL, NULL, 836, 21, NULL, NULL, NULL),
('ew1928', 31, 2, NULL, 152, NULL, NULL, 836, 21, NULL, NULL, NULL),
('ew1929', 31, 2, NULL, 152, NULL, NULL, 836, 29, NULL, NULL, NULL),
('ew1930', 31, 2, NULL, 152, NULL, NULL, 836, 29, NULL, NULL, NULL),
('ew1931', 31, 2, NULL, 152, NULL, NULL, 836, 17, NULL, NULL, NULL),
('ew1932', 31, 2, NULL, 152, NULL, NULL, 836, 2, NULL, NULL, NULL),
('ew1933', 31, 2, NULL, 152, NULL, NULL, 836, 7, NULL, NULL, NULL),
('ew1934', 31, 2, 112, 2, 1, 9, 839, 20, 10, NULL, '$98 '),
('ew1935', 31, 2, 112, 2, 1, 9, 839, 20, 10, NULL, '$98 '),
('ew1936', 31, 2, 112, 2, 1, 9, 839, 29, 10, NULL, '$98 '),
('ew1937', 31, 2, 112, 2, 1, 9, 839, 29, 10, NULL, '$98 '),
('ew1938', 31, 2, 113, 2, 1, 9, 54, 16, 5, 1, '$110 '),
('ew1939', 31, 2, 113, 2, 1, 9, 54, 17, 5, 2, '$110 '),
('ew1940', 31, 2, 113, 2, 1, 9, 54, 2, 5, 2, '$110 '),
('ew1941', 31, 2, 113, 2, 1, 9, 54, 7, 5, 2, '$110 '),
('ew1942', 31, 2, 113, 2, 1, 9, 54, 3, 5, 1, '$110 '),
('ew1943', 31, 2, 114, 2, 1, 9, 54, 2, 5, NULL, '$68 '),
('ew1944', NULL, NULL, 115, NULL, 1, NULL, 838, 21, 10, NULL, NULL),
('ew1945', 31, 2, 115, 2, 1, 9, 838, 29, 10, 2, '$98 '),
('ew1946', 31, 2, 116, 2, 1, 9, 54, 20, 5, 1, '$98 '),
('ew1947', 31, 2, 116, 5, 1, 9, 54, 38, 5, 1, '$68 '),
('ew1948', 31, 2, 116, 5, 1, 9, 54, 17, 5, 1, '$68 '),
('ew1949', 31, 2, 116, 5, 1, 9, 54, 3, 5, 1, '$68 '),
('ew1950', 31, 2, NULL, 5, NULL, 9, 261, 7, NULL, 1, '$68 '),
('ew1951', 31, 2, NULL, 153, NULL, NULL, 261, 3, NULL, NULL, NULL),
('ew1952', 31, 2, NULL, 153, NULL, NULL, 54, 38, NULL, NULL, NULL),
('ew1953', 31, 2, 1, NULL, 1, NULL, 49, 20, 5, NULL, NULL),
('ew1954', 31, 3, NULL, 2, NULL, 9, 49, 29, NULL, 1, '$85 '),
('ew1955', 31, 3, NULL, 75, NULL, NULL, 49, 16, NULL, NULL, NULL),
('ew1956', 31, 3, 1, 75, NULL, NULL, 49, 21, 5, NULL, NULL),
('ew1957', 31, 3, 74, 2, 1, 9, 840, 20, 21, 1, '$85 '),
('ew1958', 31, 3, 74, 2, 1, 9, 840, 29, 21, 1, '$85 '),
('ew1959', 31, 3, 117, 2, 1, 9, 841, 16, 5, 3, '$85 '),
('ew1960', 32, 2, 6, 2, 1, 9, 213, 29, 15, 1, '$85 '),
('ew1961', 33, 3, NULL, 4, NULL, 12, 842, 2, NULL, 1, '$68 '),
('ew1962', 34, 1, NULL, 107, NULL, NULL, 29, 3, NULL, NULL, NULL),
('ew1963', 34, 1, NULL, 154, NULL, NULL, 843, 7, NULL, NULL, NULL),
('ew1964', 34, 1, NULL, 7, NULL, NULL, 842, 29, NULL, NULL, NULL),
('ew1965', 34, 1, NULL, 7, NULL, NULL, 616, 20, NULL, NULL, NULL),
('ew1966', 34, 1, NULL, 155, NULL, NULL, 616, 29, NULL, NULL, NULL),
('ew1967', 34, 1, NULL, 155, NULL, NULL, 616, 22, NULL, NULL, NULL),
('ew1968', 34, 1, NULL, 155, NULL, NULL, 272, 10, NULL, NULL, NULL),
('ew1969', 34, 1, NULL, 77, NULL, NULL, 29, 2, NULL, NULL, NULL),
('ew1970', 34, 1, NULL, 77, NULL, NULL, 29, 7, NULL, NULL, NULL),
('ew1971', 34, 1, 118, 77, 36, NULL, 114, 29, 5, NULL, NULL),
('ew1972', 34, 1, NULL, 21, NULL, 3, 29, 2, NULL, 1, '$88 '),
('ew1973', 34, 1, NULL, 14, NULL, NULL, 29, 17, NULL, NULL, NULL),
('ew1974', 34, 1, NULL, 156, NULL, NULL, 224, 27, NULL, NULL, NULL),
('ew1975', 34, 1, NULL, 157, NULL, NULL, 844, 17, NULL, NULL, NULL),
('ew1976', 34, 1, 8, 118, 1, NULL, 844, 3, 5, NULL, NULL),
('ew1977', 34, 2, NULL, 21, NULL, 13, 2, 22, NULL, 1, NULL),
('ew1978', 34, 1, NULL, 118, NULL, NULL, 574, 20, NULL, NULL, NULL),
('ew1979', 34, 1, NULL, 64, NULL, NULL, 588, 7, NULL, NULL, NULL),
('ew1980', 34, 1, 119, 158, 1, NULL, 845, 22, 15, NULL, NULL),
('ew1981', 34, 1, 120, 104, 1, 12, 96, 16, 23, 1, '$53 '),
('ew1982', 34, 1, 120, 104, 1, 14, 96, 17, 23, 3, '$68 '),
('ew1983', 34, 1, 120, 104, 1, 14, 96, 7, 23, 1, '$68 '),
('ew1984', 34, 1, 120, 104, 1, 14, 96, 3, 23, 4, '$68 '),
('ew1985', 34, 1, 120, 104, 1, 14, 96, 3, 23, 2, '$68 '),
('ew1986', 34, 1, 120, 104, 1, 14, 96, 16, 61, 1, '$68 '),
('ew1987', 34, 1, 120, 104, 1, 14, 96, 7, 61, 1, '$68 '),
('ew1988', 34, 1, 121, 104, 1, 14, 85, 16, 62, 1, '$68 '),
('ew1989', 34, 1, 121, 104, 1, 14, 85, 17, 62, 1, '$58 '),
('ew1990', 34, 1, 121, 104, 1, 14, 85, 2, 62, 1, '$58 '),
('ew1991', 34, 1, 121, 104, 1, 14, 85, 3, 62, 3, '$58 '),
('ew1992', 34, 1, NULL, 104, NULL, 14, 846, 2, NULL, 2, '$58 '),
('ew1993', 34, 1, NULL, 159, NULL, NULL, 29, 16, NULL, NULL, NULL),
('ew1994', 34, 1, NULL, 160, NULL, NULL, 29, 17, NULL, NULL, NULL),
('ew1995', 34, 1, NULL, 160, NULL, NULL, 29, 3, NULL, NULL, NULL),
('ew1996', 34, 1, 122, 160, 1, NULL, 847, 7, 5, NULL, NULL),
('ew1997', 34, 2, 122, 21, 1, 1, 847, 3, 5, 1, '$85 '),
('ew1998', 34, 2, 122, 21, 1, 1, 29, 2, 5, 1, '$85 '),
('ew1999', 34, 2, 52, 21, 1, 1, 611, 2, 5, 1, '$85 '),
('ew2000', 34, 1, 52, 21, 1, 1, 611, 17, 5, 4, '$85 '),
('ew2001', 34, 1, 52, 21, 1, 1, 611, 3, 5, 1, '$85 '),
('ew2002', 34, 1, 52, 21, 1, 1, 29, 20, 5, NULL, '$85 '),
('ew2003', 34, 1, 52, 21, 1, 1, 29, 17, 5, NULL, '$85 '),
('ew2004', 34, 1, 52, 21, 1, 1, 29, 17, 5, 1, '$85 '),
('ew2005', 34, 1, 52, 21, 1, 1, 29, 17, 5, NULL, '$85 '),
('ew2006', 34, 1, 52, 21, 1, 1, 29, 2, 5, NULL, '$85 '),
('ew2007', 34, 1, 52, 21, 1, 1, 29, 2, 5, 2, '$85 '),
('ew2008', 34, 1, 52, 21, 1, 1, 29, 7, 5, 1, '$85 '),
('ew2009', 34, 1, 52, 21, 1, 1, 29, 7, 5, 2, '$85 '),
('ew2010', 34, 1, 52, 21, 1, 1, 29, 3, 5, NULL, '$85 '),
('ew2011', 34, 1, 52, 21, 1, 1, 848, 17, 5, 2, '$85 '),
('ew2012', 34, 1, 52, 21, 1, 1, 848, 17, 5, NULL, '$85 '),
('ew2013', 34, 1, 52, 21, 1, 1, 848, 2, 5, NULL, '$85 '),
('ew2014', 34, 1, 52, 21, 1, 1, 848, 2, 5, NULL, '$85 '),
('ew2015', 34, 1, 52, 21, 1, 1, 848, 3, 5, NULL, '$85 '),
('ew2016', 34, 1, 52, 21, 1, 1, 848, 3, 5, 1, '$85 '),
('ew2017', 34, 1, 123, 21, 1, 1, 114, 17, 5, NULL, '$85 '),
('ew2018', 34, 1, 123, 21, 1, 3, 114, 2, 5, 1, '$72 '),
('ew2019', 34, 1, 123, 21, 1, 3, 114, 7, 5, 1, '$72 '),
('ew2020', 34, 1, 123, 21, 1, 3, 114, 3, 5, 1, '$72 '),
('ew2021', 34, 1, 123, 21, 1, 3, 29, 17, 5, 1, '$72 '),
('ew2022', 34, 1, 123, 21, 1, 3, 29, 2, 5, 1, '$72 '),
('ew2023', 34, 1, 123, 21, 1, 3, 29, 7, 5, 1, '$72 '),
('ew2024', 34, 1, 8, 21, 1, 3, 844, 2, 5, 1, '$72 '),
('ew2025', 34, 1, 8, 21, 1, 1, 2, 2, 5, 1, '$78 '),
('ew2026', 34, 1, 8, 21, 1, 1, 2, 7, 5, 1, '$78 '),
('ew2027', 34, 1, 8, 21, 37, 1, 29, 2, 5, 2, '$78 '),
('ew2028', 34, 1, 8, 21, 37, 1, 54, 2, 5, 2, '$82 '),
('ew2029', 34, 1, 124, 21, 1, 1, 29, 22, 5, 1, '$82 '),
('ew2030', 34, 1, 15, 21, 1, 3, 13, 29, 15, 1, '$72 '),
('ew2031', 34, 1, NULL, 21, NULL, 1, 849, 17, NULL, 1, '$68 '),
('ew2032', 34, 1, NULL, 161, NULL, NULL, 849, 3, NULL, NULL, NULL),
('ew2033', 34, 1, NULL, 161, NULL, NULL, 849, 3, NULL, NULL, NULL),
('ew2034', 34, 1, NULL, 161, NULL, NULL, 849, 3, NULL, NULL, NULL),
('ew2035', 34, 1, NULL, 161, NULL, NULL, 29, 7, NULL, NULL, NULL),
('ew2036', 34, 1, NULL, 67, NULL, NULL, 29, 3, NULL, NULL, NULL),
('ew2037', 34, 1, NULL, 67, NULL, NULL, 29, 39, NULL, NULL, NULL),
('ew2038', 34, 1, NULL, 162, NULL, NULL, 29, 39, NULL, NULL, NULL),
('ew2039', 34, 1, NULL, 162, NULL, NULL, 29, 27, NULL, NULL, NULL),
('ew2040', 34, 1, NULL, 162, NULL, NULL, 29, 27, NULL, NULL, NULL),
('ew2041', 34, 1, NULL, 162, NULL, NULL, 29, 22, NULL, NULL, NULL),
('ew2042', 34, 1, NULL, 162, NULL, NULL, 29, 22, NULL, NULL, NULL),
('ew2043', 34, 1, NULL, 162, NULL, NULL, 850, 29, NULL, NULL, NULL),
('ew2044', 34, 1, NULL, 163, NULL, NULL, 850, 29, NULL, NULL, NULL),
('ew2045', 34, 1, NULL, 163, NULL, NULL, 54, 40, NULL, NULL, NULL),
('ew2046', 34, 1, NULL, 164, NULL, NULL, 851, 20, NULL, NULL, NULL),
('ew2047', 34, 1, NULL, 165, NULL, NULL, 851, 29, NULL, NULL, NULL),
('ew2048', 34, 1, NULL, 165, NULL, NULL, 852, 7, NULL, NULL, NULL),
('ew2049', 34, 1, NULL, 166, NULL, NULL, 852, 7, NULL, NULL, NULL),
('ew2050', 34, 1, NULL, 166, NULL, NULL, 852, 3, NULL, NULL, NULL),
('ew2051', 34, 1, NULL, 166, NULL, NULL, 843, 21, NULL, NULL, NULL),
('ew2052', 34, 1, NULL, 166, NULL, NULL, 843, 29, NULL, NULL, NULL),
('ew2053', 34, 1, NULL, 166, NULL, NULL, 843, 17, NULL, NULL, NULL),
('ew2054', 34, 1, NULL, 166, NULL, NULL, 843, 3, NULL, NULL, NULL),
('ew2055', 34, 1, NULL, 166, NULL, NULL, 843, 3, NULL, NULL, NULL),
('ew2056', 34, 1, NULL, 166, NULL, NULL, 853, 7, NULL, NULL, NULL),
('ew2057', 34, 1, NULL, 166, NULL, NULL, 853, 3, NULL, NULL, NULL),
('ew2058', 34, 1, 125, 166, 38, NULL, 854, 20, 63, NULL, NULL),
('ew2059', 34, 1, NULL, 3, NULL, 14, 855, 20, NULL, 1, NULL),
('ew2060', 34, 1, 126, 166, 1, NULL, 611, 17, 5, NULL, NULL),
('ew2061', 34, 1, 126, 3, 1, 1, 611, 17, 5, NULL, '$85 '),
('ew2062', 34, 1, 126, 3, 1, 1, 611, 2, 5, 1, '$85 '),
('ew2063', 34, 1, 126, 3, 1, 1, 611, 7, 5, 2, '$85 '),
('ew2064', 34, 1, 126, 3, 1, 1, 611, 3, 5, 2, '$85 '),
('ew2065', 34, 1, 126, 3, 1, 1, 611, 3, 5, 1, '$85 '),
('ew2066', 34, 1, 2, 3, 1, 1, 856, 3, 29, NULL, '$85 '),
('ew2067', 34, 1, 31, 3, 1, 1, 857, 7, 21, 1, '$73 '),
('ew2068', 34, 1, 31, 3, 1, 15, 857, 22, 21, 2, '$62 '),
('ew2069', 34, 1, 31, 3, 39, 15, 843, 2, 64, 1, '$62 '),
('ew2070', 34, 1, 31, 3, 39, 14, 843, 7, 64, 1, '$72 '),
('ew2071', 34, 1, 31, 3, 39, 14, 843, 20, 64, 1, '$72 '),
('ew2072', 34, 1, 31, 3, 39, 14, 843, 17, 64, 1, '$72 '),
('ew2073', 34, 1, 31, 3, 8, 14, 85, 17, 65, 1, '$72 '),
('ew2074', 34, 1, 31, 3, 8, 14, 85, 2, 65, 3, '$68 '),
('ew2075', 34, 1, 31, 3, 8, 14, 85, 7, 65, NULL, '$68 '),
('ew2076', 34, 1, 31, 3, 8, 14, 85, 3, 65, 1, '$68 '),
('ew2077', 34, 1, 6, 3, 1, 14, 29, 17, 5, 1, '$68 '),
('ew2078', 34, 1, 6, 4, 1, 1, 29, 7, 5, NULL, '$89 '),
('ew2079', 34, 1, 6, 4, 1, 1, 29, 3, 5, NULL, '$89 '),
('ew2080', 34, 1, 6, 4, 1, 1, 29, 10, 5, NULL, '$89 '),
('ew2081', 34, 1, 127, 4, 40, 1, 13, 3, 66, NULL, '$89 '),
('ew2082', 34, 1, 40, 4, 41, 1, 272, 10, 5, 1, '$110 '),
('ew2083', 34, 1, 128, 4, 1, 1, 13, 3, 15, 1, '$78 '),
('ew2084', 34, 1, 79, 54, 1, 14, 29, 3, 5, 1, '$98 '),
('ew2085', 34, 1, 129, 5, 42, 14, 272, 20, 5, 1, '$32 '),
('ew2086', 34, 1, 129, 5, 42, 12, 272, 29, 5, 1, NULL),
('ew2087', 34, 1, 129, 5, 42, 12, 272, 27, 5, 1, NULL),
('ew2088', 34, 1, 129, 5, 42, 12, 272, 22, 5, NULL, NULL),
('ew2089', 34, 1, 129, 5, 42, 12, 29, 22, 5, NULL, NULL),
('ew2090', 34, 1, 130, 5, 1, 12, 224, 2, 67, NULL, NULL),
('ew2091', 34, 1, 30, 5, 1, 12, 858, 17, 15, 1, NULL),
('ew2092', 34, 1, 30, 5, 1, 12, 858, 2, 15, 1, '$48 '),
('ew2093', 34, 1, 30, 5, 1, 12, 858, 7, 15, 1, '$48 '),
('ew2094', 34, 1, 30, 5, 1, 12, 858, 3, 15, 1, '$48 '),
('ew2095', 34, 1, 131, 5, 1, 12, 859, 2, 68, 1, '$48 '),
('ew2096', 34, 1, 30, 5, 1, 12, 859, 2, 15, 1, '$48 '),
('ew2097', 34, 1, 30, 5, 1, 12, 859, 7, 15, 1, '$48 '),
('ew2098', 34, 1, 30, 5, 1, 12, 859, 3, 15, 1, '$48 '),
('ew2099', 34, 1, 30, 5, 1, 12, 859, 3, 68, 1, '$48 '),
('ew2100', 34, 1, NULL, 5, NULL, 12, 820, 39, NULL, 1, '$48 '),
('ew2101', 34, 2, NULL, 7, NULL, NULL, 29, 3, NULL, NULL, NULL),
('ew2102', 34, 2, NULL, 167, NULL, NULL, 47, 39, NULL, NULL, NULL),
('ew2103', 34, 2, NULL, 168, NULL, NULL, 47, 39, NULL, NULL, NULL),
('ew2104', 34, 2, NULL, 168, NULL, NULL, 146, 22, NULL, NULL, NULL),
('ew2105', 34, 2, NULL, 168, NULL, NULL, 860, 2, NULL, NULL, NULL),
('ew2106', 34, 2, NULL, 169, NULL, NULL, 860, 7, NULL, NULL, NULL),
('ew2107', 34, 2, NULL, 169, NULL, NULL, 860, 3, NULL, NULL, NULL),
('ew2108', 34, 2, NULL, 169, NULL, NULL, 29, 7, NULL, NULL, NULL),
('ew2109', 34, 2, 132, 170, 1, NULL, 29, 29, 5, NULL, NULL),
('ew2110', 34, 2, NULL, 171, NULL, 12, 135, 24, NULL, 1, '$48 '),
('ew2111', 34, 2, NULL, 65, NULL, NULL, 114, 27, NULL, NULL, NULL),
('ew2112', 34, 2, 26, 65, 1, NULL, 861, 21, 5, NULL, NULL),
('ew2113', 34, 2, 26, 21, 1, 14, 861, 27, 5, 1, NULL),
('ew2114', 34, 2, 26, 21, 1, 14, 861, 20, 5, 1, NULL),
('ew2115', 34, 2, NULL, 21, NULL, 14, 272, 27, NULL, 1, NULL),
('ew2116', 34, 2, NULL, 65, NULL, NULL, 272, 3, NULL, NULL, NULL),
('ew2117', 34, 2, NULL, 65, NULL, NULL, 29, 27, NULL, NULL, NULL),
('ew2118', 34, 2, NULL, 65, NULL, NULL, 763, 29, NULL, NULL, NULL),
('ew2119', 34, 2, NULL, 65, NULL, NULL, 862, 2, NULL, NULL, NULL),
('ew2120', 34, 2, NULL, 172, NULL, NULL, 862, 7, NULL, NULL, NULL),
('ew2121', 34, 2, NULL, 172, NULL, NULL, 662, 7, NULL, NULL, NULL),
('ew2122', 34, 2, NULL, 173, NULL, NULL, 662, 3, NULL, NULL, NULL),
('ew2123', 34, 2, NULL, 173, NULL, NULL, 29, 3, NULL, NULL, NULL),
('ew2124', 34, 2, NULL, 173, NULL, NULL, 863, 7, NULL, NULL, NULL),
('ew2125', 34, 2, 133, 89, 1, NULL, 47, 20, 5, NULL, NULL),
('ew2126', 34, 2, 133, 130, 1, 12, 47, 21, 5, 1, '$38 '),
('ew2127', 34, 2, 134, 130, 43, 12, 29, 22, 5, 1, '$38 '),
('ew2128', 34, 2, 118, 130, 36, 14, 47, 22, 5, NULL, '$28 '),
('ew2129', 34, 2, 118, 21, 1, 3, 864, 20, 5, 1, '$88 '),
('ew2130', 34, 3, 135, 21, 1, 14, 816, 2, 10, 1, '$88 '),
('ew2131', 34, 2, 136, 104, 1, 14, 865, 16, 27, 1, '$58 '),
('ew2132', 34, 2, 136, 104, 1, 14, 865, 7, 27, NULL, '$62 '),
('ew2133', 34, 2, 136, 104, 1, 14, 865, 3, 27, 2, '$62 '),
('ew2134', 34, 2, 59, 104, 1, 14, 489, 16, 69, 1, '$62 '),
('ew2135', 34, 2, 59, 104, 1, 1, 489, 2, 69, 1, '$30 '),
('ew2136', 34, 2, 111, 104, 1, 1, 330, 2, 15, 1, '$30 '),
('ew2137', 34, 2, 111, 104, 1, 14, 330, 7, 15, 2, '$72 '),
('ew2138', 34, 2, 111, 104, 1, 14, 330, 7, 15, 3, '$72 '),
('ew2139', 34, 2, 111, 104, 1, 14, 330, 3, 15, NULL, '$72 '),
('ew2140', 34, 2, 137, 104, 1, 14, 96, 7, 27, NULL, '$72 '),
('ew2141', 34, 2, 121, 104, 1, 14, 866, 7, 10, 1, '$48 '),
('ew2142', 34, 2, 138, 104, 1, 14, 96, 7, 27, 1, '$58 '),
('ew2143', 34, 2, 138, 104, 1, 14, 96, 3, 27, 1, '$48 '),
('ew2144', 34, 2, 138, 104, 1, 14, 866, 3, 10, 2, '$48 '),
('ew2145', 34, 2, NULL, 104, NULL, 14, 29, 3, NULL, 1, '$58 '),
('ew2146', 34, 2, 139, 174, 1, NULL, 29, 17, 5, NULL, NULL),
('ew2147', 34, 2, 139, 21, 1, 1, 29, 3, 5, 1, '$85 '),
('ew2148', 34, 2, 140, 21, 44, 1, 867, 20, 5, 2, '$85 '),
('ew2149', 34, 2, 8, 21, 45, 3, 49, 24, 9, 1, '$72 '),
('ew2150', 34, 2, 8, 21, 1, 11, 49, 20, 9, NULL, '$78 '),
('ew2151', 34, 2, 8, 21, 45, 11, 49, 6, 9, 1, '$78 '),
('ew2152', 34, 2, 8, 21, 45, 11, 49, 27, 9, NULL, '$78 '),
('ew2153', 34, 2, 8, 21, 45, 11, 49, 27, 9, NULL, '$78 '),
('ew2154', 34, 2, 8, 21, 45, 11, 49, 7, 9, NULL, '$78 '),
('ew2155', 34, 2, 8, 21, 45, 11, 49, 3, 9, NULL, '$78 '),
('ew2156', 34, 2, 8, 21, 45, 11, 49, 10, 9, 1, '$78 '),
('ew2157', 34, 2, 8, 21, 37, 11, 29, 17, 5, NULL, '$78 '),
('ew2158', 34, 2, 8, 21, 37, 1, 29, 2, 5, NULL, '$82 '),
('ew2159', 34, 2, 8, 21, 37, 1, 29, 7, 5, NULL, '$82 '),
('ew2160', 34, 2, 8, 21, 37, 1, 29, 3, 5, NULL, '$82 '),
('ew2161', 34, 2, 8, 21, 37, 1, 29, 3, 5, NULL, '$82 '),
('ew2162', 34, 2, 8, 21, 37, 1, 146, 3, 5, NULL, '$82 '),
('ew2163', 34, 2, 8, 21, 37, 1, 54, 2, 5, NULL, '$82 '),
('ew2164', 34, 2, 8, 21, 37, 1, 54, 2, 5, NULL, '$82 '),
('ew2165', 34, 2, 8, 21, 37, 1, 54, 7, 5, NULL, '$82 '),
('ew2166', 34, 2, 8, 21, 37, 1, 54, 7, 5, 2, '$82 '),
('ew2167', 34, 2, 8, 21, 37, 1, 54, 3, 5, NULL, '$82 '),
('ew2168', 34, 2, 26, 21, 46, 1, 868, 21, 5, NULL, '$82 '),
('ew2169', 34, 2, 26, 21, 46, 14, 868, 2, 5, 1, '$28 '),
('ew2170', 34, 2, 26, 21, 46, 14, 868, 7, 5, NULL, '$32 '),
('ew2171', 34, 2, 26, 21, 47, 14, 272, 2, 5, 1, '$32 '),
('ew2172', 34, 2, 26, 21, 1, 14, 869, 29, 5, 1, '$32 '),
('ew2173', 34, 2, 26, 21, 1, 12, 29, 20, 5, 1, '$24 '),
('ew2174', 34, 2, 26, 21, 1, 12, 29, 22, 5, 1, '$29 '),
('ew2175', 34, 2, 26, 21, 1, 12, 29, 22, 5, 1, '$29 '),
('ew2176', 34, 2, 141, 21, 48, 14, 29, 7, 5, 1, '$28 '),
('ew2177', 34, 2, 15, 21, 37, 3, 47, 21, 5, 1, '$72 '),
('ew2178', 34, 2, 15, 21, 37, 1, 47, 27, 5, NULL, '$82 '),
('ew2179', 34, 2, NULL, 21, NULL, 1, 272, 10, NULL, NULL, '$82 '),
('ew2180', 34, 2, NULL, 175, NULL, NULL, 54, 23, NULL, NULL, NULL),
('ew2181', 34, 2, NULL, 105, NULL, NULL, 29, 7, NULL, NULL, NULL),
('ew2182', 34, 2, 142, 176, 1, NULL, 96, 17, 4, NULL, NULL),
('ew2183', 34, 2, 142, 2, 1, 12, 96, 2, 4, 1, '$48 '),
('ew2184', 34, 2, 142, 2, 1, 12, 96, 7, 4, 1, '$48 '),
('ew2185', 34, 2, 142, 2, 1, 12, 96, 3, 4, 1, '$48 '),
('ew2186', 34, 2, 142, 2, 1, 12, 96, 10, 4, 1, '$48 '),
('ew2187', 34, 2, 143, 2, 1, 12, 870, 7, 27, 1, '$48 '),
('ew2188', 34, 2, 143, 2, 1, 12, 870, 3, 27, 1, '$48 '),
('ew2189', 34, 2, 143, 2, 1, 12, 871, 7, 27, 1, '$48 '),
('ew2190', 34, 2, 144, 2, 1, 12, 764, 17, 5, 1, '$48 '),
('ew2191', 34, 2, 144, 3, 1, 3, 764, 2, 5, 1, '$62 '),
('ew2192', 34, 2, 144, 3, 1, 3, 764, 7, 5, NULL, '$62 '),
('ew2193', 34, 2, 144, 3, 1, 3, 764, 7, 5, 2, '$62 '),
('ew2194', 34, 2, 144, 3, 1, 3, 764, 3, 5, NULL, '$62 '),
('ew2195', 34, 2, 145, 3, 49, 3, 54, 2, 5, 1, '$62 '),
('ew2196', 34, 2, 145, 3, 49, 12, 54, 7, 5, 1, '$42 '),
('ew2197', 34, 2, 145, 3, 49, 12, 54, 3, 5, 1, '$42 '),
('ew2198', 34, 2, 146, 3, 40, 12, 868, 2, 5, 1, '$42 '),
('ew2199', 34, 2, 146, 4, 40, 1, 868, 7, 5, 1, '$98 '),
('ew2200', 34, 2, 146, 4, 40, 1, 868, 3, 5, 1, '$98 '),
('ew2201', 34, 2, 146, 4, 40, 1, 29, 7, 5, 1, '$98 '),
('ew2202', 34, 2, 6, 4, 1, 1, 867, 17, 5, 1, '$98 '),
('ew2203', 34, 2, 6, 4, 1, 1, 867, 2, 5, 1, '$68 '),
('ew2204', 34, 2, 6, 4, 1, 1, 867, 7, 5, 1, '$68 '),
('ew2205', 34, 2, 6, 4, 1, 1, 867, 3, 5, 1, '$68 '),
('ew2206', 34, 2, 147, 4, 50, 1, 867, 17, 5, 1, '$68 '),
('ew2207', 34, 2, 147, 4, 50, 1, 867, 2, 5, 1, '$88 '),
('ew2208', 34, 2, 147, 4, 50, 1, 867, 7, 5, 1, '$88 '),
('ew2209', 34, 2, 147, 4, 50, 1, 867, 3, 5, 1, '$88 '),
('ew2210', 34, 2, 6, 4, 1, 1, 29, 24, 5, 1, '$88 '),
('ew2211', 34, 2, 6, 4, 1, 1, 29, 21, 5, NULL, '$68 '),
('ew2212', 34, 2, 6, 4, 1, 1, 29, 17, 5, 1, '$68 '),
('ew2213', 34, 2, 6, 4, 1, 1, 29, 2, 5, NULL, '$68 '),
('ew2214', 34, 2, 6, 4, 1, 1, 29, 22, 5, NULL, '$68 '),
('ew2215', 34, 2, 147, 4, 50, 1, 29, 3, 5, 1, '$68 '),
('ew2216', 34, 2, 147, 4, 50, 1, 29, 3, 5, 1, '$88 '),
('ew2217', 34, 2, 6, 4, 1, 1, 29, 7, 14, 1, '$88 '),
('ew2218', 34, 2, 6, 4, 1, 1, 29, 22, 14, 2, '$68 '),
('ew2219', 34, 2, 6, 4, 51, 1, 872, 22, 15, 1, '$68 '),
('ew2220', 34, 2, 6, 4, 52, 1, 224, 17, 5, 1, '$110 '),
('ew2221', 34, 2, 6, 4, 52, 1, 224, 7, 5, 1, '$88 '),
('ew2222', 34, 2, 6, 4, 52, 1, 224, 3, 5, 1, '$88 '),
('ew2223', 34, 2, 148, 4, 1, 1, 29, 3, 5, 1, '$88 '),
('ew2224', 34, 2, 148, 4, 1, 1, 29, 2, 5, 1, '$76 '),
('ew2225', 34, 2, 148, 4, 1, 1, 29, 16, 5, 1, '$76 '),
('ew2226', 34, 2, 149, 4, 1, 1, 821, 2, 15, 1, '$76 '),
('ew2227', 34, 2, 149, 54, 1, 1, 821, 3, 15, 2, '$72 '),
('ew2228', 34, 2, 149, 54, 1, 1, 821, 10, 15, 1, '$72 '),
('ew2229', 34, 2, 149, 54, 1, 1, 821, 17, 15, 1, '$72 '),
('ew2230', 34, 2, NULL, 54, NULL, 1, 873, 2, NULL, 1, '$72 '),
('ew2231', 34, 2, NULL, 177, NULL, NULL, 873, 2, NULL, NULL, NULL),
('ew2232', 34, 2, NULL, 177, NULL, NULL, 873, 3, NULL, NULL, NULL),
('ew2233', 34, 2, NULL, 177, NULL, NULL, 873, 10, NULL, NULL, NULL),
('ew2234', 34, 2, 150, 177, 1, NULL, 407, 17, 15, NULL, NULL),
('ew2235', 34, 2, 150, 5, 1, 12, 407, 2, 15, NULL, '$48 '),
('ew2236', 34, 2, 150, 5, 1, 12, 407, 7, 15, NULL, '$48 '),
('ew2237', 34, 2, 151, 5, 53, 12, 874, 2, 15, 1, '$48 '),
('ew2238', 34, 2, 151, 5, 53, 1, 874, 7, 15, 1, '$78 '),
('ew2239', 34, 2, 152, 5, NULL, 1, 29, 7, 5, 1, '$78 '),
('ew2240', 34, 2, 152, 5, NULL, 12, 29, 3, 5, 1, '$42 '),
('ew2241', 34, 2, 152, 5, 1, 12, 146, 17, 5, 1, '$42 '),
('ew2242', 34, 2, 152, 5, 1, 12, 146, 2, 5, 1, '$42 '),
('ew2243', 34, 2, 152, 5, 1, 12, 146, 7, 5, 1, '$42 '),
('ew2244', 34, 2, 152, 5, 1, 12, 146, 3, 5, 1, '$42 '),
('ew2245', 34, 2, 152, 5, 1, 12, 224, 17, 5, 1, '$42 '),
('ew2246', 34, 2, 152, 5, 1, 12, 224, 7, 5, 1, NULL),
('ew2247', 34, 2, 152, 5, 1, 12, 224, 3, 5, 1, '$42 '),
('ew2248', 34, 2, 152, 5, 1, 12, 272, 3, 5, NULL, '$42 '),
('ew2249', 34, 3, 152, 5, 1, 12, 272, 17, 5, 1, '$42 '),
('ew2250', 34, 3, 153, 5, 1, 12, 775, 17, 15, 1, '$42 '),
('ew2251', 34, 2, 153, 5, 1, 12, 775, 2, 15, 1, '$48 '),
('ew2252', 34, 2, 153, 5, 1, 12, 775, 7, 15, NULL, '$48 '),
('ew2253', 34, 2, 153, 5, 1, 12, 174, 7, 15, 1, '$48 '),
('ew2254', 34, 2, 87, 5, 1, 12, 875, 17, 27, 1, '$48 '),
('ew2255', 34, 2, 87, 5, 1, 12, 875, 2, 27, 1, '$48 '),
('ew2256', 34, 2, 87, 5, 1, 12, 875, 7, 27, 1, '$48 '),
('ew2257', 34, 2, 87, 5, 1, 12, 875, 3, 27, 1, '$48 '),
('ew2258', 34, 2, 154, 5, 1, 12, 54, 7, 5, 1, '$48 '),
('ew2259', 34, 2, 155, 5, 1, 12, 85, 2, 15, 1, '$52 '),
('ew2260', 34, 2, 156, 5, 1, 12, 13, 2, 15, NULL, '$48 '),
('ew2261', 34, 2, NULL, 5, NULL, 12, 574, 17, NULL, NULL, '$48 '),
('ew2262', 34, 2, NULL, 178, NULL, NULL, 876, 2, NULL, NULL, NULL),
('ew2263', 34, 2, NULL, 178, NULL, NULL, 29, 21, NULL, NULL, NULL),
('ew2264', 34, 3, NULL, 7, NULL, NULL, 29, 27, NULL, NULL, NULL),
('ew2265', 34, 3, NULL, 7, NULL, NULL, 29, 22, NULL, NULL, NULL),
('ew2266', 34, 3, NULL, 7, NULL, NULL, 29, 22, NULL, NULL, NULL),
('ew2267', 34, 3, NULL, 7, NULL, NULL, 877, 22, NULL, NULL, NULL),
('ew2268', 34, 3, NULL, 7, NULL, NULL, 114, 20, NULL, NULL, NULL),
('ew2269', 34, 3, NULL, 179, NULL, NULL, 878, 39, NULL, NULL, NULL),
('ew2270', 34, 3, NULL, 168, NULL, NULL, 878, 26, NULL, NULL, NULL),
('ew2271', 34, 3, NULL, 168, NULL, NULL, 224, 29, NULL, NULL, NULL),
('ew2272', 34, 3, NULL, 180, NULL, NULL, 2, 29, NULL, NULL, NULL),
('ew2273', 34, 3, NULL, 118, NULL, NULL, 29, 22, NULL, NULL, NULL),
('ew2274', 34, 3, NULL, 181, NULL, NULL, 272, 17, NULL, NULL, NULL),
('ew2275', 34, 3, NULL, 79, NULL, NULL, 272, 2, NULL, NULL, NULL),
('ew2276', 34, 3, NULL, 79, NULL, NULL, 272, 7, NULL, NULL, NULL),
('ew2277', 34, 3, NULL, 79, NULL, NULL, 272, 3, NULL, NULL, NULL),
('ew2278', 34, 3, 87, 79, 1, NULL, 868, 21, 5, NULL, NULL),
('ew2279', 34, 3, 87, 130, 1, 12, 868, 29, 5, 1, '$38 '),
('ew2280', 34, 3, 87, 130, 1, 12, 868, 40, 5, 1, '$38 '),
('ew2281', 34, 3, 87, 130, 1, 12, 868, 20, 5, 1, '$38 '),
('ew2282', 34, 3, 87, 130, NULL, 12, 868, 22, NULL, 1, '$38 '),
('ew2283', 34, 3, 87, 130, 1, NULL, 146, 29, 5, NULL, NULL),
('ew2284', 34, 3, 87, 130, NULL, 12, 146, 20, NULL, 1, '$38 '),
('ew2285', 34, 3, 87, 130, NULL, NULL, 146, 21, NULL, NULL, NULL),
('ew2286', 34, 3, 87, 130, 1, NULL, 407, 21, 15, NULL, NULL),
('ew2287', 34, 3, 87, 130, 1, 12, 407, 29, 15, 1, '$38 '),
('ew2288', 34, 3, 87, 130, 1, 12, 407, 29, 15, 1, '$38 '),
('ew2289', 34, 3, NULL, 130, NULL, 12, 879, 20, NULL, 1, '$38 '),
('ew2290', 34, 3, NULL, 130, NULL, NULL, 879, 39, NULL, NULL, NULL),
('ew2291', 34, 3, NULL, 130, NULL, NULL, 879, 27, NULL, NULL, NULL),
('ew2292', 34, 3, NULL, 130, NULL, NULL, 879, 22, NULL, NULL, NULL),
('ew2293', 34, 3, NULL, 130, NULL, NULL, 864, 20, NULL, NULL, NULL),
('ew2294', 34, 3, NULL, 182, NULL, NULL, 29, 17, NULL, NULL, NULL),
('ew2295', 34, 3, NULL, 183, NULL, NULL, 880, 29, NULL, NULL, NULL),
('ew2296', 34, 3, 157, 183, 1, NULL, 29, 22, 5, NULL, NULL),
('ew2297', 34, 3, 158, 21, 36, 1, 114, 21, 5, 1, '$68 '),
('ew2298', 34, 3, 46, 21, 1, 3, 881, 20, 65, 1, '$79 '),
('ew2299', 34, 3, 46, 184, 1, 3, 881, 29, 65, 1, NULL),
('ew2300', 34, 3, NULL, 184, NULL, 3, 29, 22, NULL, 1, NULL),
('ew2301', 34, 3, 159, 185, 52, NULL, 882, 22, NULL, NULL, NULL),
('ew2302', 34, 3, NULL, 4, NULL, 1, 29, 22, NULL, 1, '$110 '),
('ew2303', 34, 3, NULL, 186, NULL, NULL, 883, 2, NULL, NULL, NULL),
('ew2304', 34, 3, NULL, 186, NULL, NULL, 213, 27, NULL, NULL, NULL),
('ew2305', 34, NULL, NULL, 187, NULL, NULL, 662, 2, NULL, NULL, NULL),
('ew2306', 35, 2, NULL, 188, NULL, NULL, 884, 21, NULL, NULL, NULL),
('ew2307', 36, 1, NULL, 75, NULL, NULL, 884, 22, NULL, NULL, NULL),
('ew2308', 36, 1, NULL, 75, NULL, NULL, 884, 22, NULL, NULL, NULL),
('ew2309', 36, 1, NULL, 75, NULL, NULL, 352, 17, NULL, NULL, NULL),
('ew2310', 36, 1, 111, 189, 1, NULL, 885, 3, 69, NULL, NULL),
('ew2311', 36, 1, 160, 104, 1, 1, 352, 2, 5, 1, '$129 '),
('ew2312', 36, 1, 160, 21, 1, 1, 352, 17, 5, 2, '$99 '),
('ew2313', 36, 1, 161, 21, 55, 1, 29, 17, 5, 1, '$99 '),
('ew2314', 36, 1, 161, 21, 55, 1, 29, 2, 5, 1, '$99 '),
('ew2315', 36, 1, 1, 21, 1, 1, 886, 2, 2, 1, '$99 '),
('ew2316', 36, 1, 1, 2, 1, 1, 886, 7, 2, NULL, '$89 '),
('ew2317', 36, 1, 1, 2, 1, 1, 886, 7, 2, 1, '$89 '),
('ew2318', 36, 1, 1, 2, 1, 1, 886, 3, 2, 2, '$89 '),
('ew2319', 36, 1, 1, 2, 1, 1, 886, 10, 2, NULL, '$89 '),
('ew2320', 36, 1, 1, 2, 1, 1, 176, 3, 5, 1, '$89 '),
('ew2321', 36, 1, 1, 2, 1, 1, 887, 21, 2, 1, '$89 '),
('ew2322', 36, 1, 1, 2, 1, 1, 887, 2, 2, 2, '$85 '),
('ew2323', 36, 1, 1, 2, 1, 1, 887, 3, 2, 2, '$85 '),
('ew2324', 36, 1, 1, 2, 1, 1, 888, 3, 2, 2, '$85 '),
('ew2325', 36, 1, 1, 2, NULL, 1, 889, 24, NULL, 1, '$89 '),
('ew2326', 36, 1, 1, 2, NULL, NULL, 889, 10, NULL, NULL, NULL),
('ew2327', 36, 1, 1, 2, 1, NULL, 890, 2, 70, NULL, NULL),
('ew2328', 36, 1, 1, 190, 1, 1, 890, 4, 70, 1, '$89 '),
('ew2329', 36, 1, 105, 190, 56, 1, 891, 17, 5, 1, '$89 '),
('ew2330', 36, 1, 105, 3, 56, 1, 891, 3, 5, 1, '$89 '),
('ew2331', 36, 1, 105, 3, 56, 1, 616, 17, 5, 1, '$89 '),
('ew2332', 36, 1, 105, 3, 56, 1, 616, 17, 5, NULL, '$89 '),
('ew2333', 36, 1, 105, 3, 56, 1, 616, 17, 5, NULL, '$89 '),
('ew2334', 36, 1, 105, 3, 56, 1, 616, 2, 5, NULL, '$89 '),
('ew2335', 36, 1, 105, 3, 56, 1, 616, 2, 5, 2, '$89 '),
('ew2336', 36, 1, 105, 3, 56, 1, 616, 3, 5, NULL, '$89 '),
('ew2337', 36, 1, 105, 3, 56, 1, 616, 3, 5, 1, '$89 '),
('ew2338', 36, 1, 2, 3, 1, 1, 29, 20, 5, NULL, '$89 '),
('ew2339', 36, 1, 2, 3, 1, 1, 29, 21, 5, 1, '$99 '),
('ew2340', 36, 1, 2, 3, 1, 1, 29, 17, 5, 1, '$99 '),
('ew2341', 36, 1, 2, 3, 1, 1, 29, 2, 5, 1, '$99 '),
('ew2342', 36, 1, 2, 3, 1, 1, 29, 7, 5, 1, '$99 '),
('ew2343', 36, 1, 2, 3, 1, 1, 29, 3, 5, 1, '$99 '),
('ew2344', 36, 1, 162, 3, 8, 1, 892, 2, 23, 2, '$99 '),
('ew2345', 36, 1, 162, 3, 8, 1, 892, 3, 23, 2, '$99 '),
('ew2346', 36, 1, 162, 3, 8, 1, 13, 2, 23, 2, '$99 '),
('ew2347', 36, 1, NULL, 3, NULL, 1, 893, 21, NULL, 2, '$99 '),
('ew2348', 36, 1, NULL, 3, NULL, NULL, 892, 2, NULL, NULL, NULL),
('ew2349', 36, 1, NULL, 82, NULL, NULL, 892, 2, NULL, NULL, NULL),
('ew2350', 36, 1, NULL, 82, NULL, NULL, 892, 3, NULL, NULL, NULL),
('ew2351', 36, 1, NULL, 82, NULL, NULL, 892, 3, NULL, NULL, NULL),
('ew2352', 36, 1, NULL, 82, NULL, NULL, 892, 24, NULL, NULL, NULL),
('ew2353', 36, 1, 162, 191, 8, NULL, 892, 10, 23, NULL, NULL),
('ew2354', 36, 1, 163, 3, 1, 1, 137, 17, 5, 1, '$99 '),
('ew2355', 36, 1, 164, 4, 1, 1, 13, 3, 23, 1, '$99 '),
('ew2356', 36, 1, NULL, 54, NULL, 1, 894, 17, NULL, 1, '$119 '),
('ew2357', 36, 1, NULL, 192, NULL, NULL, 894, 2, NULL, NULL, NULL),
('ew2358', 36, 1, NULL, 192, NULL, NULL, 894, 3, NULL, NULL, NULL),
('ew2359', 36, 1, NULL, 192, NULL, NULL, 895, 17, NULL, NULL, NULL),
('ew2360', 36, 1, NULL, 178, NULL, NULL, 895, 17, NULL, NULL, NULL),
('ew2361', 36, 1, NULL, 178, NULL, NULL, 895, 3, NULL, NULL, NULL),
('ew2362', 36, 1, NULL, 178, NULL, NULL, 13, 21, NULL, NULL, NULL),
('ew2363', 36, 1, NULL, 178, NULL, NULL, 13, 17, NULL, NULL, NULL),
('ew2364', 36, 1, NULL, 178, NULL, NULL, 13, 3, NULL, NULL, NULL),
('ew2365', 36, 1, NULL, 178, NULL, NULL, 896, 17, NULL, NULL, NULL),
('ew2366', 36, 2, NULL, 83, NULL, NULL, 896, 2, NULL, NULL, NULL),
('ew2367', 36, 2, NULL, 83, NULL, NULL, 896, 3, NULL, NULL, NULL),
('ew2368', 36, 2, 127, 83, 1, NULL, 897, 20, 71, NULL, NULL),
('ew2369', 36, 2, 127, 7, 1, 1, 897, 21, 71, 1, '$179 '),
('ew2370', 36, 2, 127, 7, 1, 1, 897, 16, 71, 1, '$179 '),
('ew2371', 36, 2, 127, 7, 1, 1, 897, 22, 71, 1, '$179 '),
('ew2372', 36, 2, NULL, 7, NULL, 1, 898, 20, NULL, 1, '$179 '),
('ew2373', 36, 2, NULL, 7, NULL, NULL, 898, 21, NULL, NULL, NULL),
('ew2374', 36, 2, NULL, 7, NULL, NULL, 898, 16, NULL, NULL, NULL),
('ew2375', 36, 2, NULL, 7, NULL, NULL, 898, 2, NULL, NULL, NULL),
('ew2376', 36, 2, NULL, 7, NULL, NULL, 898, 3, NULL, NULL, NULL),
('ew2377', 36, 2, NULL, 7, NULL, NULL, 137, 2, NULL, NULL, NULL),
('ew2378', 36, 2, NULL, 7, NULL, NULL, 137, 3, NULL, NULL, NULL),
('ew2379', 36, 2, NULL, 7, NULL, NULL, 899, 21, NULL, NULL, NULL),
('ew2380', 36, 2, NULL, 7, NULL, NULL, 900, 2, NULL, NULL, NULL),
('ew2381', 36, 2, NULL, 7, NULL, NULL, 900, 2, NULL, NULL, NULL),
('ew2382', 36, 2, NULL, 7, NULL, NULL, 901, 24, NULL, NULL, NULL),
('ew2383', 36, 2, NULL, 7, NULL, NULL, 244, 21, NULL, NULL, NULL),
('ew2384', 36, 2, NULL, 7, NULL, NULL, 244, 21, NULL, NULL, NULL),
('ew2385', 36, 2, NULL, 7, NULL, NULL, 902, 17, NULL, NULL, NULL),
('ew2386', 36, 2, NULL, 7, NULL, NULL, 902, 2, NULL, NULL, NULL),
('ew2387', 36, 2, NULL, 7, NULL, NULL, 29, 16, NULL, NULL, NULL),
('ew2388', 36, 2, NULL, 193, NULL, NULL, 903, 9, NULL, NULL, NULL),
('ew2389', 36, 2, NULL, 193, NULL, NULL, 898, 21, NULL, NULL, NULL),
('ew2390', 36, 2, NULL, 35, NULL, NULL, 898, 17, NULL, NULL, NULL),
('ew2391', 36, 2, NULL, 35, NULL, NULL, 272, 15, NULL, NULL, NULL),
('ew2392', 36, 2, NULL, 35, NULL, NULL, 272, 12, NULL, NULL, NULL),
('ew2393', 36, 2, NULL, 35, NULL, NULL, 29, 2, NULL, NULL, NULL),
('ew2394', 36, 2, 165, 194, 1, NULL, 904, 2, 72, NULL, NULL),
('ew2395', 36, 2, 165, 42, 1, 1, 904, 7, 72, NULL, '$149 '),
('ew2396', 36, 2, 165, 42, 1, 1, 904, 3, 72, 1, '$149 '),
('ew2397', 36, 2, 165, 42, 1, 1, 239, 7, 73, 1, '$149 '),
('ew2398', 36, 2, 165, 42, 1, 1, 239, 3, 73, 1, '$149 '),
('ew2399', 36, 2, 165, 42, 1, 1, 239, 10, 73, 1, '$149 '),
('ew2400', 36, 2, 166, 42, 1, 1, 816, 7, 74, 1, '$149 '),
('ew2401', 36, 2, 167, 42, 57, 1, 29, 3, 15, 1, '$99 '),
('ew2402', 36, 2, 168, 42, 28, 1, 13, 2, 23, 1, '$89 '),
('ew2403', 36, 2, 168, 42, 28, 1, 13, 7, 23, 2, '$89 '),
('ew2404', 36, 2, 168, 42, 28, 1, 13, 3, 23, 2, '$89 '),
('ew2405', 36, 2, NULL, 42, NULL, NULL, 905, 2, NULL, NULL, NULL),
('ew2406', 36, 2, NULL, 42, NULL, NULL, 905, 2, NULL, NULL, NULL),
('ew2407', 36, 2, NULL, 42, NULL, NULL, 906, 17, NULL, NULL, NULL),
('ew2408', 36, 2, NULL, 42, NULL, NULL, 906, 2, NULL, NULL, NULL),
('ew2409', 36, 2, NULL, 42, NULL, NULL, 906, 7, NULL, NULL, NULL),
('ew2410', 36, 2, NULL, 42, NULL, NULL, 907, 17, NULL, NULL, NULL),
('ew2411', 36, 2, NULL, 42, NULL, NULL, 908, 7, NULL, NULL, NULL),
('ew2412', 36, 2, NULL, 42, NULL, NULL, 29, 17, NULL, NULL, NULL),
('ew2413', 36, 2, NULL, 42, NULL, NULL, 29, 2, NULL, NULL, NULL),
('ew2414', 36, 2, NULL, 42, NULL, NULL, 29, 7, NULL, NULL, NULL),
('ew2415', 36, 2, NULL, 42, NULL, NULL, 29, 3, NULL, NULL, NULL),
('ew2416', 36, 2, NULL, 42, NULL, NULL, 29, 3, NULL, NULL, NULL),
('ew2417', 36, 2, NULL, 42, NULL, NULL, 909, 2, NULL, NULL, NULL),
('ew2418', 36, 2, NULL, 42, NULL, NULL, 909, 2, NULL, NULL, NULL),
('ew2419', 36, 2, NULL, 42, NULL, NULL, 910, 17, NULL, NULL, NULL),
('ew2420', 36, 2, NULL, 42, NULL, NULL, 910, 2, NULL, NULL, NULL),
('ew2421', 36, 2, NULL, 42, NULL, NULL, 910, 7, NULL, NULL, NULL),
('ew2422', 36, 2, NULL, 42, NULL, NULL, 54, 7, NULL, NULL, NULL),
('ew2423', 36, 2, NULL, 42, NULL, NULL, 911, 17, NULL, NULL, NULL),
('ew2424', 36, 2, NULL, 42, NULL, NULL, 254, 2, NULL, NULL, NULL),
('ew2425', 36, 2, NULL, 195, NULL, NULL, 912, 2, NULL, NULL, NULL),
('ew2426', 36, 2, NULL, 196, NULL, NULL, 912, 7, NULL, NULL, NULL),
('ew2427', 36, 2, NULL, 196, NULL, NULL, 868, 17, NULL, NULL, NULL),
('ew2428', 36, 2, NULL, 197, NULL, NULL, 913, 20, NULL, NULL, NULL),
('ew2429', 36, 2, NULL, 198, NULL, NULL, 914, 20, NULL, NULL, NULL),
('ew2430', 36, 2, NULL, 198, NULL, NULL, 13, 17, NULL, NULL, NULL),
('ew2431', 36, 2, NULL, 199, NULL, NULL, 13, 3, NULL, NULL, NULL),
('ew2432', 36, 2, NULL, 199, NULL, NULL, 13, 3, NULL, NULL, NULL),
('ew2433', 36, 2, NULL, 199, NULL, NULL, 915, 17, NULL, NULL, NULL),
('ew2434', 36, 2, NULL, 200, NULL, NULL, 915, 2, NULL, NULL, NULL),
('ew2435', 36, 2, NULL, 200, NULL, NULL, 915, 7, NULL, NULL, NULL),
('ew2436', 36, 2, NULL, 200, NULL, NULL, 916, 17, NULL, NULL, NULL),
('ew2437', 36, 2, NULL, 200, NULL, NULL, 916, 2, NULL, NULL, NULL),
('ew2438', 36, 2, NULL, 200, NULL, NULL, 916, 2, NULL, NULL, NULL),
('ew2439', 36, 2, NULL, 200, NULL, NULL, 916, 7, NULL, NULL, NULL),
('ew2440', 36, 2, NULL, 200, NULL, NULL, 916, 17, NULL, NULL, NULL),
('ew2441', 36, 2, NULL, 201, NULL, NULL, 916, 2, NULL, NULL, NULL),
('ew2442', 36, 2, NULL, 201, NULL, NULL, 916, 2, NULL, NULL, NULL),
('ew2443', 36, 2, NULL, 201, NULL, NULL, 916, 7, NULL, NULL, NULL),
('ew2444', 36, 2, NULL, 201, NULL, NULL, 916, 7, NULL, NULL, NULL),
('ew2445', 36, 2, NULL, 201, NULL, NULL, 916, 3, NULL, NULL, NULL),
('ew2446', 36, 2, NULL, 201, NULL, NULL, 47, 17, NULL, NULL, NULL),
('ew2447', 36, 2, NULL, 19, NULL, NULL, 146, 24, NULL, NULL, NULL),
('ew2448', 36, 2, NULL, 202, NULL, NULL, 917, 17, NULL, NULL, NULL),
('ew2449', 36, 2, NULL, 203, NULL, NULL, 917, 3, NULL, NULL, NULL),
('ew2450', 36, 2, NULL, 203, NULL, NULL, 918, 24, NULL, NULL, NULL),
('ew2451', 36, 2, NULL, 65, NULL, NULL, 919, 41, NULL, NULL, NULL),
('ew2452', 36, 2, NULL, 89, NULL, NULL, 920, 24, NULL, NULL, NULL),
('ew2453', 36, 2, NULL, 89, NULL, NULL, 920, 10, NULL, NULL, NULL),
('ew2454', 36, 2, 169, 89, 1, NULL, 326, 9, 2, NULL, NULL),
('ew2455', 36, 2, 169, 2, 1, 1, 326, 10, 2, 1, NULL),
('ew2456', 36, 2, 169, 2, 1, 1, 326, 17, 2, 1, NULL),
('ew2457', 36, 2, NULL, 2, NULL, 1, 802, 17, NULL, 1, NULL),
('ew2458', 36, 2, NULL, 113, NULL, NULL, 802, 2, NULL, NULL, NULL),
('ew2459', 36, 2, NULL, 113, NULL, NULL, 802, 4, NULL, NULL, NULL),
('ew2460', 36, 2, NULL, 113, NULL, NULL, 889, 17, NULL, NULL, NULL),
('ew2461', 36, 2, 169, 113, 1, NULL, 921, 24, 2, NULL, NULL),
('ew2462', 36, 1, NULL, 2, NULL, 1, 54, 3, NULL, 1, NULL),
('ew2463', 36, 2, 170, 113, NULL, NULL, 489, 21, 75, NULL, NULL),
('ew2464', 36, 2, 170, 144, NULL, 1, 489, 3, 75, 2, '$129 '),
('ew2465', 36, 2, 170, 144, 1, 1, 922, 3, 76, 2, '$129 '),
('ew2466', 36, 2, 170, 144, NULL, 1, 922, 2, 75, NULL, '$129 '),
('ew2467', 36, 2, 170, 144, NULL, 1, 922, 3, 75, NULL, '$129 '),
('ew2468', 36, 2, 171, 144, 1, 1, 922, 20, 77, 2, '$129 '),
('ew2469', 36, 2, 171, 144, 1, 1, 922, 21, 77, NULL, '$129 '),
('ew2470', 36, 2, 171, 144, 1, 1, 922, 17, 77, NULL, '$129 '),
('ew2471', 36, 2, 171, 144, 1, 1, 922, 2, 77, 1, '$129 '),
('ew2472', 36, 2, 171, 144, 1, 1, 922, 3, 77, NULL, '$129 '),
('ew2473', 36, 2, 171, 144, 1, 1, 922, 24, 78, 2, '$129 '),
('ew2474', 36, 2, 171, 144, 1, 1, 922, 17, 78, NULL, '$129 '),
('ew2475', 36, 2, 171, 144, 1, 1, 922, 2, 78, NULL, '$129 '),
('ew2476', 36, 2, 171, 144, 1, 1, 922, 3, 78, NULL, '$129 '),
('ew2477', 36, 2, 171, 144, 1, 1, 922, 3, 78, NULL, '$129 '),
('ew2478', 36, 2, 171, 144, 1, 1, 922, 10, 78, 1, '$129 '),
('ew2479', 36, 2, 172, 144, 1, 1, 922, 20, 76, NULL, '$129 '),
('ew2480', 36, 2, 173, 144, 1, 1, 885, 2, 27, 1, '$129 '),
('ew2481', 36, 2, 174, 144, 1, 1, 193, 2, 27, 1, '$129 '),
('ew2482', 36, 2, NULL, 144, NULL, 1, 907, 4, NULL, 1, '$129 '),
('ew2483', 36, 2, NULL, 204, NULL, NULL, 923, 16, NULL, NULL, NULL),
('ew2484', 36, 2, NULL, 205, NULL, NULL, 923, 17, NULL, NULL, NULL),
('ew2485', 36, 2, NULL, 205, NULL, NULL, 923, 2, NULL, NULL, NULL),
('ew2486', 36, 2, NULL, 205, NULL, NULL, 923, 3, NULL, NULL, NULL),
('ew2487', 36, 2, 120, 205, 1, NULL, 924, 17, 79, NULL, NULL),
('ew2488', 36, 2, NULL, 104, NULL, 1, 925, 3, NULL, 1, '$129 '),
('ew2489', 36, 2, NULL, 105, NULL, NULL, 926, 20, NULL, NULL, NULL),
('ew2490', 36, 2, NULL, 105, NULL, NULL, 926, 3, NULL, NULL, NULL),
('ew2491', 36, 2, NULL, 105, NULL, NULL, 926, 3, NULL, NULL, NULL),
('ew2492', 36, 2, NULL, 105, NULL, NULL, 925, 22, NULL, NULL, NULL),
('ew2493', 36, 2, NULL, 143, NULL, NULL, 925, 22, NULL, NULL, NULL),
('ew2494', 36, 2, NULL, 143, NULL, NULL, 927, 10, NULL, NULL, NULL),
('ew2495', 36, 2, NULL, 206, NULL, NULL, 29, 10, NULL, NULL, NULL),
('ew2496', 36, 2, NULL, 90, NULL, NULL, 272, 2, NULL, NULL, NULL),
('ew2497', 36, 2, NULL, 207, NULL, NULL, 272, 3, NULL, NULL, NULL),
('ew2498', 36, 2, NULL, 207, NULL, NULL, 239, 20, NULL, NULL, NULL),
('ew2499', 36, 2, NULL, 208, NULL, NULL, 239, 21, NULL, NULL, NULL),
('ew2500', 36, 2, NULL, 208, NULL, NULL, 239, 22, NULL, NULL, NULL),
('ew2501', 36, 2, NULL, 208, NULL, NULL, 146, 24, NULL, NULL, NULL),
('ew2502', 36, 2, NULL, 127, NULL, NULL, 146, 17, NULL, NULL, NULL),
('ew2503', 36, 2, NULL, 127, NULL, NULL, 146, 2, NULL, NULL, NULL),
('ew2504', 36, 2, NULL, 127, NULL, NULL, 146, 7, NULL, NULL, NULL),
('ew2505', 36, 2, NULL, 127, NULL, NULL, 146, 3, NULL, NULL, NULL),
('ew2506', 36, 2, NULL, 127, NULL, NULL, 49, 3, NULL, NULL, NULL),
('ew2507', 36, 2, 175, 209, 58, NULL, 224, 21, 5, NULL, NULL),
('ew2508', 36, 2, NULL, 4, NULL, 1, 865, 7, NULL, 1, '$149 '),
('ew2509', 36, 2, NULL, 210, NULL, NULL, 865, 3, NULL, NULL, NULL),
('ew2510', 36, 2, NULL, 210, NULL, NULL, 272, 16, NULL, NULL, NULL),
('ew2511', 36, 2, 44, 211, 1, NULL, 213, 21, 11, NULL, NULL),
('ew2512', 36, 2, 176, 2, 1, 12, 928, 3, 80, 1, '$64 '),
('ew2513', 36, 2, 74, 2, 1, 1, 847, 7, 5, 1, '$79 '),
('ew2514', 36, 2, 17, 2, 1, 1, 922, 17, 81, 1, '$89 '),
('ew2515', 36, 2, 177, 2, 1, 1, 238, 3, 82, 1, '$119 '),
('ew2516', 36, 2, 178, 2, 8, 1, 929, 24, 31, 2, '$89 '),
('ew2517', 36, 2, 178, 2, 8, 1, 929, 17, 31, 0, '$109 '),
('ew2518', 36, 2, 178, 2, 8, 1, 929, 17, 31, 0, '$109 '),
('ew2519', 36, 2, 178, 2, 8, 1, 929, 2, 31, 0, '$109 '),
('ew2520', 36, 2, 178, 2, 8, 1, 929, 7, 31, 2, '$109 '),
('ew2521', 36, 2, 178, 2, 8, 1, 929, 7, 31, 0, '$109 '),
('ew2522', 36, 2, 178, 2, 8, 1, 929, 3, 31, 1, '$109 '),
('ew2523', 36, 2, 178, 2, 8, 1, 929, 3, 31, 3, '$109 '),
('ew2524', 36, 2, 178, 2, 8, 1, 929, 3, 31, 0, '$109 '),
('ew2525', 36, 2, 178, 2, 8, 1, 930, 2, 31, 0, '$109 '),
('ew2526', 36, 2, 178, 2, 8, 1, 930, 2, 31, 2, '$109 '),
('ew2527', 36, 2, 178, 2, 8, 1, 930, 2, 31, 0, '$109 '),
('ew2528', 36, 2, 178, 2, 8, 1, 930, 2, 31, 0, '$109 '),
('ew2529', 36, 2, 178, 2, 8, 1, 930, 2, 31, 0, '$109 '),
('ew2530', 36, 2, 178, 2, 8, 1, 930, 7, 31, 0, '$109 '),
('ew2531', 36, 2, 178, 2, 8, 1, 930, 3, 31, 3, '$109 '),
('ew2532', 36, 2, 179, 2, 1, 1, 931, 21, 83, 3, '$109 '),
('ew2533', 36, 2, 84, 2, 1, 1, 29, 17, 84, 1, '$98 '),
('ew2534', 36, 2, 84, 2, 1, 1, 29, 2, 84, 1, '$89 '),
('ew2535', 36, 2, 84, 2, 1, 1, 29, 7, 84, 1, '$89 '),
('ew2536', 36, 2, 84, 2, 1, 1, 29, 3, 84, 2, '$89 '),
('ew2537', 36, 2, 84, 2, 1, 1, 54, 10, 85, 2, '$89 '),
('ew2538', 36, 2, 180, 2, 1, 1, 932, 7, 84, NULL, '$89 '),
('ew2539', 36, 2, 180, 2, 1, 1, 932, 7, 84, 1, '$89 '),
('ew2540', 36, 2, 181, 2, 59, 1, 933, 17, 86, NULL, '$89 '),
('ew2541', 36, 2, 181, 3, 59, 1, 933, 2, 86, 2, '$79 '),
('ew2542', 36, 2, 182, 3, 60, 1, 847, 17, 87, 2, '$79 '),
('ew2543', 36, 2, 182, 3, 60, 1, 847, 3, 87, 1, '$99 '),
('ew2544', 36, 2, 182, 3, 60, 1, 224, 2, 87, 1, '$99 '),
('ew2545', 36, 2, 182, 3, 60, 1, 224, 2, 87, 2, '$99 '),
('ew2546', 36, 2, 182, 3, 60, 1, 224, 2, 87, NULL, '$99 '),
('ew2547', 36, 2, 182, 3, 60, 1, 224, 3, 87, NULL, '$99 '),
('ew2548', 36, 2, 182, 3, 60, 1, 54, 2, 88, 1, '$99 '),
('ew2549', 36, 2, 183, 3, 1, 1, 96, 20, 89, 1, '$99 '),
('ew2550', 36, 2, 183, 3, 1, 1, 96, 21, 89, 1, '$99 '),
('ew2551', 36, 2, 183, 3, 1, 1, 96, 16, 89, 1, '$99 '),
('ew2552', 36, 2, 144, 3, 1, 1, 847, 17, 90, 1, '$99 '),
('ew2553', 36, 2, 144, 3, 1, 1, 847, 17, 90, NULL, '$99 '),
('ew2554', 36, 2, 144, 3, 1, 1, 847, 7, 90, NULL, '$99 '),
('ew2555', 36, 2, 144, 3, 1, 1, 847, 7, 90, 2, '$99 '),
('ew2556', 36, 2, 144, 3, 1, 1, 847, 3, 90, NULL, '$99 '),
('ew2557', 36, 2, 144, 3, 1, 1, 847, 3, 90, 1, '$99 '),
('ew2558', 36, 2, 184, 3, 1, 1, 29, 20, 5, NULL, '$99 '),
('ew2559', 36, 2, 184, 3, 1, 1, 29, 2, 5, 1, '$99 '),
('ew2560', 36, 2, 184, 3, 1, 1, 29, 7, 5, 1, '$99 '),
('ew2561', 36, 2, 46, 3, 61, 1, 934, 3, 27, 2, '$99 '),
('ew2562', 36, 2, NULL, 3, NULL, 1, 29, 3, NULL, 1, NULL),
('ew2563', 36, 2, NULL, 212, NULL, NULL, 49, 7, NULL, NULL, NULL),
('ew2564', 36, 2, NULL, 213, NULL, NULL, 935, 20, NULL, NULL, NULL),
('ew2565', 36, 2, NULL, 214, NULL, NULL, 935, 22, NULL, NULL, NULL),
('ew2566', 36, 2, NULL, 214, NULL, NULL, 239, 17, NULL, NULL, NULL),
('ew2567', 36, 2, NULL, 215, NULL, NULL, 239, 2, NULL, NULL, NULL),
('ew2568', 36, 2, NULL, 215, NULL, NULL, 239, 7, NULL, NULL, NULL),
('ew2569', 36, 2, NULL, 215, NULL, NULL, 239, 7, NULL, NULL, NULL),
('ew2570', 36, 2, NULL, 215, NULL, NULL, 49, 20, NULL, NULL, NULL),
('ew2571', 36, 2, NULL, 216, NULL, NULL, 49, 21, NULL, NULL, NULL),
('ew2572', 36, 2, 6, 216, 1, NULL, 300, 16, 27, NULL, NULL),
('ew2573', 36, 2, 6, 4, 1, 1, 300, 2, 27, 1, '$189 '),
('ew2574', 36, 2, 6, 4, 1, 1, 300, 3, 27, 1, '$189 '),
('ew2575', 36, 2, 185, 4, 62, NULL, 137, 21, 5, NULL, NULL),
('ew2576', 36, 2, 185, 4, 62, 1, 256, 20, 5, 1, '$99 '),
('ew2577', 36, 2, 185, 4, 62, 1, 256, 21, 5, 1, '$99 '),
('ew2578', 36, 2, 185, 4, 62, 1, 256, 16, 5, 1, '$99 '),
('ew2579', 36, 2, 185, 4, 62, 1, 256, 3, 5, 1, '$99 '),
('ew2580', 36, 2, 185, 4, 62, 1, 256, 10, 5, 1, '$99 '),
('ew2581', 36, 2, 185, 4, 62, 1, 847, 20, 5, 1, '$99 '),
('ew2582', 36, 2, 185, 4, 62, 1, 847, 21, 5, NULL, '$99 '),
('ew2583', 36, 2, 185, 4, 62, 1, 847, 16, 5, 2, '$99 '),
('ew2584', 36, 2, 185, 4, 62, 1, 847, 2, 5, 1, '$99 '),
('ew2585', 36, 2, 185, 4, 62, 1, 847, 22, 5, 1, '$99 '),
('ew2586', 36, 2, 185, 4, 62, 1, 847, 22, 5, NULL, '$99 '),
('ew2587', 36, 2, 185, 4, 62, 1, 936, 20, 5, NULL, '$99 '),
('ew2588', 36, 2, 185, 4, 62, 1, 936, 16, 5, 2, '$99 '),
('ew2589', 36, 2, 185, 4, 62, 1, 936, 17, 5, 1, '$99 '),
('ew2590', 36, 2, 185, 4, 62, 1, 936, 2, 5, 1, '$99 '),
('ew2591', 36, 2, 185, 4, 62, 1, 936, 3, 5, 1, '$99 '),
('ew2592', 36, 2, 185, 4, 62, 1, 29, 16, 5, 1, '$99 '),
('ew2593', 36, 2, 185, 4, 62, 1, 29, 17, 5, NULL, '$99 '),
('ew2594', 36, 2, 185, 4, 62, 1, 29, 17, 5, NULL, '$99 '),
('ew2595', 36, 2, 185, 4, 62, 1, 29, 3, 5, 1, '$99 '),
('ew2596', 36, 2, 185, 4, 62, 1, 937, 3, 5, NULL, '$99 '),
('ew2597', 36, 2, 185, 4, 62, 1, 224, 16, 5, 1, '$99 '),
('ew2598', 36, 2, 186, 4, 63, 1, 137, 17, 5, NULL, '$99 '),
('ew2599', 36, 2, 187, 4, 63, 1, 49, 16, 5, 1, '$99 '),
('ew2600', 36, 2, 188, 4, 64, 1, 426, 20, 91, 1, '$99 '),
('ew2601', 36, 2, 188, 4, 64, 1, 426, 16, 91, 1, '$139 '),
('ew2602', 36, 2, 188, 4, 64, 1, 426, 17, 91, 1, '$139 '),
('ew2603', 36, 2, 188, 4, 64, 1, 426, 2, 91, 2, '$139 '),
('ew2604', 36, 2, 188, 4, NULL, 1, 426, 22, 91, 1, '$139 '),
('ew2605', 36, 2, 188, 4, NULL, 1, 913, 22, 91, NULL, '$139 '),
('ew2606', 36, 2, 188, 4, 65, 1, 272, 2, 91, NULL, '$139 '),
('ew2607', 36, 2, 188, 4, 65, 1, 272, 3, 91, 2, '$139 '),
('ew2608', 36, 2, 188, 4, 64, 1, 847, 20, 91, 2, '$139 '),
('ew2609', 36, 2, 188, 4, 64, 1, 847, 16, 91, 2, '$139 '),
('ew2610', 36, 2, 188, 4, 64, 1, 847, 17, 91, 1, '$139 '),
('ew2611', 36, 2, 188, 4, 64, 1, 847, 2, 91, 1, '$139 '),
('ew2612', 36, 2, 188, 4, 64, 1, 847, 22, 91, 2, '$139 '),
('ew2613', 36, 2, 188, 4, 66, 1, 938, 20, 91, 2, '$139 '),
('ew2614', 36, 2, 188, 4, 66, 1, 938, 21, 91, 2, '$149 '),
('ew2615', 36, 2, 188, 4, 66, 1, 938, 16, 91, 1, '$149 '),
('ew2616', 36, 2, 188, 4, 66, 1, 938, 17, 91, 2, '$149 '),
('ew2617', 36, 2, 188, 4, 66, 1, 938, 2, 91, 1, '$149 '),
('ew2618', 36, 2, 188, 4, 66, 1, 938, 22, 91, 2, '$149 '),
('ew2619', 36, 2, 188, 4, 66, 1, 938, 3, 91, 2, '$149 '),
('ew2620', 36, 2, 188, 4, 65, 1, 29, 21, 91, 2, '$149 '),
('ew2621', 36, 2, 188, 4, 65, 1, 29, 22, 91, 2, '$139 '),
('ew2622', 36, 2, 188, 4, 65, 1, 29, 20, 91, 1, '$139 '),
('ew2623', 36, 2, 188, 4, 65, 1, 29, 16, 91, 2, '$139 '),
('ew2624', 36, 2, 188, 4, NULL, 1, 29, 22, 91, 2, '$139 '),
('ew2625', 36, 2, 188, 4, 65, 1, 29, 3, 91, NULL, '$139 '),
('ew2626', 36, 2, 188, 4, NULL, 1, 29, 3, 91, 2, '$139 '),
('ew2627', 36, 2, 188, 4, NULL, 1, 146, 16, 91, NULL, '$139 '),
('ew2628', 36, 2, 188, 4, NULL, 1, 146, 17, 91, NULL, '$139 '),
('ew2629', 36, 2, 188, 4, NULL, 1, 939, 9, 91, NULL, '$139 '),
('ew2630', 36, 2, 188, 4, NULL, 1, 939, 9, 91, NULL, '$139 '),
('ew2631', 36, 2, 188, 4, NULL, 1, 939, 17, 91, NULL, '$139 '),
('ew2632', 36, 2, 188, 4, NULL, 1, 939, 3, 91, NULL, '$139 '),
('ew2633', 36, 2, 188, 4, NULL, 1, 939, 3, 91, NULL, '$139 '),
('ew2634', 36, 2, 127, 4, 66, 1, 599, 10, 92, NULL, '$139 '),
('ew2635', 36, 2, 164, 4, 67, 1, 13, 17, 23, 1, '$129 '),
('ew2636', 36, 2, 164, 54, 67, 1, 13, 2, 23, 2, '$129 '),
('ew2637', 36, 2, 164, 54, 67, 1, 13, 2, 23, 2, '$129 '),
('ew2638', 36, 2, 164, 54, 67, 1, 330, 3, 23, 1, '$129 '),
('ew2639', 36, 2, 189, 54, 24, 1, 13, 42, 93, 1, '$129 '),
('ew2640', 36, 2, 177, 5, 1, 1, 238, 2, 94, NULL, '$58 '),
('ew2641', 36, 2, 190, 5, 1, 1, 13, 17, 15, 1, '$89 '),
('ew2642', 36, 2, 190, 5, 1, 1, 13, 2, 15, 3, NULL),
('ew2643', 36, 2, NULL, 5, NULL, 1, 940, 2, NULL, 3, NULL),
('ew2644', 36, 2, 127, 5, 1, NULL, 895, 17, 15, NULL, NULL),
('ew2645', 36, 1, NULL, 5, NULL, 1, 880, 17, NULL, 1, NULL),
('ew2646', 36, 2, NULL, 217, NULL, NULL, 163, 17, NULL, NULL, NULL),
('ew2647', 36, 2, NULL, 142, NULL, NULL, 13, 17, NULL, NULL, NULL),
('ew2648', 36, 2, NULL, 56, NULL, NULL, 13, 2, NULL, NULL, NULL),
('ew2649', 36, 2, NULL, 56, NULL, NULL, 941, 2, NULL, NULL, NULL),
('ew2650', 36, 2, NULL, 56, NULL, NULL, 941, 2, NULL, NULL, NULL),
('ew2651', 36, 2, NULL, 56, NULL, NULL, 941, 3, NULL, NULL, NULL),
('ew2652', 36, 2, NULL, 56, NULL, NULL, 29, 17, NULL, NULL, NULL),
('ew2653', 36, 2, NULL, 218, NULL, NULL, 29, 2, NULL, NULL, NULL),
('ew2654', 36, 2, NULL, 218, NULL, NULL, 29, 2, NULL, NULL, NULL),
('ew2655', 36, 2, NULL, 218, NULL, NULL, 942, 2, NULL, NULL, NULL),
('ew2656', 36, 2, NULL, 219, NULL, NULL, 942, 3, NULL, NULL, NULL),
('ew2657', 36, 2, NULL, 219, NULL, NULL, 662, 7, NULL, NULL, NULL),
('ew2658', 36, 2, NULL, 220, NULL, NULL, 662, 7, NULL, NULL, NULL),
('ew2659', 36, 2, NULL, 220, NULL, NULL, 923, 2, NULL, NULL, NULL),
('ew2660', 36, 2, NULL, 58, NULL, NULL, 923, 7, NULL, NULL, NULL),
('ew2661', 36, 2, NULL, 58, NULL, NULL, 923, 3, NULL, NULL, NULL),
('ew2662', 36, 2, NULL, 58, NULL, NULL, 146, 3, NULL, NULL, NULL),
('ew2663', 36, 2, NULL, 221, NULL, NULL, 272, 10, NULL, NULL, NULL),
('ew2664', 36, 3, NULL, 222, NULL, NULL, 29, 24, NULL, NULL, NULL);
INSERT INTO `item_tbl` (`ItemID`, `BrandID`, `GenderID`, `SpeciesID`, `GenusID`, `MaterialID`, `CountOrigID`, `ColorID`, `SizeID`, `PatternID`, `Quantity`, `MSRP`) VALUES
('ew2665', 36, 3, NULL, 222, NULL, NULL, 940, 2, NULL, NULL, NULL),
('ew2666', 36, 3, 191, 223, 1, NULL, 137, 21, 5, NULL, NULL),
('ew2667', 36, 3, 192, 4, 1, 1, 943, 16, 95, 1, '$89 '),
('ew2668', 36, 3, 192, 144, 1, 1, 944, 3, 95, NULL, '$129 '),
('ew2669', 36, 3, NULL, 144, NULL, 1, 945, 20, NULL, NULL, '$129 '),
('ew2670', 36, 3, NULL, 105, NULL, NULL, 946, 27, NULL, NULL, NULL),
('ew2671', 36, 3, NULL, 105, NULL, NULL, 943, 20, NULL, NULL, NULL),
('ew2672', 36, 3, NULL, 105, NULL, NULL, 943, 21, NULL, NULL, NULL),
('ew2673', 36, 3, NULL, 105, NULL, NULL, 847, 20, NULL, NULL, NULL),
('ew2674', 36, 3, NULL, 67, NULL, NULL, 940, 22, NULL, NULL, NULL),
('ew2675', 36, 3, 193, 224, 1, NULL, 213, 2, 71, NULL, NULL),
('ew2676', 36, 3, 194, 2, 65, 1, 29, 20, 5, 1, '$99 '),
('ew2677', 36, 3, 194, 4, 65, 1, 29, 21, 5, 2, '$139 '),
('ew2678', 36, 3, 194, 4, 65, 1, 29, 16, 5, 1, '$139 '),
('ew2679', 36, 3, 195, 4, 65, 1, 29, 24, 5, 1, '$139 '),
('ew2680', 36, 3, 195, 4, 65, 1, 272, 10, 5, 1, '$139 '),
('ew2681', 36, 3, 164, 4, 1, 1, 96, 3, 23, 1, '$139 '),
('ew2682', 36, 3, 41, 54, 1, 1, 933, 2, 71, 1, '$119 '),
('ew2683', 36, 3, 92, 5, 1, 1, 847, 20, 5, 1, '$45 '),
('ew2684', 36, 3, 196, 5, 65, 1, 903, 21, 80, 1, '$55 '),
('ew2685', 36, 2, 134, 4, 1, 1, 662, 23, 5, 1, '$199 '),
('ew2686', 37, 3, NULL, 130, NULL, NULL, 947, 23, NULL, NULL, NULL),
('ew2687', 37, 3, 197, 225, 68, NULL, 54, 20, 5, NULL, NULL),
('ew2688', 38, 1, NULL, 3, NULL, NULL, 29, 20, NULL, NULL, NULL),
('ew2689', 38, 3, NULL, 226, NULL, NULL, 29, 20, NULL, NULL, NULL),
('ew2690', 38, 3, NULL, 226, NULL, NULL, 54, 21, NULL, NULL, NULL),
('ew2691', 38, 3, NULL, 227, NULL, NULL, 135, 21, NULL, NULL, NULL),
('ew2692', 39, 1, NULL, 189, NULL, NULL, 135, 22, NULL, NULL, NULL),
('ew2693', 39, 1, NULL, 189, NULL, NULL, 948, 21, NULL, NULL, NULL),
('ew2694', 39, 1, 122, 189, 1, NULL, 948, 16, 5, NULL, NULL),
('ew2695', 39, 1, 122, 21, 1, 7, 41, 21, 5, 1, '$58 '),
('ew2696', 39, 1, 198, 21, 1, 7, 41, 16, 5, 1, '$58 '),
('ew2697', 39, 1, 122, 21, 1, 7, 29, 21, 5, 1, '$58 '),
('ew2698', 39, 1, 122, 21, 1, 7, 29, 16, 5, 1, '$58 '),
('ew2699', 39, 1, 198, 21, 1, 7, 29, 22, 5, 1, '$58 '),
('ew2700', 39, 1, 198, 21, 1, 7, 29, 21, 5, 1, '$58 '),
('ew2701', 39, 1, NULL, 21, NULL, 7, 29, 20, NULL, 1, '$58 '),
('ew2702', 39, 2, NULL, 228, NULL, NULL, 949, 2, NULL, NULL, NULL),
('ew2703', 39, 2, 199, 229, 1, NULL, 330, 22, 26, NULL, NULL),
('ew2704', 39, 2, NULL, 42, NULL, 8, 950, 27, NULL, 1, '$68 '),
('ew2705', 39, 2, NULL, 42, NULL, NULL, 863, 27, NULL, NULL, NULL),
('ew2706', 39, 2, NULL, 42, NULL, NULL, 863, 17, NULL, NULL, NULL),
('ew2707', 39, 2, NULL, 42, NULL, NULL, 863, 7, NULL, NULL, NULL),
('ew2708', 39, 2, NULL, 42, NULL, NULL, 951, 27, NULL, NULL, NULL),
('ew2709', 39, 2, NULL, 42, NULL, NULL, 847, 3, NULL, NULL, NULL),
('ew2710', 39, 2, NULL, 170, NULL, NULL, 806, 21, NULL, NULL, NULL),
('ew2711', 39, 2, NULL, 230, NULL, NULL, 806, 16, NULL, NULL, NULL),
('ew2712', 39, 2, NULL, 230, NULL, NULL, 806, 22, NULL, NULL, NULL),
('ew2713', 39, 2, NULL, 230, NULL, NULL, 75, 21, NULL, NULL, NULL),
('ew2714', 39, 2, NULL, 127, NULL, NULL, 75, 22, NULL, NULL, NULL),
('ew2715', 39, 2, NULL, 127, NULL, NULL, 952, 22, NULL, NULL, NULL),
('ew2716', 39, 2, NULL, 231, NULL, NULL, 47, 20, NULL, NULL, NULL),
('ew2717', 39, 2, NULL, 232, NULL, NULL, 47, 27, NULL, NULL, NULL),
('ew2718', 39, 2, NULL, 232, NULL, NULL, 47, 22, NULL, NULL, NULL),
('ew2719', 39, 2, 200, 232, 1, NULL, 953, 20, 75, NULL, NULL),
('ew2720', 39, 2, NULL, 2, NULL, 16, 954, 34, NULL, 1, '$58 '),
('ew2721', 39, 3, NULL, 59, NULL, NULL, 955, 21, NULL, NULL, NULL),
('ew2722', 40, 2, 178, 89, 1, NULL, 956, 3, 96, NULL, NULL),
('ew2723', 40, 2, 31, 2, 1, 17, 404, 7, 4, 1, '$48 '),
('ew2724', 41, 1, NULL, 3, NULL, 10, 809, 5, NULL, 1, '$54 '),
('ew2725', 41, 1, NULL, 72, NULL, NULL, 843, 5, NULL, NULL, NULL),
('ew2726', 41, 1, NULL, 72, NULL, NULL, 13, 2, NULL, NULL, NULL),
('ew2727', 42, 1, NULL, 23, NULL, NULL, 957, 36, NULL, NULL, NULL),
('ew2728', 43, 2, 74, 142, 1, NULL, 958, 21, 4, NULL, NULL),
('ew2729', 44, 1, 46, 2, 1, 18, 49, 21, 5, 1, '$26 '),
('ew2730', 44, 1, NULL, 3, NULL, 18, 29, 5, NULL, 1, NULL),
('ew2731', 45, 1, NULL, 107, NULL, NULL, 959, 4, NULL, NULL, NULL),
('ew2732', 45, 1, NULL, 75, NULL, NULL, 960, 5, NULL, NULL, NULL),
('ew2733', 45, 1, 201, 77, 1, NULL, 960, 24, 5, NULL, NULL),
('ew2734', 45, 1, 201, 21, 1, 1, 960, 43, 5, 1, '$49.50 '),
('ew2735', 45, 1, 201, 21, 1, 1, 961, 24, 5, 1, '$49.50 '),
('ew2736', 45, 1, 201, 21, 1, 1, 961, 43, 5, 1, '$49.50 '),
('ew2737', 45, 1, 201, 21, 1, 1, 961, 3, 5, 1, '$49.50 '),
('ew2738', 45, 1, 202, 21, 1, 1, 961, 9, 5, 1, '$49.50 '),
('ew2739', 45, 1, 52, 21, 1, 1, 962, 7, 5, 1, '$49.50 '),
('ew2740', 45, 1, NULL, 21, NULL, 1, 963, 10, NULL, NULL, '$60 '),
('ew2741', 45, 1, 46, 21, 10, NULL, 54, 1, 5, NULL, NULL),
('ew2742', 45, 1, 41, 3, 69, 1, 662, 3, 5, 1, '$35 '),
('ew2743', 45, 1, NULL, 4, NULL, 1, 964, 7, NULL, 1, '$68 '),
('ew2744', 45, 2, NULL, 233, NULL, NULL, 54, 43, NULL, NULL, NULL),
('ew2745', 45, 2, 203, 3, 70, NULL, 965, 36, 5, NULL, NULL),
('ew2746', 45, 2, 33, 54, 1, 1, 54, 1, 42, 1, '$59.50 '),
('ew2747', 45, 2, 11, 5, 24, 4, 54, 1, 5, 1, '$36 '),
('ew2748', 45, 2, NULL, 5, NULL, 11, 29, 9, NULL, 1, '$35 ');

-- --------------------------------------------------------

--
-- Table structure for table `item_temp_tbl`
--

CREATE TABLE `item_temp_tbl` (
  `ItemID` int(11) NOT NULL,
  `TempID` int(11) NOT NULL
) ENGINE=InnoDB DEFAULT CHARSET=utf8;

-- --------------------------------------------------------

--
-- Table structure for table `material_tbl`
--

CREATE TABLE `material_tbl` (
  `MaterialID` int(11) NOT NULL,
  `Material` varchar(100) NOT NULL
) ENGINE=InnoDB DEFAULT CHARSET=utf8;

--
-- Dumping data for table `material_tbl`
--

INSERT INTO `material_tbl` (`MaterialID`, `Material`) VALUES
(1, '100% Cotton'),
(2, 'Plaid'),
(3, '95% Acrylic 5% Polyester'),
(4, '100% Cottton'),
(5, '100% PIma Cotton'),
(6, '100% Mercerized Cotton'),
(7, '90% Cotton 10% Cashmere'),
(8, '100% Polyester'),
(9, '100% Cotton Valeur'),
(10, '100%'),
(11, '60% Cotton 40% PES'),
(13, '100% Silk'),
(14, '100% China'),
(15, '96% Cotton 4% Lycra'),
(16, '57% Polyester 43% Cotton'),
(17, '70% Cotton 30% Polyester'),
(18, '80% Wool 20% Polyamide'),
(19, '80% Wool 20% '),
(20, '67% Polyester 33% Cotton'),
(21, '98% Cotton 2% Polyurethane'),
(22, '95/5 Spandex'),
(23, '97% Cotton 3% Polyurethene'),
(24, '95% Cotton 5% Spandex'),
(25, '50% Cotton/50% Polyester'),
(26, '100% Acrylic'),
(27, '80% Nylon 20% Spandex'),
(28, '80% Cotton 20% Polyester'),
(29, '1'),
(30, '75% Cotton 25% Polyester '),
(31, '60% Cotton 40% Polyester'),
(32, '65% Polyester 35% Cotton'),
(33, '55% Cotton 45% Polyester'),
(34, '100% Organic Cotton'),
(36, '99% Cotton 1% Elasthanne'),
(37, '97/3 Elasthanine'),
(38, '100% Polyamide'),
(39, '100% Polamide'),
(40, '55% Wool 45% Cotton'),
(41, '53% Wool 47% Cotton'),
(42, '95% cotton 5% Polyamide '),
(43, '85% Cotton 15% Polyamide'),
(44, '99% Cotton 1% Elasthane'),
(45, '99& Cotton 1% Elasthane'),
(46, '93% Cotton 7% Lycra'),
(47, '94% Cotton 6% Elasthanne Lycra'),
(48, '98% Cotton 2% Elasthanne'),
(49, '100% Cotton Terry'),
(50, '57% Cotton 43% Wool'),
(51, '89% Wool 11% Cashmere'),
(52, '57% Wool 43% Cotton'),
(53, '86% Cotton 6% Viscose 4% Polyamide 4% Polyester'),
(55, '63% Rayon 32% Nylon 5% Elastane'),
(56, '100% Ramie'),
(57, '80/20 Velour'),
(58, '70% Cotton 12% Cashmere 18% Spandex'),
(59, '80% Cotton 20% Polyester '),
(60, 'Ramie'),
(61, '45% Cotton 55% Linen'),
(62, '70/30 Spandex'),
(63, '70% Cotton 30% Spandex'),
(64, '92% Cashmere 8% Cashmere'),
(65, '92% Cotton 8% Cashmere'),
(66, '85% Cotton 15% Cashmere'),
(67, 'Velour 80/20'),
(68, '41% Cotton 32% Linen 27% Polyester'),
(69, '100% Wool'),
(70, '99% Cotton 1% Spandex');

-- --------------------------------------------------------

--
-- Table structure for table `pattern_tbl`
--

CREATE TABLE `pattern_tbl` (
  `PatternID` int(11) NOT NULL,
  `Pattern` varchar(50) NOT NULL
) ENGINE=InnoDB DEFAULT CHARSET=utf8;

--
-- Dumping data for table `pattern_tbl`
--

INSERT INTO `pattern_tbl` (`PatternID`, `Pattern`) VALUES
(1, 'Chambray'),
(2, 'Plaid'),
(3, 'Marbled'),
(4, 'Stripes'),
(5, 'Solid'),
(6, 'Pointelle Knit'),
(7, 'Solid Knit'),
(8, 'Airplane Graphic'),
(9, 'Denim'),
(10, 'Flower'),
(11, 'Flowers'),
(12, 'Floral'),
(13, 'Soiid'),
(14, 'Solid w/ Trim'),
(15, 'Striped'),
(16, 'Lobster'),
(17, 'Striped w/ Whale'),
(18, 'Mini Stripes'),
(19, 'Check'),
(20, 'Horse Shield'),
(21, 'Gingham'),
(22, 'Searucker'),
(23, 'Stripe'),
(24, 'Chevron'),
(25, 'Motorcycle'),
(26, 'Paisley'),
(27, 'Dots'),
(28, 'Scallop'),
(29, 'Searsucker'),
(30, 'Searsucket'),
(31, 'Anchors'),
(32, 'Searsucker Anchor'),
(33, 'Airplane Embroidered'),
(34, 'Reindeer'),
(35, 'Fagin Fairisle '),
(36, 'Ribbons'),
(37, 'Lacrosse'),
(38, 'Dogs'),
(39, 'Cars'),
(40, 'Whales'),
(41, 'Shark'),
(42, 'Whale'),
(43, 'Block Stripe'),
(44, 'Shoes'),
(45, 'Umbrellas'),
(46, 'Snowflake'),
(47, 'Logo'),
(48, 'Circus'),
(49, 'Airplane'),
(50, 'Giraffe'),
(51, 'Sailboat Decal'),
(52, 'Stars'),
(53, 'Ducking'),
(54, 'Fair Isle'),
(55, 'Solid w/ Fair Isle Trim'),
(56, 'Zoo'),
(57, 'Solid w/ Gingham Trimmed'),
(58, 'Solid '),
(59, 'Palms'),
(60, 'Moose Graphic/Stripes'),
(61, 'Stripe w/ Decal'),
(62, 'Striped w/ Decal'),
(63, 'Color Blocked'),
(64, 'Color Block'),
(65, 'Side Stripe'),
(66, 'Solid w/ Elbow Patches'),
(67, 'Solid w/Trim'),
(68, 'Wide Stripe'),
(69, 'Snowflakes'),
(70, 'Micro Check'),
(71, 'Anchor'),
(72, 'Flamingos'),
(73, 'Desserts'),
(74, 'Sea Horse'),
(75, 'Hearts'),
(76, 'Deer'),
(77, 'Poodles'),
(78, 'Robin '),
(79, 'Polar Bear'),
(80, 'Cherries'),
(81, 'Butterfly'),
(82, 'Beach'),
(83, 'Swan'),
(84, 'Links'),
(85, 'Lace'),
(86, 'Gold Striped Waistband'),
(87, 'Heart Pocket'),
(88, 'Solid Frill'),
(89, 'Houndstooth'),
(90, 'Eyelete Lace'),
(91, 'Diamond'),
(92, 'Aztec'),
(93, 'Polka Dots'),
(94, 'Beach '),
(95, 'Scotty Dogs'),
(96, 'Heart');

-- --------------------------------------------------------

--
-- Table structure for table `season_tbl`
--

CREATE TABLE `season_tbl` (
  `SeasonID` int(11) NOT NULL,
  `Season` varchar(50) NOT NULL
) ENGINE=InnoDB DEFAULT CHARSET=utf8;

-- --------------------------------------------------------

--
-- Table structure for table `size_tbl`
--

CREATE TABLE `size_tbl` (
  `SizeID` int(11) NOT NULL,
  `Size` varchar(10) NOT NULL
) ENGINE=InnoDB DEFAULT CHARSET=utf8;

--
-- Dumping data for table `size_tbl`
--

INSERT INTO `size_tbl` (`SizeID`, `Size`) VALUES
(1, '4T'),
(2, '4Y'),
(3, '6Y'),
(4, '7Y'),
(5, '3T'),
(6, '12Y'),
(7, '5Y'),
(8, '6X'),
(9, '2T'),
(10, '8Y'),
(11, '0-3mo'),
(12, '3-6mo'),
(13, '12-18mo'),
(14, '6-12mo'),
(15, '18-24mo'),
(16, '2Y'),
(17, '3Y'),
(18, '8-12mo'),
(19, '4-5Y'),
(20, '12mo'),
(21, '18mo'),
(22, '6mo'),
(23, '9mo'),
(24, '10Y'),
(25, '6-8Y'),
(26, 'Newborn'),
(27, '3mo'),
(28, '6-7Y'),
(29, '24mo'),
(30, '4T-5Y'),
(31, '12'),
(32, '10x'),
(33, '6-9mo'),
(34, 'S'),
(35, 'Premie'),
(36, '7-8Y'),
(37, '24 Months'),
(38, '1Y'),
(39, '1mo'),
(40, '36mo'),
(41, '5-6Y'),
(42, '9Y'),
(43, '14Y');

-- --------------------------------------------------------

--
-- Table structure for table `species_tbl`
--

CREATE TABLE `species_tbl` (
  `SpeciesID` int(11) NOT NULL,
  `Species` varchar(50) NOT NULL
) ENGINE=InnoDB DEFAULT CHARSET=utf8;

--
-- Dumping data for table `species_tbl`
--

INSERT INTO `species_tbl` (`SpeciesID`, `Species`) VALUES
(1, 'Button Down'),
(2, 'Long Flat Front'),
(3, 'Chunky Knit'),
(4, 'Thermal V-Neck'),
(5, 'V-Neck'),
(6, 'Cardigan'),
(7, 'Snap Neck'),
(8, 'Jeans'),
(9, 'SS Button Down'),
(10, 'SS Button Down w/ Pocket'),
(11, 'Polo'),
(12, 'LS Ruffle Collar'),
(13, 'Crochet Lounge '),
(14, 'Knit Drawstring'),
(15, 'Trousers'),
(16, 'Trousers '),
(17, 'Scallop Neck Blouse'),
(18, 'Sleeveless Peasant Collar '),
(19, 'Blouse LS Scallop Neck'),
(20, 'Short Front Tie Terry Cloth'),
(21, 'Cardigan Crochet'),
(22, 'Ruffle Neck Cardigan'),
(23, 'Tied Ruffle Front Cardigan'),
(24, 'Hoodie Terry CLoth'),
(25, 'Double Breasted Hooded Cardigan'),
(26, 'Leggings'),
(27, 'L/S Button Down'),
(28, 'Crewneck '),
(29, 'Scallop Neck Cardigan'),
(30, 'Turtleneck'),
(31, 'Swim Trunks'),
(32, 'SS w/ Rick Rack Collar Buttoned Bacl'),
(33, 'LS'),
(34, 'Cordorouy Trousers'),
(35, 'S/S Button Down'),
(36, 'Long'),
(37, 'Long Cargo'),
(38, 'Long Flatfront'),
(39, 'Swim Suit'),
(40, 'Vneck'),
(41, 'Crew Neck'),
(42, 'Peasent Ruffle Sleeve'),
(43, 'Sleeveless Midi'),
(44, 'Blouse'),
(45, 'Tanktop Ruffle'),
(46, 'Flat Front'),
(47, 'Lined Flat Front '),
(48, 'Cardigan Crystal Buttons'),
(49, 'Cardigan Crystall Button'),
(50, 'Cardigan Pearl Button'),
(51, 'Cardigan Ruffle Front Pearl Button'),
(52, 'Chinos'),
(53, 'Rick Rack Collar Sleeveless'),
(54, 'Blouse Scallop Neck Zipper Back'),
(55, 'Chords'),
(56, 'Back Pocket Flap'),
(57, 'Pleated'),
(58, 'Flatfront w/ Liner'),
(59, 'LS/Pants'),
(60, 'PJ Pants'),
(61, 'PJ Top'),
(62, 'Chino'),
(63, 'LS/Pants Set'),
(64, 'Button'),
(65, 'Cable Vest Vneck'),
(66, 'Vest Vneck'),
(67, 'LS/P Frilly '),
(68, 'Night Dress'),
(69, 'Cardigan One-Button w/ Bow'),
(70, 'Lounge'),
(71, 'Chinos '),
(72, 'Slim Cordorouy'),
(73, 'Slim Cordorouy '),
(74, 'Button Down w/ Pocket'),
(75, 'Pocket Flannel'),
(76, 'Cable Crew Neck'),
(77, 'Cable Vneck'),
(78, 'L/S'),
(79, 'LS Pocket'),
(80, 'Flat Front Short'),
(81, 'Polo Sleeveless w/ Ruffles'),
(82, 'Tank Ruffle'),
(83, 'Sleeveless Pleated'),
(84, 'Tunic'),
(85, 'LS Swim Shirt'),
(86, 'LS Pleated Button Back'),
(87, 'LS Turtleneck'),
(88, 'Footed PJ'),
(89, 'Footed Playsuit'),
(90, 'LS Collared Playsuit'),
(91, 'LS Playsuit w/ Footed'),
(92, 'LS Polo'),
(93, 'LS w/ Footed'),
(94, 'LS w/Footed'),
(95, 'Sleeveless Playsuit'),
(96, 'SS Scalloped'),
(97, 'LS/Footed Pants'),
(98, 'LS/Pants w/Footed'),
(99, 'Crewneck Button Back'),
(100, 'Rick Rack Collar Moss Stitch'),
(101, 'Leggings Moss Stitch'),
(102, 'Veluer Footed'),
(103, 'SS Collared'),
(104, 'Peasent Collar Pleated'),
(105, 'Cargo'),
(106, 'Vneck w/ Pocket'),
(107, 'Front Pocket'),
(108, 'Boatneck'),
(109, 'LS Boatneck'),
(110, 'Front Tie'),
(111, 'PJ Set'),
(112, 'Blouse Floral Double Collar '),
(113, 'L/S Bow Collar Blouse'),
(114, 'L/S Ruffle Collar'),
(115, 'Rick Rack Collar Blouse'),
(116, 'L/S Ruffle Collar '),
(117, 'Blouse Rick Rack Collar'),
(118, 'Overalls Skinny Corduroy'),
(119, 'Footed Onesie'),
(120, 'LS/P '),
(121, 'SS/Shorts'),
(122, 'Skinny Corduroy'),
(123, 'Cordorouy '),
(124, 'Skinny Cordorouy w/ Cargo'),
(125, 'Shore de Bain'),
(126, 'Bermuda Cargo'),
(127, 'Crewneck'),
(128, 'Hoodie Full Zip'),
(129, 'Polo L/S'),
(130, 'Tanktop'),
(131, 'Turtleneck '),
(132, 'LS Peter Pan Collar'),
(133, 'LS Turtleneck '),
(134, 'SS Polo'),
(135, 'LS/P Keyhole'),
(136, 'LS/P w/ Bow'),
(137, 'Shorts'),
(138, 'SS/Shorts Set'),
(139, 'Chinos Gold Logo'),
(140, 'Cordorouy Side Button'),
(141, 'Skinny Cordoroy Gold Decal'),
(142, 'Blouse w/ Straps'),
(143, 'LS w/ Bow'),
(144, 'Short'),
(145, 'Short '),
(146, 'Boatneck Neck Buttons'),
(147, 'Cardigan Seam Across'),
(148, 'Cardigan Cable'),
(149, 'Crew Neck w/ Bow'),
(150, 'Bow Collar'),
(151, 'L/S Boatneck'),
(152, 'L/S Snap Neck'),
(153, 'L/S w/ Bow'),
(154, 'Tank w/ Bow'),
(155, 'W/ Boat'),
(156, 'W/ Bow'),
(157, 'Jeggings'),
(158, 'Overalls Chords'),
(159, 'Boatneck Knit'),
(160, 'Cordoroy'),
(161, 'Ski Leggings'),
(162, 'Swim Trunk'),
(163, 'Cable Knit Vest'),
(164, 'Hoodie 1/4 Zip'),
(165, 'Ruched Spaghetti Strapped'),
(166, 'Shortsleeve w/ Ruffles'),
(167, 'Sleaveless'),
(168, 'Sleeveless Midi w/ Bow Terry Cloth'),
(169, 'Oxford'),
(170, 'LS/P Scallop'),
(171, 'LS/P Scallop Neck'),
(172, 'Pants'),
(173, 'SS/P Scallop'),
(174, 'SS/P Scallop Neck'),
(175, 'Ruffle Front Cardigan'),
(176, 'Blouse Babydoll'),
(177, 'Scallop Sleeve'),
(178, 'Sheer Coverup'),
(179, 'SS Rick Rack Collar'),
(180, 'Tunic Blouse w/ Ruffles'),
(181, 'Beach Lined'),
(182, 'Flat Front Frill'),
(183, 'Pleated '),
(184, 'Short Pleated'),
(185, 'Cardigan Gem Button'),
(186, 'Cardigan Gem Button Front Frill'),
(187, 'Cardigan Heart Gem Button Front Frill'),
(188, 'Frill Cardigan'),
(189, 'L/S Ruffle Bottom'),
(190, 'Tanktop w/ Bow'),
(191, 'Moss Stich Cardigan w/ Collar'),
(192, 'LS/P'),
(193, 'Oxford '),
(194, 'Cable Knit Neck Button Side '),
(195, 'Cable Knit'),
(196, 'Cardigan w/ Lining'),
(197, 'Linen Cargo'),
(198, 'Corduroy'),
(199, 'LS Pleated Front'),
(200, 'LS Blouse Ruffle Neck'),
(201, 'Skinny Corduroy '),
(202, 'Sand'),
(203, 'Waffle Full Zip Hoodie');

-- --------------------------------------------------------

--
-- Table structure for table `temperature_tbl`
--

CREATE TABLE `temperature_tbl` (
  `TempID` int(11) NOT NULL,
  `Temp` varchar(50) NOT NULL
) ENGINE=InnoDB DEFAULT CHARSET=utf8;

-- --------------------------------------------------------

--
-- Table structure for table `test`
--

CREATE TABLE `test` (
  `BrandID` int(11) DEFAULT NULL,
  `SizeID` int(11) DEFAULT NULL,
  `actHeight` int(11) NOT NULL
) ENGINE=InnoDB DEFAULT CHARSET=utf8;

--
-- Dumping data for table `test`
--

INSERT INTO `test` (`BrandID`, `SizeID`, `actHeight`) VALUES
(1, 1, 10),
(1, 2, 3),
(1, 3, 4),
(1, 4, 2),
(1, 5, 6),
(1, 1, 10),
(1, 2, 9),
(1, 6, 7),
(1, 2, 9),
(1, 7, 6),
(1, 3, 9),
(1, 4, 8),
(1, 2, 2),
(1, 7, 4),
(1, 8, 5),
(1, 3, 4),
(1, 9, 4),
(1, 5, 5),
(1, 2, 2),
(1, 7, 5),
(1, 3, 8),
(1, 4, 7),
(1, 5, 2),
(1, 1, 10),
(1, 2, 2),
(1, 3, 1),
(1, 4, 8),
(1, 9, 10),
(1, 6, 4),
(1, 9, 9),
(1, 5, 6),
(1, 7, 1),
(1, 3, 4),
(1, 4, 9),
(1, 10, 2),
(1, 9, 2),
(1, 5, 10),
(1, 1, 10),
(1, 2, 3),
(1, 7, 4),
(2, 11, 10),
(2, 12, 3),
(2, 12, 8),
(2, 11, 10),
(2, 13, 9),
(2, 14, 6),
(2, 13, 2),
(3, 3, 8),
(3, 13, 7),
(3, 15, 3),
(3, 15, 8),
(3, 13, 6),
(3, 15, 2),
(3, 7, 9),
(3, 9, 4),
(3, 9, 10),
(3, 5, 8),
(3, 16, 3),
(3, 17, 6),
(3, 5, 3),
(3, 3, 3),
(3, 12, 6),
(3, 12, 4),
(3, 7, 8),
(3, 14, 8),
(3, 9, 5),
(3, 9, 1),
(3, 5, 9),
(3, 3, 3),
(3, 5, 7),
(3, 3, 5),
(3, 17, 5),
(3, 13, 1),
(3, 15, 6),
(3, 13, 7),
(3, 13, 7),
(3, 9, 4),
(3, 9, 6),
(3, 9, 9),
(3, 5, 9),
(3, 7, 6),
(3, 15, 4),
(3, 12, 1),
(3, 12, 10),
(3, 12, 8),
(3, 5, 10),
(3, 13, 6),
(3, 13, 8),
(3, 15, 5),
(3, 16, 7),
(3, 17, 4),
(3, 3, 4),
(3, 13, 6),
(3, 15, 9),
(3, 12, 7),
(3, 15, 7),
(3, 12, 4),
(3, 17, 9),
(3, 1, 3),
(3, 2, 6),
(3, 7, 3),
(3, 12, 5),
(3, 12, 7),
(3, 12, 7),
(3, 15, 7),
(3, 12, 4),
(3, 13, 6),
(3, 15, 1),
(3, 5, 3),
(3, 15, 2),
(3, 2, 10),
(3, 14, 6),
(3, 3, 8),
(3, 17, 2),
(3, 1, 3),
(3, 2, 9),
(3, 5, 7),
(3, 1, 8),
(3, 9, 9),
(3, 7, 2),
(3, 3, 10),
(3, 12, 5),
(3, 16, 2),
(3, 5, 4),
(3, 7, 2),
(3, 7, 9),
(3, 3, 3),
(3, 15, 2),
(3, 9, 8),
(3, 1, 9),
(3, 16, 1),
(3, 17, 4),
(3, 2, 9),
(3, 3, 4),
(3, 7, 10),
(3, 3, 8),
(3, 18, 2),
(3, 2, 1),
(3, 13, 10),
(3, 15, 7),
(3, 14, 3),
(3, 14, 5),
(3, 13, 4),
(3, 12, 5),
(3, 19, 2),
(3, 11, 5),
(3, 13, 8),
(3, 15, 5),
(3, 12, 9),
(3, 14, 3),
(3, 13, 4),
(3, 14, 9),
(3, 13, 4),
(3, 15, 2),
(3, 12, 6),
(3, 12, 6),
(3, 12, 9),
(3, 11, 7),
(3, 11, 9),
(3, 13, 3),
(3, 13, 5),
(3, 14, 8),
(3, 7, 7),
(3, 7, 7),
(3, 15, 7),
(3, 7, 10),
(3, 7, 2),
(3, 3, 4),
(3, 10, 6),
(3, 12, 6),
(3, 14, 5),
(3, 13, 5),
(3, 14, 1),
(3, 12, 8),
(3, 14, 7),
(3, 15, 10),
(3, 12, 1),
(3, 15, 2),
(3, 12, 7),
(3, 9, 10),
(3, 7, 8),
(3, 3, 1),
(3, 5, 9),
(3, 13, 2),
(3, 15, 1),
(3, 14, 7),
(3, 14, 6),
(3, 15, 6),
(3, 14, 4),
(3, 15, 8),
(3, 13, 8),
(3, 14, 9),
(3, 15, 9),
(3, 14, 9),
(3, 13, 9),
(3, 12, 9),
(3, 13, 6),
(3, 12, 4),
(3, 5, 10),
(3, 14, 9),
(3, 12, 4),
(3, 9, 1),
(3, 1, 3),
(3, 7, 1),
(3, 3, 6),
(3, 12, 5),
(3, 12, 7),
(3, 13, 1),
(3, 13, 1),
(3, 15, 2),
(3, 12, 5),
(3, 12, 10),
(3, 15, 5),
(3, 5, 2),
(3, 2, 4),
(3, 7, 4),
(3, 13, 6),
(3, 15, 10),
(3, 15, 2),
(3, 14, 7),
(3, 9, 2),
(3, 7, 4),
(3, 1, 7),
(3, 1, 1),
(3, 13, 3),
(3, 13, 3),
(3, 15, 5),
(3, 15, 7),
(3, 14, 10),
(3, 14, 8),
(3, 13, 9),
(3, 15, 2),
(3, 14, 9),
(3, 14, 1),
(3, 15, 5),
(3, 13, 3),
(3, 15, 7),
(3, 1, 7),
(3, 13, 6),
(3, 15, 5),
(3, 15, 7),
(3, 7, 3),
(3, 14, 8),
(3, 15, 6),
(3, 14, 3),
(3, 13, 4),
(3, 14, 3),
(3, 15, 9),
(3, 12, 7),
(3, 13, 8),
(3, 13, 8),
(3, 13, 9),
(3, 13, 8),
(3, 13, 4),
(3, 14, 3),
(3, 12, 2),
(3, 14, 2),
(3, 14, 9),
(3, 13, 3),
(3, 12, 7),
(3, 12, 4),
(3, 12, 8),
(3, 14, 10),
(3, 12, 5),
(3, 14, 5),
(3, 14, 1),
(3, 13, 7),
(3, 13, 3),
(3, 15, 3),
(3, 15, 6),
(3, 12, 2),
(3, 15, 10),
(3, 15, 4),
(3, 14, 10),
(3, 13, 9),
(3, 15, 4),
(3, 14, 9),
(3, 15, 4),
(3, 12, 4),
(3, 14, 4),
(3, 15, 9),
(3, 12, 4),
(3, 12, 2),
(3, 13, 5),
(3, 12, 2),
(3, 14, 9),
(3, 15, 4),
(3, 15, 10),
(3, 13, 8),
(3, 15, 3),
(3, 14, 5),
(4, 20, 9),
(4, 20, 2),
(4, 21, 8),
(4, 21, 8),
(5, 13, 5),
(5, 15, 2),
(5, 3, 1),
(5, 10, 7),
(5, 13, 6),
(5, 15, 8),
(5, 14, 9),
(5, 13, 5),
(5, 15, 4),
(5, 14, 6),
(5, 13, 7),
(5, 15, 8),
(5, 14, 9),
(5, 15, 1),
(5, 14, 5),
(5, 7, 4),
(5, 13, 4),
(5, 14, 6),
(5, 13, 7),
(5, 15, 7),
(5, 9, 6),
(5, 1, 8),
(5, 7, 4),
(5, 14, 4),
(5, 9, 6),
(5, 13, 10),
(6, 9, 2),
(6, 7, 6),
(6, 3, 6),
(6, 22, 3),
(6, 9, 3),
(6, 2, 6),
(6, 20, 4),
(6, 16, 6),
(6, 23, 2),
(6, 9, 10),
(6, 3, 4),
(7, 9, 8),
(7, 24, 1),
(7, 6, 7),
(7, 9, 2),
(7, 9, 5),
(7, 2, 1),
(7, 3, 8),
(7, 3, 2),
(7, 16, 8),
(7, 17, 9),
(7, 1, 10),
(7, 7, 2),
(7, 3, 7),
(7, 9, 2),
(7, 5, 8),
(7, 16, 2),
(7, 17, 6),
(7, 2, 5),
(7, 3, 4),
(7, 24, 6),
(7, 10, 9),
(7, 2, 6),
(7, 6, 10),
(7, 9, 4),
(7, 1, 9),
(7, 7, 6),
(7, 3, 8),
(7, 24, 4),
(7, 10, 6),
(7, 17, 6),
(7, 9, 10),
(7, 1, 5),
(7, 1, 10),
(7, 3, 8),
(7, 15, 9),
(7, 9, 1),
(7, 3, 7),
(7, 13, 10),
(7, 1, 10),
(7, 3, 9),
(7, 16, 5),
(7, 3, 7),
(7, 3, 1),
(7, 1, 2),
(7, 7, 3),
(7, 3, 2),
(7, 5, 6),
(7, 1, 8),
(7, 3, 10),
(7, 24, 7),
(7, 16, 3),
(7, 3, 2),
(7, 16, 2),
(7, 5, 2),
(7, 1, 4),
(7, 3, 4),
(7, 7, 7),
(7, 24, 5),
(7, 2, 2),
(7, 7, 3),
(7, 1, 7),
(7, 7, 8),
(7, 9, 7),
(7, 5, 2),
(7, 7, 5),
(7, 3, 3),
(7, 5, 6),
(7, 1, 2),
(7, 7, 2),
(7, 5, 9),
(7, 3, 2),
(7, 7, 2),
(7, 1, 2),
(7, 7, 4),
(7, 1, 1),
(7, 7, 4),
(7, 3, 7),
(7, 9, 2),
(7, 9, 9),
(7, 9, 10),
(7, 5, 3),
(7, 7, 3),
(7, 24, 3),
(7, 7, 8),
(7, 14, 1),
(7, 9, 9),
(7, 16, 2),
(7, 9, 10),
(7, 5, 6),
(7, 6, 2),
(7, 9, 7),
(7, 6, 9),
(7, 10, 6),
(7, 5, 2),
(7, 1, 9),
(7, 3, 3),
(7, 16, 2),
(7, 17, 4),
(7, 2, 10),
(7, 3, 9),
(7, 9, 8),
(7, 5, 1),
(7, 2, 9),
(7, 7, 5),
(7, 3, 4),
(7, 17, 3),
(7, 1, 3),
(7, 3, 7),
(7, 5, 7),
(7, 5, 4),
(7, 1, 6),
(7, 1, 7),
(7, 7, 8),
(7, 7, 8),
(7, 3, 8),
(7, 3, 6),
(7, 19, 4),
(7, 25, 1),
(7, 17, 3),
(7, 2, 2),
(7, 3, 7),
(7, 1, 1),
(7, 3, 4),
(7, 5, 4),
(7, 1, 6),
(7, 17, 9),
(7, 2, 8),
(7, 7, 5),
(7, 9, 8),
(7, 2, 6),
(7, 2, 4),
(7, 7, 8),
(7, 3, 4),
(7, 10, 2),
(7, 17, 8),
(7, 2, 3),
(7, 7, 8),
(7, 3, 6),
(7, 1, 4),
(7, 3, 8),
(7, 3, 2),
(7, 1, 3),
(7, 2, 9),
(7, 7, 7),
(7, 7, 6),
(7, 3, 7),
(7, 3, 1),
(7, 3, 10),
(7, 16, 9),
(7, 1, 5),
(7, 16, 4),
(7, 2, 7),
(7, 7, 3),
(7, 3, 3),
(7, 3, 2),
(7, 24, 2),
(7, 5, 5),
(7, 7, 6),
(7, 7, 5),
(7, 7, 8),
(7, 1, 4),
(7, 5, 3),
(7, 1, 2),
(7, 9, 9),
(7, 5, 2),
(7, 5, 10),
(7, 1, 4),
(7, 2, 2),
(7, 6, 3),
(7, 6, 1),
(7, 9, 4),
(7, 1, 6),
(7, 1, 7),
(7, 5, 10),
(7, 5, 8),
(7, 1, 9),
(7, 1, 4),
(7, 7, 7),
(7, 7, 4),
(7, 3, 9),
(7, 3, 3),
(7, 24, 8),
(7, 3, 8),
(7, 10, 10),
(7, 24, 4),
(7, 6, 7),
(7, 10, 7),
(7, 9, 1),
(7, 7, 4),
(7, 3, 4),
(7, 16, 10),
(7, 17, 7),
(7, 1, 4),
(7, 3, 8),
(7, 17, 2),
(7, 3, 2),
(7, 14, 10),
(7, 13, 8),
(7, 15, 8),
(7, 16, 8),
(7, 17, 5),
(7, 2, 10),
(7, 7, 5),
(7, 3, 5),
(7, 13, 10),
(7, 15, 5),
(7, 14, 2),
(7, 13, 3),
(7, 15, 7),
(7, 14, 1),
(7, 24, 9),
(7, 10, 6),
(8, 7, 9),
(8, 10, 8),
(8, 12, 6),
(8, 10, 2),
(8, 10, 8),
(8, 17, 8),
(8, 2, 5),
(8, 7, 8),
(8, 3, 6),
(8, 7, 4),
(8, 4, 2),
(8, 10, 7),
(8, 9, 9),
(9, 20, 4),
(9, 21, 9),
(9, 5, 8),
(9, 3, 2),
(9, 4, 3),
(9, 10, 7),
(10, 22, 7),
(10, 20, 5),
(10, 21, 3),
(10, 20, 8),
(10, 26, 1),
(10, 16, 1),
(10, 17, 9),
(10, 7, 5),
(10, 22, 5),
(10, 20, 8),
(10, 27, 7),
(10, 27, 9),
(10, 27, 6),
(10, 22, 2),
(11, 2, 7),
(11, 27, 4),
(11, 10, 8),
(11, 7, 6),
(11, 2, 8),
(11, 3, 2),
(11, 10, 2),
(11, 3, 4),
(11, 10, 2),
(11, 2, 6),
(11, 24, 4),
(11, 3, 4),
(11, 10, 5),
(11, 7, 1),
(11, 7, 2),
(11, 3, 3),
(11, 10, 7),
(11, 21, 8),
(11, 3, 1),
(11, 3, 8),
(11, 20, 6),
(11, 3, 6),
(11, 10, 10),
(11, 16, 4),
(11, 20, 7),
(11, 24, 4),
(11, 21, 8),
(11, 16, 9),
(11, 17, 10),
(11, 10, 3),
(11, 17, 4),
(11, 16, 8),
(12, 7, 8),
(12, 24, 8),
(12, 7, 7),
(12, 3, 8),
(12, 1, 8),
(12, 10, 7),
(12, 19, 8),
(12, 28, 3),
(12, 28, 5),
(12, 5, 7),
(12, 1, 8),
(12, 2, 4),
(12, 3, 9),
(12, 3, 8),
(12, 4, 3),
(12, 4, 8),
(12, 2, 1),
(12, 3, 9),
(12, 1, 3),
(12, 19, 8),
(12, 28, 9),
(12, 28, 2),
(12, 19, 10),
(12, 28, 5),
(12, 5, 3),
(12, 9, 9),
(12, 5, 7),
(12, 1, 9),
(12, 2, 5),
(12, 7, 6),
(12, 3, 6),
(12, 4, 9),
(12, 6, 2),
(12, 1, 6),
(12, 3, 6),
(12, 24, 4),
(12, 9, 8),
(12, 1, 8),
(12, 3, 5),
(12, 4, 10),
(12, 10, 7),
(12, 10, 3),
(12, 6, 10),
(12, 5, 5),
(12, 1, 1),
(12, 7, 9),
(12, 3, 7),
(12, 3, 4),
(12, 4, 8),
(12, 9, 2),
(12, 5, 2),
(12, 3, 10),
(12, 2, 7),
(12, 7, 4),
(12, 4, 7),
(12, 24, 3),
(12, 9, 4),
(12, 1, 1),
(12, 24, 2),
(12, 6, 5),
(12, 21, 8),
(12, 5, 5),
(12, 2, 8),
(12, 7, 9),
(12, 4, 10),
(12, 10, 3),
(12, 2, 2),
(12, 6, 10),
(12, 6, 6),
(12, 2, 6),
(12, 4, 6),
(12, 10, 9),
(12, 7, 6),
(12, 4, 5),
(12, 6, 5),
(12, 29, 9),
(12, 2, 4),
(12, 4, 7),
(12, 20, 5),
(12, 10, 3),
(12, 6, 8),
(12, 5, 3),
(12, 1, 8),
(12, 2, 2),
(12, 7, 2),
(12, 4, 6),
(12, 2, 2),
(12, 4, 9),
(12, 4, 5),
(12, 6, 4),
(12, 6, 2),
(12, 10, 9),
(12, 4, 1),
(12, 10, 4),
(12, 1, 8),
(12, 9, 8),
(12, 5, 4),
(12, 1, 7),
(12, 1, 4),
(12, 2, 5),
(12, 4, 3),
(12, 6, 2),
(12, 2, 6),
(12, 3, 5),
(12, 4, 6),
(12, 10, 7),
(12, 6, 6),
(12, 6, 7),
(12, 16, 10),
(12, 16, 7),
(12, 16, 4),
(12, 17, 7),
(12, 2, 6),
(12, 2, 7),
(12, 7, 6),
(12, 4, 9),
(12, 24, 6),
(12, 6, 3),
(12, 9, 7),
(12, 1, 6),
(12, 2, 7),
(12, 7, 6),
(12, 3, 8),
(12, 10, 5),
(12, 24, 8),
(12, 6, 4),
(12, 5, 5),
(12, 1, 5),
(12, 7, 9),
(12, 3, 3),
(12, 4, 3),
(12, 10, 6),
(12, 10, 2),
(12, 24, 7),
(12, 6, 2),
(12, 7, 5),
(12, 3, 9),
(12, 4, 4),
(12, 10, 2),
(12, 7, 2),
(12, 3, 7),
(12, 4, 8),
(12, 24, 10),
(12, 6, 6),
(12, 20, 9),
(12, 5, 8),
(12, 10, 3),
(12, 6, 8),
(12, 3, 5),
(12, 21, 6),
(12, 9, 7),
(12, 3, 8),
(12, 3, 7),
(12, 5, 3),
(12, 1, 3),
(12, 10, 4),
(12, 30, 1),
(12, 28, 10),
(12, 30, 10),
(12, 28, 9),
(12, 7, 4),
(12, 3, 4),
(12, 10, 6),
(12, 6, 6),
(12, 10, 3),
(12, 5, 5),
(12, 2, 8),
(12, 7, 3),
(12, 3, 9),
(12, 5, 8),
(12, 31, 2),
(12, 32, 5),
(12, 8, 10),
(12, 21, 4),
(13, 27, 7),
(13, 1, 7),
(13, 5, 2),
(13, 24, 5),
(13, 2, 2),
(13, 2, 3),
(13, 8, 7),
(13, 3, 9),
(13, 10, 5),
(13, 1, 6),
(13, 3, 4),
(13, 4, 9),
(14, 13, 5),
(15, 33, 7),
(16, 1, 2),
(16, 12, 6),
(16, 5, 3),
(16, 2, 7),
(16, 5, 8),
(16, 5, 7),
(16, 11, 9),
(16, 12, 4),
(16, 3, 4),
(16, 2, 4),
(17, 13, 9),
(17, 13, 4),
(17, 12, 3),
(17, 33, 9),
(17, 23, 1),
(17, 23, 5),
(17, 12, 1),
(17, 12, 8),
(17, 34, 1),
(17, 13, 7),
(17, 33, 2),
(17, 33, 5),
(17, 12, 2),
(17, 27, 4),
(17, 33, 1),
(17, 34, 3),
(17, 34, 2),
(17, 13, 9),
(17, 26, 3),
(17, 26, 2),
(17, 11, 4),
(17, 33, 10),
(17, 34, 9),
(17, 26, 6),
(17, 34, 3),
(17, 13, 5),
(17, 23, 6),
(17, 34, 4),
(17, 11, 1),
(17, 33, 2),
(17, 33, 7),
(17, 26, 1),
(17, 26, 10),
(17, 26, 9),
(17, 26, 6),
(17, 34, 3),
(17, 33, 3),
(17, 26, 4),
(17, 23, 4),
(17, 33, 6),
(17, 33, 7),
(17, 33, 9),
(17, 13, 5),
(17, 33, 6),
(17, 33, 6),
(17, 23, 2),
(17, 33, 8),
(17, 35, 6),
(17, 35, 5),
(17, 33, 6),
(17, 33, 6),
(17, 34, 3),
(17, 12, 3),
(17, 11, 4),
(17, 34, 3),
(17, 13, 1),
(17, 15, 6),
(17, 33, 6),
(17, 33, 4),
(17, 12, 9),
(17, 11, 4),
(17, 11, 2),
(17, 12, 4),
(17, 12, 7),
(17, 23, 10),
(18, 20, 1),
(18, 21, 2),
(18, 27, 6),
(19, 22, 4),
(19, 20, 9),
(20, 27, 5),
(20, 23, 7),
(20, 21, 10),
(20, 21, 8),
(20, 20, 9),
(20, 21, 5),
(21, 9, 4),
(21, 9, 5),
(22, 7, 3),
(23, 12, 9),
(23, 12, 7),
(24, 2, 6),
(24, 2, 1),
(25, 10, 4),
(25, 4, 5),
(25, 10, 4),
(25, 16, 6),
(26, 36, 6),
(27, 4, 4),
(28, 29, 8),
(28, 29, 9),
(29, 3, 10),
(29, 9, 3),
(29, 3, 5),
(29, 9, 6),
(30, 26, 5),
(31, 16, 7),
(31, 37, 9),
(31, 3, 6),
(31, 16, 1),
(31, 17, 6),
(31, 2, 6),
(31, 3, 4),
(31, 20, 7),
(31, 20, 5),
(31, 16, 3),
(31, 2, 8),
(31, 20, 3),
(31, 21, 7),
(31, 3, 8),
(31, 17, 7),
(31, 2, 2),
(31, 7, 8),
(31, 3, 4),
(31, 20, 6),
(31, 20, 6),
(31, 17, 3),
(31, 20, 3),
(31, 20, 5),
(31, 21, 5),
(31, 21, 3),
(31, 29, 6),
(31, 29, 4),
(31, 17, 8),
(31, 2, 8),
(31, 7, 8),
(31, 20, 4),
(31, 20, 3),
(31, 29, 4),
(31, 29, 9),
(31, 16, 7),
(31, 17, 6),
(31, 2, 7),
(31, 7, 9),
(31, 3, 2),
(31, 2, 1),
(NULL, 21, 9),
(31, 29, 4),
(31, 20, 2),
(31, 38, 4),
(31, 17, 5),
(31, 3, 5),
(31, 7, 6),
(31, 3, 6),
(31, 38, 2),
(31, 20, 1),
(31, 29, 8),
(31, 16, 9),
(31, 21, 2),
(31, 20, 8),
(31, 29, 7),
(31, 16, 9),
(32, 29, 7),
(33, 2, 6),
(34, 3, 7),
(34, 7, 9),
(34, 29, 6),
(34, 20, 1),
(34, 29, 6),
(34, 22, 5),
(34, 10, 6),
(34, 2, 5),
(34, 7, 5),
(34, 29, 3),
(34, 2, 5),
(34, 17, 5),
(34, 27, 2),
(34, 17, 10),
(34, 3, 6),
(34, 22, 10),
(34, 20, 2),
(34, 7, 6),
(34, 22, 7),
(34, 16, 5),
(34, 17, 3),
(34, 7, 10),
(34, 3, 2),
(34, 3, 7),
(34, 16, 8),
(34, 7, 1),
(34, 16, 9),
(34, 17, 4),
(34, 2, 1),
(34, 3, 2),
(34, 2, 5),
(34, 16, 7),
(34, 17, 5),
(34, 3, 8),
(34, 7, 9),
(34, 3, 1),
(34, 2, 6),
(34, 2, 5),
(34, 17, 5),
(34, 3, 2),
(34, 20, 2),
(34, 17, 5),
(34, 17, 10),
(34, 17, 4),
(34, 2, 7),
(34, 2, 3),
(34, 7, 3),
(34, 7, 5),
(34, 3, 7),
(34, 17, 9),
(34, 17, 3),
(34, 2, 9),
(34, 2, 4),
(34, 3, 3),
(34, 3, 3),
(34, 17, 6),
(34, 2, 2),
(34, 7, 7),
(34, 3, 3),
(34, 17, 1),
(34, 2, 6),
(34, 7, 7),
(34, 2, 6),
(34, 2, 9),
(34, 7, 7),
(34, 2, 8),
(34, 2, 9),
(34, 22, 10),
(34, 29, 4),
(34, 17, 7),
(34, 3, 6),
(34, 3, 6),
(34, 3, 10),
(34, 7, 5),
(34, 3, 2),
(34, 39, 4),
(34, 39, 4),
(34, 27, 6),
(34, 27, 7),
(34, 22, 7),
(34, 22, 5),
(34, 29, 4),
(34, 29, 2),
(34, 40, 6),
(34, 20, 6),
(34, 29, 3),
(34, 7, 6),
(34, 7, 1),
(34, 3, 6),
(34, 21, 5),
(34, 29, 9),
(34, 17, 9),
(34, 3, 1),
(34, 3, 5),
(34, 7, 1),
(34, 3, 9),
(34, 20, 5),
(34, 20, 6),
(34, 17, 5),
(34, 17, 4),
(34, 2, 7),
(34, 7, 3),
(34, 3, 3),
(34, 3, 4),
(34, 3, 3),
(34, 7, 10),
(34, 22, 2),
(34, 2, 7),
(34, 7, 3),
(34, 20, 8),
(34, 17, 3),
(34, 17, 10),
(34, 2, 2),
(34, 7, 6),
(34, 3, 5),
(34, 17, 7),
(34, 7, 3),
(34, 3, 8),
(34, 10, 3),
(34, 3, 10),
(34, 10, 2),
(34, 3, 8),
(34, 3, 6),
(34, 20, 6),
(34, 29, 1),
(34, 27, 5),
(34, 22, 4),
(34, 22, 2),
(34, 2, 6),
(34, 17, 5),
(34, 2, 7),
(34, 7, 2),
(34, 3, 5),
(34, 2, 10),
(34, 2, 5),
(34, 7, 5),
(34, 3, 1),
(34, 3, 6),
(34, 39, 8),
(34, 3, 5),
(34, 39, 8),
(34, 39, 4),
(34, 22, 4),
(34, 2, 6),
(34, 7, 10),
(34, 3, 2),
(34, 7, 6),
(34, 29, 8),
(34, 24, 10),
(34, 27, 6),
(34, 21, 9),
(34, 27, 10),
(34, 20, 2),
(34, 27, 7),
(34, 3, 1),
(34, 27, 3),
(34, 29, 8),
(34, 2, 5),
(34, 7, 1),
(34, 7, 7),
(34, 3, 3),
(34, 3, 4),
(34, 7, 8),
(34, 20, 2),
(34, 21, 9),
(34, 22, 4),
(34, 22, 2),
(34, 20, 7),
(34, 2, 7),
(34, 16, 6),
(34, 7, 6),
(34, 3, 3),
(34, 16, 7),
(34, 2, 5),
(34, 2, 2),
(34, 7, 5),
(34, 7, 10),
(34, 3, 5),
(34, 7, 4),
(34, 7, 4),
(34, 7, 6),
(34, 3, 7),
(34, 3, 9),
(34, 3, 5),
(34, 17, 7),
(34, 3, 10),
(34, 20, 8),
(34, 24, 2),
(34, 20, 10),
(34, 6, 6),
(34, 27, 1),
(34, 27, 4),
(34, 7, 5),
(34, 3, 6),
(34, 10, 3),
(34, 17, 7),
(34, 2, 6),
(34, 7, 9),
(34, 3, 8),
(34, 3, 3),
(34, 3, 6),
(34, 2, 2),
(34, 2, 2),
(34, 7, 1),
(34, 7, 9),
(34, 3, 5),
(34, 21, 6),
(34, 2, 4),
(34, 7, 9),
(34, 2, 5),
(34, 29, 6),
(34, 20, 5),
(34, 22, 8),
(34, 22, 6),
(34, 7, 5),
(34, 21, 5),
(34, 27, 2),
(34, 10, 10),
(34, 23, 8),
(34, 7, 7),
(34, 17, 10),
(34, 2, 1),
(34, 7, 3),
(34, 3, 2),
(34, 10, 6),
(34, 7, 8),
(34, 3, 3),
(34, 7, 7),
(34, 17, 9),
(34, 2, 3),
(34, 7, 5),
(34, 7, 5),
(34, 3, 2),
(34, 2, 2),
(34, 7, 1),
(34, 3, 9),
(34, 2, 5),
(34, 7, 7),
(34, 3, 2),
(34, 7, 4),
(34, 17, 3),
(34, 2, 1),
(34, 7, 8),
(34, 3, 5),
(34, 17, 2),
(34, 2, 4),
(34, 7, 5),
(34, 3, 9),
(34, 24, 2),
(34, 21, 3),
(34, 17, 5),
(34, 2, 5),
(34, 22, 2),
(34, 3, 2),
(34, 3, 2),
(34, 7, 6),
(34, 22, 2),
(34, 22, 3),
(34, 17, 7),
(34, 7, 5),
(34, 3, 6),
(34, 3, 4),
(34, 2, 9),
(34, 16, 5),
(34, 2, 6),
(34, 3, 7),
(34, 10, 6),
(34, 17, 8),
(34, 2, 10),
(34, 2, 7),
(34, 3, 6),
(34, 10, 8),
(34, 17, 2),
(34, 2, 5),
(34, 7, 8),
(34, 2, 6),
(34, 7, 4),
(34, 7, 3),
(34, 3, 10),
(34, 17, 3),
(34, 2, 1),
(34, 7, 6),
(34, 3, 8),
(34, 17, 3),
(34, 7, 7),
(34, 3, 7),
(34, 3, 6),
(34, 17, 7),
(34, 17, 6),
(34, 2, 8),
(34, 7, 3),
(34, 7, 9),
(34, 17, 6),
(34, 2, 3),
(34, 7, 3),
(34, 3, 6),
(34, 7, 2),
(34, 2, 1),
(34, 2, 8),
(34, 17, 8),
(34, 2, 6),
(34, 21, 6),
(34, 27, 9),
(34, 22, 7),
(34, 22, 9),
(34, 22, 4),
(34, 20, 2),
(34, 39, 3),
(34, 26, 3),
(34, 29, 3),
(34, 29, 6),
(34, 22, 10),
(34, 17, 3),
(34, 2, 2),
(34, 7, 2),
(34, 3, 1),
(34, 21, 8),
(34, 29, 9),
(34, 40, 3),
(34, 20, 4),
(34, 22, 9),
(34, 29, 4),
(34, 20, 4),
(34, 21, 7),
(34, 21, 1),
(34, 29, 4),
(34, 29, 8),
(34, 20, 6),
(34, 39, 8),
(34, 27, 10),
(34, 22, 6),
(34, 20, 1),
(34, 17, 5),
(34, 29, 10),
(34, 22, 7),
(34, 21, 6),
(34, 20, 8),
(34, 29, 9),
(34, 22, 5),
(34, 22, 3),
(34, 22, 2),
(34, 2, 10),
(34, 27, 4),
(34, 2, 8),
(35, 21, 10),
(36, 22, 6),
(36, 22, 9),
(36, 17, 9),
(36, 3, 6),
(36, 2, 1),
(36, 17, 7),
(36, 17, 1),
(36, 2, 4),
(36, 2, 4),
(36, 7, 8),
(36, 7, 1),
(36, 3, 8),
(36, 10, 7),
(36, 3, 9),
(36, 21, 7),
(36, 2, 4),
(36, 3, 1),
(36, 3, 2),
(36, 24, 3),
(36, 10, 8),
(36, 2, 4),
(36, 4, 2),
(36, 17, 7),
(36, 3, 3),
(36, 17, 9),
(36, 17, 7),
(36, 17, 9),
(36, 2, 4),
(36, 2, 9),
(36, 3, 5),
(36, 3, 8),
(36, 20, 6),
(36, 21, 4),
(36, 17, 8),
(36, 2, 2),
(36, 7, 3),
(36, 3, 8),
(36, 2, 5),
(36, 3, 7),
(36, 2, 9),
(36, 21, 4),
(36, 2, 4),
(36, 2, 7),
(36, 3, 4),
(36, 3, 7),
(36, 24, 4),
(36, 10, 5),
(36, 17, 5),
(36, 3, 7),
(36, 17, 2),
(36, 2, 6),
(36, 3, 6),
(36, 17, 2),
(36, 17, 1),
(36, 3, 8),
(36, 21, 7),
(36, 17, 2),
(36, 3, 7),
(36, 17, 8),
(36, 2, 2),
(36, 3, 9),
(36, 20, 4),
(36, 21, 9),
(36, 16, 4),
(36, 22, 3),
(36, 20, 3),
(36, 21, 2),
(36, 16, 2),
(36, 2, 10),
(36, 3, 7),
(36, 2, 6),
(36, 3, 6),
(36, 21, 2),
(36, 2, 9),
(36, 2, 3),
(36, 24, 5),
(36, 21, 4),
(36, 21, 5),
(36, 17, 4),
(36, 2, 4),
(36, 16, 9),
(36, 9, 2),
(36, 21, 9),
(36, 17, 10),
(36, 15, 4),
(36, 12, 6),
(36, 2, 10),
(36, 2, 2),
(36, 7, 8),
(36, 3, 3),
(36, 7, 2),
(36, 3, 8),
(36, 10, 7),
(36, 7, 8),
(36, 3, 3),
(36, 2, 7),
(36, 7, 5),
(36, 3, 2),
(36, 2, 6),
(36, 2, 4),
(36, 17, 9),
(36, 2, 6),
(36, 7, 2),
(36, 17, 1),
(36, 7, 8),
(36, 17, 9),
(36, 2, 8),
(36, 7, 5),
(36, 3, 8),
(36, 3, 5),
(36, 2, 2),
(36, 2, 1),
(36, 17, 9),
(36, 2, 6),
(36, 7, 2),
(36, 7, 7),
(36, 17, 1),
(36, 2, 3),
(36, 2, 1),
(36, 7, 6),
(36, 17, 6),
(36, 20, 4),
(36, 20, 7),
(36, 17, 6),
(36, 3, 9),
(36, 3, 8),
(36, 17, 2),
(36, 2, 4),
(36, 7, 3),
(36, 17, 3),
(36, 2, 5),
(36, 2, 6),
(36, 7, 7),
(36, 17, 4),
(36, 2, 9),
(36, 2, 2),
(36, 7, 3),
(36, 7, 9),
(36, 3, 7),
(36, 17, 7),
(36, 24, 2),
(36, 17, 6),
(36, 3, 6),
(36, 24, 1),
(36, 41, 6),
(36, 24, 7),
(36, 10, 8),
(36, 9, 8),
(36, 10, 5),
(36, 17, 1),
(36, 17, 9),
(36, 2, 2),
(36, 4, 9),
(36, 17, 1),
(36, 24, 5),
(36, 3, 4),
(36, 21, 5),
(36, 3, 2),
(36, 3, 4),
(36, 2, 2),
(36, 3, 5),
(36, 20, 2),
(36, 21, 3),
(36, 17, 10),
(36, 2, 10),
(36, 3, 1),
(36, 24, 3),
(36, 17, 9),
(36, 2, 7),
(36, 3, 9),
(36, 3, 3),
(36, 10, 8),
(36, 20, 9),
(36, 2, 5),
(36, 2, 3),
(36, 4, 8),
(36, 16, 6),
(36, 17, 3),
(36, 2, 4),
(36, 3, 4),
(36, 17, 5),
(36, 3, 3),
(36, 20, 10),
(36, 3, 2),
(36, 3, 5),
(36, 22, 8),
(36, 22, 7),
(36, 10, 3),
(36, 10, 8),
(36, 2, 6),
(36, 3, 4),
(36, 20, 2),
(36, 21, 3),
(36, 22, 2),
(36, 24, 7),
(36, 17, 1),
(36, 2, 3),
(36, 7, 3),
(36, 3, 3),
(36, 3, 4),
(36, 21, 3),
(36, 7, 1),
(36, 3, 5),
(36, 16, 2),
(36, 21, 3),
(36, 3, 7),
(36, 7, 7),
(36, 17, 5),
(36, 3, 5),
(36, 24, 6),
(36, 17, 7),
(36, 17, 5),
(36, 2, 6),
(36, 7, 1),
(36, 7, 8),
(36, 3, 6),
(36, 3, 4),
(36, 3, 3),
(36, 2, 3),
(36, 2, 2),
(36, 2, 2),
(36, 2, 1),
(36, 2, 10),
(36, 7, 7),
(36, 3, 5),
(36, 21, 3),
(36, 17, 8),
(36, 2, 3),
(36, 7, 8),
(36, 3, 5),
(36, 10, 7),
(36, 7, 2),
(36, 7, 6),
(36, 17, 7),
(36, 2, 4),
(36, 17, 7),
(36, 3, 3),
(36, 2, 4),
(36, 2, 8),
(36, 2, 9),
(36, 3, 10),
(36, 2, 5),
(36, 20, 1),
(36, 21, 1),
(36, 16, 9),
(36, 17, 6),
(36, 17, 1),
(36, 7, 6),
(36, 7, 6),
(36, 3, 4),
(36, 3, 10),
(36, 20, 8),
(36, 2, 10),
(36, 7, 6),
(36, 3, 8),
(36, 3, 3),
(36, 7, 9),
(36, 20, 8),
(36, 22, 3),
(36, 17, 7),
(36, 2, 9),
(36, 7, 6),
(36, 7, 8),
(36, 20, 3),
(36, 21, 2),
(36, 16, 7),
(36, 2, 2),
(36, 3, 3),
(36, 21, 3),
(36, 20, 2),
(36, 21, 8),
(36, 16, 7),
(36, 3, 2),
(36, 10, 6),
(36, 20, 7),
(36, 21, 4),
(36, 16, 9),
(36, 2, 2),
(36, 22, 3),
(36, 22, 7),
(36, 20, 5),
(36, 16, 6),
(36, 17, 2),
(36, 2, 3),
(36, 3, 8),
(36, 16, 10),
(36, 17, 7),
(36, 17, 5),
(36, 3, 3),
(36, 3, 9),
(36, 16, 6),
(36, 17, 2),
(36, 16, 9),
(36, 20, 4),
(36, 16, 9),
(36, 17, 5),
(36, 2, 6),
(36, 22, 7),
(36, 22, 4),
(36, 2, 1),
(36, 3, 9),
(36, 20, 5),
(36, 16, 7),
(36, 17, 9),
(36, 2, 4),
(36, 22, 3),
(36, 20, 2),
(36, 21, 7),
(36, 16, 3),
(36, 17, 10),
(36, 2, 4),
(36, 22, 6),
(36, 3, 7),
(36, 21, 8),
(36, 22, 9),
(36, 20, 10),
(36, 16, 4),
(36, 22, 6),
(36, 3, 2),
(36, 3, 7),
(36, 16, 2),
(36, 17, 6),
(36, 9, 4),
(36, 9, 2),
(36, 17, 7),
(36, 3, 1),
(36, 3, 2),
(36, 10, 4),
(36, 17, 3),
(36, 2, 4),
(36, 2, 9),
(36, 3, 5),
(36, 42, 7),
(36, 2, 10),
(36, 17, 10),
(36, 2, 8),
(36, 2, 9),
(36, 17, 3),
(36, 17, 6),
(36, 17, 8),
(36, 17, 6),
(36, 2, 6),
(36, 2, 10),
(36, 2, 3),
(36, 3, 3),
(36, 17, 3),
(36, 2, 8),
(36, 2, 2),
(36, 2, 10),
(36, 3, 7),
(36, 7, 6),
(36, 7, 6),
(36, 2, 4),
(36, 7, 10),
(36, 3, 9),
(36, 3, 7),
(36, 10, 6),
(36, 24, 7),
(36, 2, 7),
(36, 21, 4),
(36, 16, 5),
(36, 3, 6),
(36, 20, 5),
(36, 27, 3),
(36, 20, 2),
(36, 21, 7),
(36, 20, 2),
(36, 22, 4),
(36, 2, 7),
(36, 20, 3),
(36, 21, 9),
(36, 16, 10),
(36, 24, 3),
(36, 10, 10),
(36, 3, 3),
(36, 2, 5),
(36, 20, 6),
(36, 21, 6),
(36, 23, 1),
(37, 23, 5),
(37, 20, 10),
(38, 20, 6),
(38, 20, 2),
(38, 21, 7),
(38, 21, 3),
(39, 22, 2),
(39, 21, 7),
(39, 16, 2),
(39, 21, 7),
(39, 16, 7),
(39, 21, 8),
(39, 16, 5),
(39, 22, 4),
(39, 21, 1),
(39, 20, 3),
(39, 2, 2),
(39, 22, 7),
(39, 27, 1),
(39, 27, 4),
(39, 17, 4),
(39, 7, 9),
(39, 27, 4),
(39, 3, 9),
(39, 21, 4),
(39, 16, 3),
(39, 22, 9),
(39, 21, 8),
(39, 22, 3),
(39, 22, 6),
(39, 20, 6),
(39, 27, 7),
(39, 22, 2),
(39, 20, 2),
(39, 34, 7),
(39, 21, 6),
(40, 3, 2),
(40, 7, 8),
(41, 5, 8),
(41, 5, 3),
(41, 2, 7),
(42, 36, 9),
(43, 21, 6),
(44, 21, 9),
(44, 5, 2),
(45, 4, 7),
(45, 5, 10),
(45, 24, 8),
(45, 43, 3),
(45, 24, 8),
(45, 43, 2),
(45, 3, 5),
(45, 9, 8),
(45, 7, 6),
(45, 10, 6),
(45, 1, 2),
(45, 3, 9),
(45, 7, 10),
(45, 43, 3),
(45, 36, 4),
(45, 1, 2),
(45, 1, 3),
(45, 9, 9);

--
-- Indexes for dumped tables
--

--
-- Indexes for table `brand_tbl`
--
ALTER TABLE `brand_tbl`
  ADD PRIMARY KEY (`BrandID`);

--
-- Indexes for table `color_tbl`
--
ALTER TABLE `color_tbl`
  ADD PRIMARY KEY (`ColorID`);

--
-- Indexes for table `country_origin_tbl`
--
ALTER TABLE `country_origin_tbl`
  ADD PRIMARY KEY (`CountOrigID`);

--
-- Indexes for table `gender_tbl`
--
ALTER TABLE `gender_tbl`
  ADD PRIMARY KEY (`GenderID`);

--
-- Indexes for table `genre_tbl`
--
ALTER TABLE `genre_tbl`
  ADD PRIMARY KEY (`GenreID`);

--
-- Indexes for table `genus_tbl`
--
ALTER TABLE `genus_tbl`
  ADD PRIMARY KEY (`GenusID`);

--
-- Indexes for table `item_genre_tbl`
--
ALTER TABLE `item_genre_tbl`
  ADD KEY `ItemID` (`ItemID`),
  ADD KEY `GenreID` (`GenreID`);

--
-- Indexes for table `item_season_tbl`
--
ALTER TABLE `item_season_tbl`
  ADD KEY `ItemID` (`ItemID`),
  ADD KEY `SeasonID` (`SeasonID`);

--
-- Indexes for table `item_tbl`
--
ALTER TABLE `item_tbl`
  ADD PRIMARY KEY (`ItemID`),
  ADD KEY `BrandID` (`BrandID`),
  ADD KEY `GenderID` (`GenderID`),
  ADD KEY `SpeciesID` (`SpeciesID`),
  ADD KEY `GenusID` (`GenusID`),
  ADD KEY `MaterialID` (`MaterialID`),
  ADD KEY `CountOrigID` (`CountOrigID`),
  ADD KEY `ColorID` (`ColorID`),
  ADD KEY `SizeID` (`SizeID`),
  ADD KEY `PatternID` (`PatternID`);

--
-- Indexes for table `item_temp_tbl`
--
ALTER TABLE `item_temp_tbl`
  ADD KEY `ItemID` (`ItemID`),
  ADD KEY `TempID` (`TempID`);

--
-- Indexes for table `material_tbl`
--
ALTER TABLE `material_tbl`
  ADD PRIMARY KEY (`MaterialID`);

--
-- Indexes for table `pattern_tbl`
--
ALTER TABLE `pattern_tbl`
  ADD PRIMARY KEY (`PatternID`);

--
-- Indexes for table `season_tbl`
--
ALTER TABLE `season_tbl`
  ADD PRIMARY KEY (`SeasonID`);

--
-- Indexes for table `size_tbl`
--
ALTER TABLE `size_tbl`
  ADD PRIMARY KEY (`SizeID`);

--
-- Indexes for table `species_tbl`
--
ALTER TABLE `species_tbl`
  ADD PRIMARY KEY (`SpeciesID`);

--
-- Indexes for table `temperature_tbl`
--
ALTER TABLE `temperature_tbl`
  ADD PRIMARY KEY (`TempID`);

--
-- Constraints for dumped tables
--

--
-- Constraints for table `item_genre_tbl`
--
ALTER TABLE `item_genre_tbl`
  ADD CONSTRAINT `item_genre_tbl_ibfk_1` FOREIGN KEY (`ItemID`) REFERENCES `item_tbl` (`ItemID`),
  ADD CONSTRAINT `item_genre_tbl_ibfk_2` FOREIGN KEY (`GenreID`) REFERENCES `genre_tbl` (`GenreID`);

--
-- Constraints for table `item_tbl`
--
ALTER TABLE `item_tbl`
  ADD CONSTRAINT `item_tbl_ibfk_1` FOREIGN KEY (`BrandID`) REFERENCES `brand_tbl` (`BrandID`),
  ADD CONSTRAINT `item_tbl_ibfk_2` FOREIGN KEY (`GenderID`) REFERENCES `gender_tbl` (`GenderID`),
  ADD CONSTRAINT `item_tbl_ibfk_3` FOREIGN KEY (`SpeciesID`) REFERENCES `species_tbl` (`SpeciesID`),
  ADD CONSTRAINT `item_tbl_ibfk_4` FOREIGN KEY (`GenusID`) REFERENCES `genus_tbl` (`GenusID`),
  ADD CONSTRAINT `item_tbl_ibfk_5` FOREIGN KEY (`MaterialID`) REFERENCES `material_tbl` (`MaterialID`),
  ADD CONSTRAINT `item_tbl_ibfk_6` FOREIGN KEY (`CountOrigID`) REFERENCES `country_origin_tbl` (`CountOrigID`),
  ADD CONSTRAINT `item_tbl_ibfk_7` FOREIGN KEY (`ColorID`) REFERENCES `color_tbl` (`ColorID`),
  ADD CONSTRAINT `item_tbl_ibfk_8` FOREIGN KEY (`SizeID`) REFERENCES `size_tbl` (`SizeID`),
  ADD CONSTRAINT `item_tbl_ibfk_9` FOREIGN KEY (`PatternID`) REFERENCES `pattern_tbl` (`PatternID`);

/*!40101 SET CHARACTER_SET_CLIENT=@OLD_CHARACTER_SET_CLIENT */;
/*!40101 SET CHARACTER_SET_RESULTS=@OLD_CHARACTER_SET_RESULTS */;
/*!40101 SET COLLATION_CONNECTION=@OLD_COLLATION_CONNECTION */;
